district,spring_id,date,rainfall_mm,discharge_lpm,forest_cover_index
Pauri Garhwal,PauriGarhwal_S1,2005-01-01,28.8,57.39,0.62
Pauri Garhwal,PauriGarhwal_S1,2005-02-01,33.3,45.4,0.62
Pauri Garhwal,PauriGarhwal_S1,2005-03-01,50.6,44.83,0.62
Pauri Garhwal,PauriGarhwal_S1,2005-04-01,52.9,51.82,0.62
Pauri Garhwal,PauriGarhwal_S1,2005-05-01,84.3,49.62,0.62
Pauri Garhwal,PauriGarhwal_S1,2005-06-01,253.5,52.92,0.62
Pauri Garhwal,PauriGarhwal_S1,2005-07-01,336.4,61.04,0.62
Pauri Garhwal,PauriGarhwal_S1,2005-08-01,313.3,77.6,0.62
Pauri Garhwal,PauriGarhwal_S1,2005-09-01,190.0,73.49,0.62
Pauri Garhwal,PauriGarhwal_S1,2005-10-01,100.7,57.19,0.62
Pauri Garhwal,PauriGarhwal_S1,2005-11-01,50.0,51.13,0.62
Pauri Garhwal,PauriGarhwal_S1,2005-12-01,47.3,48.3,0.62
Pauri Garhwal,PauriGarhwal_S1,2006-01-01,36.4,47.41,0.62
Pauri Garhwal,PauriGarhwal_S1,2006-02-01,32.7,45.49,0.62
Pauri Garhwal,PauriGarhwal_S1,2006-03-01,54.2,45.46,0.62
Pauri Garhwal,PauriGarhwal_S1,2006-04-01,64.8,46.86,0.62
Pauri Garhwal,PauriGarhwal_S1,2006-05-01,112.6,48.61,0.62
Pauri Garhwal,PauriGarhwal_S1,2006-06-01,279.5,56.14,0.62
Pauri Garhwal,PauriGarhwal_S1,2006-07-01,380.1,58.16,0.62
Pauri Garhwal,PauriGarhwal_S1,2006-08-01,331.6,74.41,0.62
Pauri Garhwal,PauriGarhwal_S1,2006-09-01,250.3,71.48,0.62
Pauri Garhwal,PauriGarhwal_S1,2006-10-01,103.9,64.53,0.62
Pauri Garhwal,PauriGarhwal_S1,2006-11-01,50.8,49.8,0.62
Pauri Garhwal,PauriGarhwal_S1,2006-12-01,51.1,41.97,0.62
Pauri Garhwal,PauriGarhwal_S1,2007-01-01,33.3,46.66,0.62
Pauri Garhwal,PauriGarhwal_S1,2007-02-01,33.5,48.06,0.62
Pauri Garhwal,PauriGarhwal_S1,2007-03-01,50.3,40.73,0.62
Pauri Garhwal,PauriGarhwal_S1,2007-04-01,75.9,47.37,0.62
Pauri Garhwal,PauriGarhwal_S1,2007-05-01,94.0,46.66,0.62
Pauri Garhwal,PauriGarhwal_S1,2007-06-01,248.5,48.68,0.62
Pauri Garhwal,PauriGarhwal_S1,2007-07-01,333.2,58.46,0.62
Pauri Garhwal,PauriGarhwal_S1,2007-08-01,339.9,67.48,0.62
Pauri Garhwal,PauriGarhwal_S1,2007-09-01,229.6,73.47,0.62
Pauri Garhwal,PauriGarhwal_S1,2007-10-01,96.3,61.3,0.62
Pauri Garhwal,PauriGarhwal_S1,2007-11-01,45.3,52.46,0.62
Pauri Garhwal,PauriGarhwal_S1,2007-12-01,45.4,46.48,0.62
Pauri Garhwal,PauriGarhwal_S1,2008-01-01,34.9,44.73,0.62
Pauri Garhwal,PauriGarhwal_S1,2008-02-01,34.4,46.5,0.62
Pauri Garhwal,PauriGarhwal_S1,2008-03-01,46.8,43.53,0.62
Pauri Garhwal,PauriGarhwal_S1,2008-04-01,67.1,45.28,0.62
Pauri Garhwal,PauriGarhwal_S1,2008-05-01,99.7,44.34,0.62
Pauri Garhwal,PauriGarhwal_S1,2008-06-01,268.0,47.69,0.62
Pauri Garhwal,PauriGarhwal_S1,2008-07-01,387.5,58.93,0.62
Pauri Garhwal,PauriGarhwal_S1,2008-08-01,335.2,74.04,0.62
Pauri Garhwal,PauriGarhwal_S1,2008-09-01,225.7,62.22,0.62
Pauri Garhwal,PauriGarhwal_S1,2008-10-01,99.3,59.33,0.62
Pauri Garhwal,PauriGarhwal_S1,2008-11-01,50.5,46.33,0.62
Pauri Garhwal,PauriGarhwal_S1,2008-12-01,51.9,45.23,0.62
Pauri Garhwal,PauriGarhwal_S1,2009-01-01,22.8,44.31,0.62
Pauri Garhwal,PauriGarhwal_S1,2009-02-01,22.6,43.93,0.62
Pauri Garhwal,PauriGarhwal_S1,2009-03-01,33.4,41.58,0.62
Pauri Garhwal,PauriGarhwal_S1,2009-04-01,45.9,37.64,0.62
Pauri Garhwal,PauriGarhwal_S1,2009-05-01,78.7,41.57,0.62
Pauri Garhwal,PauriGarhwal_S1,2009-06-01,174.6,41.58,0.62
Pauri Garhwal,PauriGarhwal_S1,2009-07-01,277.8,50.2,0.62
Pauri Garhwal,PauriGarhwal_S1,2009-08-01,202.9,63.93,0.62
Pauri Garhwal,PauriGarhwal_S1,2009-09-01,148.3,55.13,0.62
Pauri Garhwal,PauriGarhwal_S1,2009-10-01,71.2,47.31,0.62
Pauri Garhwal,PauriGarhwal_S1,2009-11-01,36.8,40.74,0.62
Pauri Garhwal,PauriGarhwal_S1,2009-12-01,37.2,40.19,0.62
Pauri Garhwal,PauriGarhwal_S1,2010-01-01,32.6,37.59,0.62
Pauri Garhwal,PauriGarhwal_S1,2010-02-01,32.3,38.23,0.62
Pauri Garhwal,PauriGarhwal_S1,2010-03-01,53.8,40.03,0.62
Pauri Garhwal,PauriGarhwal_S1,2010-04-01,66.1,43.3,0.62
Pauri Garhwal,PauriGarhwal_S1,2010-05-01,90.4,43.01,0.62
Pauri Garhwal,PauriGarhwal_S1,2010-06-01,244.2,38.48,0.62
Pauri Garhwal,PauriGarhwal_S1,2010-07-01,342.1,55.77,0.62
Pauri Garhwal,PauriGarhwal_S1,2010-08-01,349.1,62.35,0.62
Pauri Garhwal,PauriGarhwal_S1,2010-09-01,220.7,63.75,0.62
Pauri Garhwal,PauriGarhwal_S1,2010-10-01,106.3,56.92,0.62
Pauri Garhwal,PauriGarhwal_S1,2010-11-01,48.6,39.44,0.62
Pauri Garhwal,PauriGarhwal_S1,2010-12-01,51.0,38.39,0.62
Pauri Garhwal,PauriGarhwal_S1,2011-01-01,32.0,40.78,0.62
Pauri Garhwal,PauriGarhwal_S1,2011-02-01,34.0,35.07,0.62
Pauri Garhwal,PauriGarhwal_S1,2011-03-01,46.6,40.93,0.62
Pauri Garhwal,PauriGarhwal_S1,2011-04-01,63.7,39.64,0.62
Pauri Garhwal,PauriGarhwal_S1,2011-05-01,95.4,41.75,0.62
Pauri Garhwal,PauriGarhwal_S1,2011-06-01,237.4,41.04,0.62
Pauri Garhwal,PauriGarhwal_S1,2011-07-01,375.0,54.58,0.62
Pauri Garhwal,PauriGarhwal_S1,2011-08-01,315.8,65.6,0.62
Pauri Garhwal,PauriGarhwal_S1,2011-09-01,213.5,58.47,0.62
Pauri Garhwal,PauriGarhwal_S1,2011-10-01,102.2,50.84,0.62
Pauri Garhwal,PauriGarhwal_S1,2011-11-01,51.0,42.66,0.62
Pauri Garhwal,PauriGarhwal_S1,2011-12-01,51.8,36.64,0.62
Pauri Garhwal,PauriGarhwal_S1,2012-01-01,28.6,37.96,0.62
Pauri Garhwal,PauriGarhwal_S1,2012-02-01,29.4,36.18,0.62
Pauri Garhwal,PauriGarhwal_S1,2012-03-01,38.4,37.11,0.62
Pauri Garhwal,PauriGarhwal_S1,2012-04-01,52.3,38.78,0.62
Pauri Garhwal,PauriGarhwal_S1,2012-05-01,79.3,35.8,0.62
Pauri Garhwal,PauriGarhwal_S1,2012-06-01,217.6,39.34,0.62
Pauri Garhwal,PauriGarhwal_S1,2012-07-01,335.5,52.81,0.62
Pauri Garhwal,PauriGarhwal_S1,2012-08-01,274.2,55.13,0.62
Pauri Garhwal,PauriGarhwal_S1,2012-09-01,186.3,50.64,0.62
Pauri Garhwal,PauriGarhwal_S1,2012-10-01,97.9,47.01,0.62
Pauri Garhwal,PauriGarhwal_S1,2012-11-01,43.1,41.97,0.62
Pauri Garhwal,PauriGarhwal_S1,2012-12-01,47.0,36.38,0.62
Pauri Garhwal,PauriGarhwal_S1,2013-01-01,25.4,38.95,0.62
Pauri Garhwal,PauriGarhwal_S1,2013-02-01,23.8,36.42,0.62
Pauri Garhwal,PauriGarhwal_S1,2013-03-01,37.6,36.17,0.62
Pauri Garhwal,PauriGarhwal_S1,2013-04-01,55.1,36.53,0.62
Pauri Garhwal,PauriGarhwal_S1,2013-05-01,66.7,40.89,0.62
Pauri Garhwal,PauriGarhwal_S1,2013-06-01,213.6,36.92,0.62
Pauri Garhwal,PauriGarhwal_S1,2013-07-01,289.2,42.4,0.62
Pauri Garhwal,PauriGarhwal_S1,2013-08-01,245.7,56.24,0.62
Pauri Garhwal,PauriGarhwal_S1,2013-09-01,148.3,47.87,0.62
Pauri Garhwal,PauriGarhwal_S1,2013-10-01,77.8,42.54,0.62
Pauri Garhwal,PauriGarhwal_S1,2013-11-01,37.1,39.93,0.62
Pauri Garhwal,PauriGarhwal_S1,2013-12-01,39.4,31.87,0.62
Pauri Garhwal,PauriGarhwal_S1,2014-01-01,34.0,32.53,0.62
Pauri Garhwal,PauriGarhwal_S1,2014-02-01,29.5,31.49,0.62
Pauri Garhwal,PauriGarhwal_S1,2014-03-01,41.5,32.49,0.62
Pauri Garhwal,PauriGarhwal_S1,2014-04-01,61.1,35.27,0.62
Pauri Garhwal,PauriGarhwal_S1,2014-05-01,91.9,36.63,0.62
Pauri Garhwal,PauriGarhwal_S1,2014-06-01,267.0,38.12,0.62
Pauri Garhwal,PauriGarhwal_S1,2014-07-01,353.2,45.44,0.62
Pauri Garhwal,PauriGarhwal_S1,2014-08-01,309.6,48.07,0.62
Pauri Garhwal,PauriGarhwal_S1,2014-09-01,218.5,51.49,0.62
Pauri Garhwal,PauriGarhwal_S1,2014-10-01,81.7,44.25,0.62
Pauri Garhwal,PauriGarhwal_S1,2014-11-01,42.8,37.21,0.62
Pauri Garhwal,PauriGarhwal_S1,2014-12-01,41.8,34.95,0.62
Pauri Garhwal,PauriGarhwal_S1,2015-01-01,25.1,33.83,0.62
Pauri Garhwal,PauriGarhwal_S1,2015-02-01,29.7,33.66,0.62
Pauri Garhwal,PauriGarhwal_S1,2015-03-01,41.6,32.99,0.62
Pauri Garhwal,PauriGarhwal_S1,2015-04-01,49.8,34.16,0.62
Pauri Garhwal,PauriGarhwal_S1,2015-05-01,77.9,32.51,0.62
Pauri Garhwal,PauriGarhwal_S1,2015-06-01,231.6,35.04,0.62
Pauri Garhwal,PauriGarhwal_S1,2015-07-01,331.5,45.35,0.62
Pauri Garhwal,PauriGarhwal_S1,2015-08-01,327.6,53.12,0.62
Pauri Garhwal,PauriGarhwal_S1,2015-09-01,226.4,49.62,0.62
Pauri Garhwal,PauriGarhwal_S1,2015-10-01,87.5,45.32,0.62
Pauri Garhwal,PauriGarhwal_S1,2015-11-01,39.0,34.95,0.62
Pauri Garhwal,PauriGarhwal_S1,2015-12-01,35.1,32.12,0.62
Pauri Garhwal,PauriGarhwal_S1,2016-01-01,29.2,33.3,0.62
Pauri Garhwal,PauriGarhwal_S1,2016-02-01,30.2,28.37,0.62
Pauri Garhwal,PauriGarhwal_S1,2016-03-01,44.5,29.43,0.62
Pauri Garhwal,PauriGarhwal_S1,2016-04-01,61.7,29.86,0.62
Pauri Garhwal,PauriGarhwal_S1,2016-05-01,101.6,29.33,0.62
Pauri Garhwal,PauriGarhwal_S1,2016-06-01,252.8,34.32,0.62
Pauri Garhwal,PauriGarhwal_S1,2016-07-01,338.9,46.23,0.62
Pauri Garhwal,PauriGarhwal_S1,2016-08-01,286.2,48.92,0.62
Pauri Garhwal,PauriGarhwal_S1,2016-09-01,175.7,46.76,0.62
Pauri Garhwal,PauriGarhwal_S1,2016-10-01,90.0,41.68,0.62
Pauri Garhwal,PauriGarhwal_S1,2016-11-01,46.6,36.56,0.62
Pauri Garhwal,PauriGarhwal_S1,2016-12-01,53.4,31.49,0.62
Pauri Garhwal,PauriGarhwal_S1,2017-01-01,33.0,34.06,0.62
Pauri Garhwal,PauriGarhwal_S1,2017-02-01,29.4,30.74,0.62
Pauri Garhwal,PauriGarhwal_S1,2017-03-01,41.5,29.02,0.62
Pauri Garhwal,PauriGarhwal_S1,2017-04-01,56.4,29.99,0.62
Pauri Garhwal,PauriGarhwal_S1,2017-05-01,86.4,29.35,0.62
Pauri Garhwal,PauriGarhwal_S1,2017-06-01,286.4,31.87,0.62
Pauri Garhwal,PauriGarhwal_S1,2017-07-01,314.3,44.11,0.62
Pauri Garhwal,PauriGarhwal_S1,2017-08-01,326.4,48.27,0.62
Pauri Garhwal,PauriGarhwal_S1,2017-09-01,184.4,51.0,0.62
Pauri Garhwal,PauriGarhwal_S1,2017-10-01,98.6,35.94,0.62
Pauri Garhwal,PauriGarhwal_S1,2017-11-01,47.3,34.2,0.62
Pauri Garhwal,PauriGarhwal_S1,2017-12-01,45.3,28.91,0.62
Pauri Garhwal,PauriGarhwal_S1,2018-01-01,28.3,31.0,0.62
Pauri Garhwal,PauriGarhwal_S1,2018-02-01,30.9,29.03,0.62
Pauri Garhwal,PauriGarhwal_S1,2018-03-01,43.1,26.6,0.62
Pauri Garhwal,PauriGarhwal_S1,2018-04-01,53.8,31.27,0.62
Pauri Garhwal,PauriGarhwal_S1,2018-05-01,80.3,29.48,0.62
Pauri Garhwal,PauriGarhwal_S1,2018-06-01,241.8,30.95,0.62
Pauri Garhwal,PauriGarhwal_S1,2018-07-01,369.4,38.6,0.62
Pauri Garhwal,PauriGarhwal_S1,2018-08-01,302.0,46.25,0.62
Pauri Garhwal,PauriGarhwal_S1,2018-09-01,192.0,44.84,0.62
Pauri Garhwal,PauriGarhwal_S1,2018-10-01,91.5,37.28,0.62
Pauri Garhwal,PauriGarhwal_S1,2018-11-01,49.4,32.46,0.62
Pauri Garhwal,PauriGarhwal_S1,2018-12-01,45.5,30.04,0.62
Pauri Garhwal,PauriGarhwal_S1,2019-01-01,30.6,31.13,0.62
Pauri Garhwal,PauriGarhwal_S1,2019-02-01,29.1,27.81,0.62
Pauri Garhwal,PauriGarhwal_S1,2019-03-01,47.4,26.05,0.62
Pauri Garhwal,PauriGarhwal_S1,2019-04-01,57.1,30.59,0.62
Pauri Garhwal,PauriGarhwal_S1,2019-05-01,76.2,28.99,0.62
Pauri Garhwal,PauriGarhwal_S1,2019-06-01,200.6,32.12,0.62
Pauri Garhwal,PauriGarhwal_S1,2019-07-01,350.6,37.78,0.62
Pauri Garhwal,PauriGarhwal_S1,2019-08-01,320.3,44.77,0.62
Pauri Garhwal,PauriGarhwal_S1,2019-09-01,180.4,44.05,0.62
Pauri Garhwal,PauriGarhwal_S1,2019-10-01,81.9,39.13,0.62
Pauri Garhwal,PauriGarhwal_S1,2019-11-01,47.2,33.41,0.62
Pauri Garhwal,PauriGarhwal_S1,2019-12-01,38.5,28.42,0.62
Pauri Garhwal,PauriGarhwal_S1,2020-01-01,27.3,28.0,0.62
Pauri Garhwal,PauriGarhwal_S1,2020-02-01,25.2,28.55,0.62
Pauri Garhwal,PauriGarhwal_S1,2020-03-01,38.9,25.76,0.62
Pauri Garhwal,PauriGarhwal_S1,2020-04-01,51.3,28.0,0.62
Pauri Garhwal,PauriGarhwal_S1,2020-05-01,80.0,28.07,0.62
Pauri Garhwal,PauriGarhwal_S1,2020-06-01,231.2,29.99,0.62
Pauri Garhwal,PauriGarhwal_S1,2020-07-01,287.8,35.78,0.62
Pauri Garhwal,PauriGarhwal_S1,2020-08-01,273.1,36.98,0.62
Pauri Garhwal,PauriGarhwal_S1,2020-09-01,141.1,35.21,0.62
Pauri Garhwal,PauriGarhwal_S1,2020-10-01,77.6,30.52,0.62
Pauri Garhwal,PauriGarhwal_S1,2020-11-01,36.3,28.29,0.62
Pauri Garhwal,PauriGarhwal_S1,2020-12-01,35.2,26.35,0.62
Pauri Garhwal,PauriGarhwal_S1,2021-01-01,25.4,29.17,0.62
Pauri Garhwal,PauriGarhwal_S1,2021-02-01,28.0,27.45,0.62
Pauri Garhwal,PauriGarhwal_S1,2021-03-01,34.9,24.81,0.62
Pauri Garhwal,PauriGarhwal_S1,2021-04-01,52.2,26.8,0.62
Pauri Garhwal,PauriGarhwal_S1,2021-05-01,75.1,26.59,0.62
Pauri Garhwal,PauriGarhwal_S1,2021-06-01,202.9,27.81,0.62
Pauri Garhwal,PauriGarhwal_S1,2021-07-01,309.5,34.88,0.62
Pauri Garhwal,PauriGarhwal_S1,2021-08-01,271.7,41.04,0.62
Pauri Garhwal,PauriGarhwal_S1,2021-09-01,187.4,37.15,0.62
Pauri Garhwal,PauriGarhwal_S1,2021-10-01,77.2,35.25,0.62
Pauri Garhwal,PauriGarhwal_S1,2021-11-01,36.9,26.29,0.62
Pauri Garhwal,PauriGarhwal_S1,2021-12-01,38.4,25.81,0.62
Pauri Garhwal,PauriGarhwal_S1,2022-01-01,31.5,29.15,0.62
Pauri Garhwal,PauriGarhwal_S1,2022-02-01,28.4,25.66,0.62
Pauri Garhwal,PauriGarhwal_S1,2022-03-01,47.0,26.95,0.62
Pauri Garhwal,PauriGarhwal_S1,2022-04-01,63.3,26.1,0.62
Pauri Garhwal,PauriGarhwal_S1,2022-05-01,112.1,27.47,0.62
Pauri Garhwal,PauriGarhwal_S1,2022-06-01,286.1,28.91,0.62
Pauri Garhwal,PauriGarhwal_S1,2022-07-01,318.7,37.03,0.62
Pauri Garhwal,PauriGarhwal_S1,2022-08-01,303.8,37.3,0.62
Pauri Garhwal,PauriGarhwal_S1,2022-09-01,178.4,38.79,0.62
Pauri Garhwal,PauriGarhwal_S1,2022-10-01,88.9,30.47,0.62
Pauri Garhwal,PauriGarhwal_S1,2022-11-01,47.8,28.35,0.62
Pauri Garhwal,PauriGarhwal_S1,2022-12-01,51.1,26.77,0.62
Pauri Garhwal,PauriGarhwal_S1,2023-01-01,25.3,25.94,0.62
Pauri Garhwal,PauriGarhwal_S1,2023-02-01,22.1,23.82,0.62
Pauri Garhwal,PauriGarhwal_S1,2023-03-01,39.6,24.49,0.62
Pauri Garhwal,PauriGarhwal_S1,2023-04-01,48.9,24.31,0.62
Pauri Garhwal,PauriGarhwal_S1,2023-05-01,76.8,26.23,0.62
Pauri Garhwal,PauriGarhwal_S1,2023-06-01,198.8,23.88,0.62
Pauri Garhwal,PauriGarhwal_S1,2023-07-01,291.7,31.38,0.62
Pauri Garhwal,PauriGarhwal_S1,2023-08-01,229.6,32.55,0.62
Pauri Garhwal,PauriGarhwal_S1,2023-09-01,153.3,30.68,0.62
Pauri Garhwal,PauriGarhwal_S1,2023-10-01,93.8,31.53,0.62
Pauri Garhwal,PauriGarhwal_S1,2023-11-01,36.0,27.87,0.62
Pauri Garhwal,PauriGarhwal_S1,2023-12-01,36.6,23.07,0.62
Pauri Garhwal,PauriGarhwal_S1,2024-01-01,47.2,22.09,0.62
Pauri Garhwal,PauriGarhwal_S1,2024-02-01,34.7,20.69,0.62
Pauri Garhwal,PauriGarhwal_S1,2024-03-01,55.7,23.01,0.62
Pauri Garhwal,PauriGarhwal_S1,2024-04-01,78.6,27.5,0.62
Pauri Garhwal,PauriGarhwal_S1,2024-05-01,130.7,26.05,0.62
Pauri Garhwal,PauriGarhwal_S1,2024-06-01,282.0,27.0,0.62
Pauri Garhwal,PauriGarhwal_S1,2024-07-01,412.7,35.31,0.62
Pauri Garhwal,PauriGarhwal_S1,2024-08-01,406.5,37.14,0.62
Pauri Garhwal,PauriGarhwal_S1,2024-09-01,257.4,39.29,0.62
Pauri Garhwal,PauriGarhwal_S1,2024-10-01,111.3,33.26,0.62
Pauri Garhwal,PauriGarhwal_S1,2024-11-01,56.8,26.38,0.62
Pauri Garhwal,PauriGarhwal_S1,2024-12-01,51.1,24.94,0.62
Pauri Garhwal,PauriGarhwal_S1,2025-01-01,28.3,24.07,0.62
Pauri Garhwal,PauriGarhwal_S1,2025-02-01,29.5,23.34,0.62
Pauri Garhwal,PauriGarhwal_S1,2025-03-01,41.5,21.79,0.62
Pauri Garhwal,PauriGarhwal_S1,2025-04-01,60.0,24.06,0.62
Pauri Garhwal,PauriGarhwal_S1,2025-05-01,93.8,25.7,0.62
Pauri Garhwal,PauriGarhwal_S1,2025-06-01,234.3,23.94,0.62
Pauri Garhwal,PauriGarhwal_S1,2025-07-01,327.2,29.81,0.62
Pauri Garhwal,PauriGarhwal_S1,2025-08-01,290.5,37.47,0.62
Pauri Garhwal,PauriGarhwal_S1,2025-09-01,188.0,33.11,0.62
Pauri Garhwal,PauriGarhwal_S1,2025-10-01,81.8,30.94,0.62
Pauri Garhwal,PauriGarhwal_S1,2025-11-01,44.5,23.73,0.62
Pauri Garhwal,PauriGarhwal_S1,2025-12-01,43.1,24.24,0.62
Pauri Garhwal,PauriGarhwal_S2,2005-01-01,28.8,49.29,0.62
Pauri Garhwal,PauriGarhwal_S2,2005-02-01,33.3,37.65,0.62
Pauri Garhwal,PauriGarhwal_S2,2005-03-01,50.6,36.77,0.62
Pauri Garhwal,PauriGarhwal_S2,2005-04-01,52.9,38.89,0.62
Pauri Garhwal,PauriGarhwal_S2,2005-05-01,84.3,40.76,0.62
Pauri Garhwal,PauriGarhwal_S2,2005-06-01,253.5,38.79,0.62
Pauri Garhwal,PauriGarhwal_S2,2005-07-01,336.4,56.23,0.62
Pauri Garhwal,PauriGarhwal_S2,2005-08-01,313.3,58.84,0.62
Pauri Garhwal,PauriGarhwal_S2,2005-09-01,190.0,61.99,0.62
Pauri Garhwal,PauriGarhwal_S2,2005-10-01,100.7,43.51,0.62
Pauri Garhwal,PauriGarhwal_S2,2005-11-01,50.0,41.09,0.62
Pauri Garhwal,PauriGarhwal_S2,2005-12-01,47.3,35.68,0.62
Pauri Garhwal,PauriGarhwal_S2,2006-01-01,36.4,37.07,0.62
Pauri Garhwal,PauriGarhwal_S2,2006-02-01,32.7,38.25,0.62
Pauri Garhwal,PauriGarhwal_S2,2006-03-01,54.2,37.08,0.62
Pauri Garhwal,PauriGarhwal_S2,2006-04-01,64.8,38.39,0.62
Pauri Garhwal,PauriGarhwal_S2,2006-05-01,112.6,39.24,0.62
Pauri Garhwal,PauriGarhwal_S2,2006-06-01,279.5,43.34,0.62
Pauri Garhwal,PauriGarhwal_S2,2006-07-01,380.1,52.01,0.62
Pauri Garhwal,PauriGarhwal_S2,2006-08-01,331.6,64.04,0.62
Pauri Garhwal,PauriGarhwal_S2,2006-09-01,250.3,60.16,0.62
Pauri Garhwal,PauriGarhwal_S2,2006-10-01,103.9,53.3,0.62
Pauri Garhwal,PauriGarhwal_S2,2006-11-01,50.8,42.92,0.62
Pauri Garhwal,PauriGarhwal_S2,2006-12-01,51.1,38.45,0.62
Pauri Garhwal,PauriGarhwal_S2,2007-01-01,33.3,41.67,0.62
Pauri Garhwal,PauriGarhwal_S2,2007-02-01,33.5,36.31,0.62
Pauri Garhwal,PauriGarhwal_S2,2007-03-01,50.3,35.83,0.62
Pauri Garhwal,PauriGarhwal_S2,2007-04-01,75.9,36.07,0.62
Pauri Garhwal,PauriGarhwal_S2,2007-05-01,94.0,37.16,0.62
Pauri Garhwal,PauriGarhwal_S2,2007-06-01,248.5,37.85,0.62
Pauri Garhwal,PauriGarhwal_S2,2007-07-01,333.2,48.76,0.62
Pauri Garhwal,PauriGarhwal_S2,2007-08-01,339.9,56.59,0.62
Pauri Garhwal,PauriGarhwal_S2,2007-09-01,229.6,58.08,0.62
Pauri Garhwal,PauriGarhwal_S2,2007-10-01,96.3,49.47,0.62
Pauri Garhwal,PauriGarhwal_S2,2007-11-01,45.3,38.49,0.62
Pauri Garhwal,PauriGarhwal_S2,2007-12-01,45.4,38.05,0.62
Pauri Garhwal,PauriGarhwal_S2,2008-01-01,34.9,37.67,0.62
Pauri Garhwal,PauriGarhwal_S2,2008-02-01,34.4,35.24,0.62
Pauri Garhwal,PauriGarhwal_S2,2008-03-01,46.8,34.24,0.62
Pauri Garhwal,PauriGarhwal_S2,2008-04-01,67.1,37.15,0.62
Pauri Garhwal,PauriGarhwal_S2,2008-05-01,99.7,37.8,0.62
Pauri Garhwal,PauriGarhwal_S2,2008-06-01,268.0,36.71,0.62
Pauri Garhwal,PauriGarhwal_S2,2008-07-01,387.5,50.7,0.62
Pauri Garhwal,PauriGarhwal_S2,2008-08-01,335.2,59.58,0.62
Pauri Garhwal,PauriGarhwal_S2,2008-09-01,225.7,52.66,0.62
Pauri Garhwal,PauriGarhwal_S2,2008-10-01,99.3,48.1,0.62
Pauri Garhwal,PauriGarhwal_S2,2008-11-01,50.5,36.22,0.62
Pauri Garhwal,PauriGarhwal_S2,2008-12-01,51.9,38.09,0.62
Pauri Garhwal,PauriGarhwal_S2,2009-01-01,22.8,37.94,0.62
Pauri Garhwal,PauriGarhwal_S2,2009-02-01,22.6,33.26,0.62
Pauri Garhwal,PauriGarhwal_S2,2009-03-01,33.4,34.2,0.62
Pauri Garhwal,PauriGarhwal_S2,2009-04-01,45.9,30.1,0.62
Pauri Garhwal,PauriGarhwal_S2,2009-05-01,78.7,32.94,0.62
Pauri Garhwal,PauriGarhwal_S2,2009-06-01,174.6,36.5,0.62
Pauri Garhwal,PauriGarhwal_S2,2009-07-01,277.8,40.93,0.62
Pauri Garhwal,PauriGarhwal_S2,2009-08-01,202.9,51.7,0.62
Pauri Garhwal,PauriGarhwal_S2,2009-09-01,148.3,49.37,0.62
Pauri Garhwal,PauriGarhwal_S2,2009-10-01,71.2,38.79,0.62
Pauri Garhwal,PauriGarhwal_S2,2009-11-01,36.8,34.59,0.62
Pauri Garhwal,PauriGarhwal_S2,2009-12-01,37.2,34.18,0.62
Pauri Garhwal,PauriGarhwal_S2,2010-01-01,32.6,36.43,0.62
Pauri Garhwal,PauriGarhwal_S2,2010-02-01,32.3,31.3,0.62
Pauri Garhwal,PauriGarhwal_S2,2010-03-01,53.8,33.65,0.62
Pauri Garhwal,PauriGarhwal_S2,2010-04-01,66.1,37.69,0.62
Pauri Garhwal,PauriGarhwal_S2,2010-05-01,90.4,32.33,0.62
Pauri Garhwal,PauriGarhwal_S2,2010-06-01,244.2,34.36,0.62
Pauri Garhwal,PauriGarhwal_S2,2010-07-01,342.1,45.46,0.62
Pauri Garhwal,PauriGarhwal_S2,2010-08-01,349.1,51.19,0.62
Pauri Garhwal,PauriGarhwal_S2,2010-09-01,220.7,55.02,0.62
Pauri Garhwal,PauriGarhwal_S2,2010-10-01,106.3,45.15,0.62
Pauri Garhwal,PauriGarhwal_S2,2010-11-01,48.6,33.96,0.62
Pauri Garhwal,PauriGarhwal_S2,2010-12-01,51.0,34.41,0.62
Pauri Garhwal,PauriGarhwal_S2,2011-01-01,32.0,32.64,0.62
Pauri Garhwal,PauriGarhwal_S2,2011-02-01,34.0,34.4,0.62
Pauri Garhwal,PauriGarhwal_S2,2011-03-01,46.6,31.37,0.62
Pauri Garhwal,PauriGarhwal_S2,2011-04-01,63.7,32.04,0.62
Pauri Garhwal,PauriGarhwal_S2,2011-05-01,95.4,35.0,0.62
Pauri Garhwal,PauriGarhwal_S2,2011-06-01,237.4,37.33,0.62
Pauri Garhwal,PauriGarhwal_S2,2011-07-01,375.0,45.67,0.62
Pauri Garhwal,PauriGarhwal_S2,2011-08-01,315.8,48.6,0.62
Pauri Garhwal,PauriGarhwal_S2,2011-09-01,213.5,50.61,0.62
Pauri Garhwal,PauriGarhwal_S2,2011-10-01,102.2,40.66,0.62
Pauri Garhwal,PauriGarhwal_S2,2011-11-01,51.0,36.36,0.62
Pauri Garhwal,PauriGarhwal_S2,2011-12-01,51.8,30.38,0.62
Pauri Garhwal,PauriGarhwal_S2,2012-01-01,28.6,33.41,0.62
Pauri Garhwal,PauriGarhwal_S2,2012-02-01,29.4,29.93,0.62
Pauri Garhwal,PauriGarhwal_S2,2012-03-01,38.4,29.16,0.62
Pauri Garhwal,PauriGarhwal_S2,2012-04-01,52.3,32.76,0.62
Pauri Garhwal,PauriGarhwal_S2,2012-05-01,79.3,32.78,0.62
Pauri Garhwal,PauriGarhwal_S2,2012-06-01,217.6,32.9,0.62
Pauri Garhwal,PauriGarhwal_S2,2012-07-01,335.5,45.24,0.62
Pauri Garhwal,PauriGarhwal_S2,2012-08-01,274.2,48.07,0.62
Pauri Garhwal,PauriGarhwal_S2,2012-09-01,186.3,45.44,0.62
Pauri Garhwal,PauriGarhwal_S2,2012-10-01,97.9,40.54,0.62
Pauri Garhwal,PauriGarhwal_S2,2012-11-01,43.1,33.56,0.62
Pauri Garhwal,PauriGarhwal_S2,2012-12-01,47.0,32.03,0.62
Pauri Garhwal,PauriGarhwal_S2,2013-01-01,25.4,30.61,0.62
Pauri Garhwal,PauriGarhwal_S2,2013-02-01,23.8,29.47,0.62
Pauri Garhwal,PauriGarhwal_S2,2013-03-01,37.6,31.97,0.62
Pauri Garhwal,PauriGarhwal_S2,2013-04-01,55.1,29.07,0.62
Pauri Garhwal,PauriGarhwal_S2,2013-05-01,66.7,27.8,0.62
Pauri Garhwal,PauriGarhwal_S2,2013-06-01,213.6,34.82,0.62
Pauri Garhwal,PauriGarhwal_S2,2013-07-01,289.2,45.91,0.62
Pauri Garhwal,PauriGarhwal_S2,2013-08-01,245.7,44.12,0.62
Pauri Garhwal,PauriGarhwal_S2,2013-09-01,148.3,38.29,0.62
Pauri Garhwal,PauriGarhwal_S2,2013-10-01,77.8,36.07,0.62
Pauri Garhwal,PauriGarhwal_S2,2013-11-01,37.1,32.01,0.62
Pauri Garhwal,PauriGarhwal_S2,2013-12-01,39.4,29.75,0.62
Pauri Garhwal,PauriGarhwal_S2,2014-01-01,34.0,28.43,0.62
Pauri Garhwal,PauriGarhwal_S2,2014-02-01,29.5,30.57,0.62
Pauri Garhwal,PauriGarhwal_S2,2014-03-01,41.5,30.16,0.62
Pauri Garhwal,PauriGarhwal_S2,2014-04-01,61.1,27.75,0.62
Pauri Garhwal,PauriGarhwal_S2,2014-05-01,91.9,32.13,0.62
Pauri Garhwal,PauriGarhwal_S2,2014-06-01,267.0,36.08,0.62
Pauri Garhwal,PauriGarhwal_S2,2014-07-01,353.2,42.94,0.62
Pauri Garhwal,PauriGarhwal_S2,2014-08-01,309.6,46.55,0.62
Pauri Garhwal,PauriGarhwal_S2,2014-09-01,218.5,44.45,0.62
Pauri Garhwal,PauriGarhwal_S2,2014-10-01,81.7,40.75,0.62
Pauri Garhwal,PauriGarhwal_S2,2014-11-01,42.8,29.0,0.62
Pauri Garhwal,PauriGarhwal_S2,2014-12-01,41.8,29.73,0.62
Pauri Garhwal,PauriGarhwal_S2,2015-01-01,25.1,28.79,0.62
Pauri Garhwal,PauriGarhwal_S2,2015-02-01,29.7,30.98,0.62
Pauri Garhwal,PauriGarhwal_S2,2015-03-01,41.6,28.29,0.62
Pauri Garhwal,PauriGarhwal_S2,2015-04-01,49.8,31.56,0.62
Pauri Garhwal,PauriGarhwal_S2,2015-05-01,77.9,27.89,0.62
Pauri Garhwal,PauriGarhwal_S2,2015-06-01,231.6,31.9,0.62
Pauri Garhwal,PauriGarhwal_S2,2015-07-01,331.5,40.02,0.62
Pauri Garhwal,PauriGarhwal_S2,2015-08-01,327.6,42.84,0.62
Pauri Garhwal,PauriGarhwal_S2,2015-09-01,226.4,44.85,0.62
Pauri Garhwal,PauriGarhwal_S2,2015-10-01,87.5,41.17,0.62
Pauri Garhwal,PauriGarhwal_S2,2015-11-01,39.0,30.64,0.62
Pauri Garhwal,PauriGarhwal_S2,2015-12-01,35.1,26.02,0.62
Pauri Garhwal,PauriGarhwal_S2,2016-01-01,29.2,28.12,0.62
Pauri Garhwal,PauriGarhwal_S2,2016-02-01,30.2,26.5,0.62
Pauri Garhwal,PauriGarhwal_S2,2016-03-01,44.5,27.27,0.62
Pauri Garhwal,PauriGarhwal_S2,2016-04-01,61.7,28.33,0.62
Pauri Garhwal,PauriGarhwal_S2,2016-05-01,101.6,26.8,0.62
Pauri Garhwal,PauriGarhwal_S2,2016-06-01,252.8,28.83,0.62
Pauri Garhwal,PauriGarhwal_S2,2016-07-01,338.9,40.33,0.62
Pauri Garhwal,PauriGarhwal_S2,2016-08-01,286.2,42.73,0.62
Pauri Garhwal,PauriGarhwal_S2,2016-09-01,175.7,35.71,0.62
Pauri Garhwal,PauriGarhwal_S2,2016-10-01,90.0,36.37,0.62
Pauri Garhwal,PauriGarhwal_S2,2016-11-01,46.6,30.78,0.62
Pauri Garhwal,PauriGarhwal_S2,2016-12-01,53.4,27.0,0.62
Pauri Garhwal,PauriGarhwal_S2,2017-01-01,33.0,26.43,0.62
Pauri Garhwal,PauriGarhwal_S2,2017-02-01,29.4,28.28,0.62
Pauri Garhwal,PauriGarhwal_S2,2017-03-01,41.5,27.36,0.62
Pauri Garhwal,PauriGarhwal_S2,2017-04-01,56.4,30.74,0.62
Pauri Garhwal,PauriGarhwal_S2,2017-05-01,86.4,28.77,0.62
Pauri Garhwal,PauriGarhwal_S2,2017-06-01,286.4,30.24,0.62
Pauri Garhwal,PauriGarhwal_S2,2017-07-01,314.3,39.64,0.62
Pauri Garhwal,PauriGarhwal_S2,2017-08-01,326.4,43.02,0.62
Pauri Garhwal,PauriGarhwal_S2,2017-09-01,184.4,43.16,0.62
Pauri Garhwal,PauriGarhwal_S2,2017-10-01,98.6,36.59,0.62
Pauri Garhwal,PauriGarhwal_S2,2017-11-01,47.3,29.15,0.62
Pauri Garhwal,PauriGarhwal_S2,2017-12-01,45.3,26.63,0.62
Pauri Garhwal,PauriGarhwal_S2,2018-01-01,28.3,26.41,0.62
Pauri Garhwal,PauriGarhwal_S2,2018-02-01,30.9,27.15,0.62
Pauri Garhwal,PauriGarhwal_S2,2018-03-01,43.1,28.15,0.62
Pauri Garhwal,PauriGarhwal_S2,2018-04-01,53.8,26.13,0.62
Pauri Garhwal,PauriGarhwal_S2,2018-05-01,80.3,26.64,0.62
Pauri Garhwal,PauriGarhwal_S2,2018-06-01,241.8,28.94,0.62
Pauri Garhwal,PauriGarhwal_S2,2018-07-01,369.4,36.12,0.62
Pauri Garhwal,PauriGarhwal_S2,2018-08-01,302.0,44.94,0.62
Pauri Garhwal,PauriGarhwal_S2,2018-09-01,192.0,34.97,0.62
Pauri Garhwal,PauriGarhwal_S2,2018-10-01,91.5,32.41,0.62
Pauri Garhwal,PauriGarhwal_S2,2018-11-01,49.4,27.59,0.62
Pauri Garhwal,PauriGarhwal_S2,2018-12-01,45.5,23.46,0.62
Pauri Garhwal,PauriGarhwal_S2,2019-01-01,30.6,25.02,0.62
Pauri Garhwal,PauriGarhwal_S2,2019-02-01,29.1,24.32,0.62
Pauri Garhwal,PauriGarhwal_S2,2019-03-01,47.4,25.09,0.62
Pauri Garhwal,PauriGarhwal_S2,2019-04-01,57.1,27.64,0.62
Pauri Garhwal,PauriGarhwal_S2,2019-05-01,76.2,26.27,0.62
Pauri Garhwal,PauriGarhwal_S2,2019-06-01,200.6,26.05,0.62
Pauri Garhwal,PauriGarhwal_S2,2019-07-01,350.6,33.4,0.62
Pauri Garhwal,PauriGarhwal_S2,2019-08-01,320.3,42.87,0.62
Pauri Garhwal,PauriGarhwal_S2,2019-09-01,180.4,37.25,0.62
Pauri Garhwal,PauriGarhwal_S2,2019-10-01,81.9,30.79,0.62
Pauri Garhwal,PauriGarhwal_S2,2019-11-01,47.2,28.17,0.62
Pauri Garhwal,PauriGarhwal_S2,2019-12-01,38.5,25.38,0.62
Pauri Garhwal,PauriGarhwal_S2,2020-01-01,27.3,26.0,0.62
Pauri Garhwal,PauriGarhwal_S2,2020-02-01,25.2,24.56,0.62
Pauri Garhwal,PauriGarhwal_S2,2020-03-01,38.9,25.27,0.62
Pauri Garhwal,PauriGarhwal_S2,2020-04-01,51.3,23.72,0.62
Pauri Garhwal,PauriGarhwal_S2,2020-05-01,80.0,25.53,0.62
Pauri Garhwal,PauriGarhwal_S2,2020-06-01,231.2,26.57,0.62
Pauri Garhwal,PauriGarhwal_S2,2020-07-01,287.8,31.91,0.62
Pauri Garhwal,PauriGarhwal_S2,2020-08-01,273.1,33.72,0.62
Pauri Garhwal,PauriGarhwal_S2,2020-09-01,141.1,37.02,0.62
Pauri Garhwal,PauriGarhwal_S2,2020-10-01,77.6,28.96,0.62
Pauri Garhwal,PauriGarhwal_S2,2020-11-01,36.3,25.06,0.62
Pauri Garhwal,PauriGarhwal_S2,2020-12-01,35.2,24.29,0.62
Pauri Garhwal,PauriGarhwal_S2,2021-01-01,25.4,25.66,0.62
Pauri Garhwal,PauriGarhwal_S2,2021-02-01,28.0,21.07,0.62
Pauri Garhwal,PauriGarhwal_S2,2021-03-01,34.9,22.06,0.62
Pauri Garhwal,PauriGarhwal_S2,2021-04-01,52.2,22.99,0.62
Pauri Garhwal,PauriGarhwal_S2,2021-05-01,75.1,26.66,0.62
Pauri Garhwal,PauriGarhwal_S2,2021-06-01,202.9,26.21,0.62
Pauri Garhwal,PauriGarhwal_S2,2021-07-01,309.5,32.9,0.62
Pauri Garhwal,PauriGarhwal_S2,2021-08-01,271.7,34.43,0.62
Pauri Garhwal,PauriGarhwal_S2,2021-09-01,187.4,32.75,0.62
Pauri Garhwal,PauriGarhwal_S2,2021-10-01,77.2,31.43,0.62
Pauri Garhwal,PauriGarhwal_S2,2021-11-01,36.9,25.7,0.62
Pauri Garhwal,PauriGarhwal_S2,2021-12-01,38.4,24.38,0.62
Pauri Garhwal,PauriGarhwal_S2,2022-01-01,31.5,23.51,0.62
Pauri Garhwal,PauriGarhwal_S2,2022-02-01,28.4,23.69,0.62
Pauri Garhwal,PauriGarhwal_S2,2022-03-01,47.0,23.35,0.62
Pauri Garhwal,PauriGarhwal_S2,2022-04-01,63.3,24.88,0.62
Pauri Garhwal,PauriGarhwal_S2,2022-05-01,112.1,25.62,0.62
Pauri Garhwal,PauriGarhwal_S2,2022-06-01,286.1,24.59,0.62
Pauri Garhwal,PauriGarhwal_S2,2022-07-01,318.7,30.62,0.62
Pauri Garhwal,PauriGarhwal_S2,2022-08-01,303.8,37.66,0.62
Pauri Garhwal,PauriGarhwal_S2,2022-09-01,178.4,37.2,0.62
Pauri Garhwal,PauriGarhwal_S2,2022-10-01,88.9,27.95,0.62
Pauri Garhwal,PauriGarhwal_S2,2022-11-01,47.8,23.04,0.62
Pauri Garhwal,PauriGarhwal_S2,2022-12-01,51.1,23.64,0.62
Pauri Garhwal,PauriGarhwal_S2,2023-01-01,25.3,24.71,0.62
Pauri Garhwal,PauriGarhwal_S2,2023-02-01,22.1,24.43,0.62
Pauri Garhwal,PauriGarhwal_S2,2023-03-01,39.6,22.79,0.62
Pauri Garhwal,PauriGarhwal_S2,2023-04-01,48.9,22.5,0.62
Pauri Garhwal,PauriGarhwal_S2,2023-05-01,76.8,22.24,0.62
Pauri Garhwal,PauriGarhwal_S2,2023-06-01,198.8,24.45,0.62
Pauri Garhwal,PauriGarhwal_S2,2023-07-01,291.7,29.25,0.62
Pauri Garhwal,PauriGarhwal_S2,2023-08-01,229.6,31.95,0.62
Pauri Garhwal,PauriGarhwal_S2,2023-09-01,153.3,34.05,0.62
Pauri Garhwal,PauriGarhwal_S2,2023-10-01,93.8,29.96,0.62
Pauri Garhwal,PauriGarhwal_S2,2023-11-01,36.0,26.29,0.62
Pauri Garhwal,PauriGarhwal_S2,2023-12-01,36.6,21.3,0.62
Pauri Garhwal,PauriGarhwal_S2,2024-01-01,47.2,23.25,0.62
Pauri Garhwal,PauriGarhwal_S2,2024-02-01,34.7,23.43,0.62
Pauri Garhwal,PauriGarhwal_S2,2024-03-01,55.7,22.6,0.62
Pauri Garhwal,PauriGarhwal_S2,2024-04-01,78.6,24.39,0.62
Pauri Garhwal,PauriGarhwal_S2,2024-05-01,130.7,24.63,0.62
Pauri Garhwal,PauriGarhwal_S2,2024-06-01,282.0,26.98,0.62
Pauri Garhwal,PauriGarhwal_S2,2024-07-01,412.7,33.38,0.62
Pauri Garhwal,PauriGarhwal_S2,2024-08-01,406.5,38.42,0.62
Pauri Garhwal,PauriGarhwal_S2,2024-09-01,257.4,34.09,0.62
Pauri Garhwal,PauriGarhwal_S2,2024-10-01,111.3,31.21,0.62
Pauri Garhwal,PauriGarhwal_S2,2024-11-01,56.8,24.2,0.62
Pauri Garhwal,PauriGarhwal_S2,2024-12-01,51.1,21.11,0.62
Pauri Garhwal,PauriGarhwal_S2,2025-01-01,28.3,24.13,0.62
Pauri Garhwal,PauriGarhwal_S2,2025-02-01,29.5,23.1,0.62
Pauri Garhwal,PauriGarhwal_S2,2025-03-01,41.5,22.7,0.62
Pauri Garhwal,PauriGarhwal_S2,2025-04-01,60.0,21.97,0.62
Pauri Garhwal,PauriGarhwal_S2,2025-05-01,93.8,23.92,0.62
Pauri Garhwal,PauriGarhwal_S2,2025-06-01,234.3,23.76,0.62
Pauri Garhwal,PauriGarhwal_S2,2025-07-01,327.2,29.75,0.62
Pauri Garhwal,PauriGarhwal_S2,2025-08-01,290.5,31.37,0.62
Pauri Garhwal,PauriGarhwal_S2,2025-09-01,188.0,32.23,0.62
Pauri Garhwal,PauriGarhwal_S2,2025-10-01,81.8,27.43,0.62
Pauri Garhwal,PauriGarhwal_S2,2025-11-01,44.5,21.47,0.62
Pauri Garhwal,PauriGarhwal_S2,2025-12-01,43.1,21.34,0.62
Pauri Garhwal,PauriGarhwal_S3,2005-01-01,28.8,46.56,0.62
Pauri Garhwal,PauriGarhwal_S3,2005-02-01,33.3,37.38,0.62
Pauri Garhwal,PauriGarhwal_S3,2005-03-01,50.6,38.03,0.62
Pauri Garhwal,PauriGarhwal_S3,2005-04-01,52.9,38.79,0.62
Pauri Garhwal,PauriGarhwal_S3,2005-05-01,84.3,38.36,0.62
Pauri Garhwal,PauriGarhwal_S3,2005-06-01,253.5,38.67,0.62
Pauri Garhwal,PauriGarhwal_S3,2005-07-01,336.4,52.51,0.62
Pauri Garhwal,PauriGarhwal_S3,2005-08-01,313.3,56.48,0.62
Pauri Garhwal,PauriGarhwal_S3,2005-09-01,190.0,53.28,0.62
Pauri Garhwal,PauriGarhwal_S3,2005-10-01,100.7,49.11,0.62
Pauri Garhwal,PauriGarhwal_S3,2005-11-01,50.0,42.22,0.62
Pauri Garhwal,PauriGarhwal_S3,2005-12-01,47.3,34.32,0.62
Pauri Garhwal,PauriGarhwal_S3,2006-01-01,36.4,37.15,0.62
Pauri Garhwal,PauriGarhwal_S3,2006-02-01,32.7,38.31,0.62
Pauri Garhwal,PauriGarhwal_S3,2006-03-01,54.2,38.03,0.62
Pauri Garhwal,PauriGarhwal_S3,2006-04-01,64.8,39.43,0.62
Pauri Garhwal,PauriGarhwal_S3,2006-05-01,112.6,38.2,0.62
Pauri Garhwal,PauriGarhwal_S3,2006-06-01,279.5,39.58,0.62
Pauri Garhwal,PauriGarhwal_S3,2006-07-01,380.1,49.87,0.62
Pauri Garhwal,PauriGarhwal_S3,2006-08-01,331.6,60.51,0.62
Pauri Garhwal,PauriGarhwal_S3,2006-09-01,250.3,57.03,0.62
Pauri Garhwal,PauriGarhwal_S3,2006-10-01,103.9,53.46,0.62
Pauri Garhwal,PauriGarhwal_S3,2006-11-01,50.8,42.28,0.62
Pauri Garhwal,PauriGarhwal_S3,2006-12-01,51.1,36.1,0.62
Pauri Garhwal,PauriGarhwal_S3,2007-01-01,33.3,33.99,0.62
Pauri Garhwal,PauriGarhwal_S3,2007-02-01,33.5,34.37,0.62
Pauri Garhwal,PauriGarhwal_S3,2007-03-01,50.3,35.2,0.62
Pauri Garhwal,PauriGarhwal_S3,2007-04-01,75.9,35.48,0.62
Pauri Garhwal,PauriGarhwal_S3,2007-05-01,94.0,36.36,0.62
Pauri Garhwal,PauriGarhwal_S3,2007-06-01,248.5,39.03,0.62
Pauri Garhwal,PauriGarhwal_S3,2007-07-01,333.2,47.47,0.62
Pauri Garhwal,PauriGarhwal_S3,2007-08-01,339.9,52.45,0.62
Pauri Garhwal,PauriGarhwal_S3,2007-09-01,229.6,55.28,0.62
Pauri Garhwal,PauriGarhwal_S3,2007-10-01,96.3,46.04,0.62
Pauri Garhwal,PauriGarhwal_S3,2007-11-01,45.3,38.55,0.62
Pauri Garhwal,PauriGarhwal_S3,2007-12-01,45.4,35.1,0.62
Pauri Garhwal,PauriGarhwal_S3,2008-01-01,34.9,32.55,0.62
Pauri Garhwal,PauriGarhwal_S3,2008-02-01,34.4,32.91,0.62
Pauri Garhwal,PauriGarhwal_S3,2008-03-01,46.8,36.0,0.62
Pauri Garhwal,PauriGarhwal_S3,2008-04-01,67.1,32.29,0.62
Pauri Garhwal,PauriGarhwal_S3,2008-05-01,99.7,31.72,0.62
Pauri Garhwal,PauriGarhwal_S3,2008-06-01,268.0,33.98,0.62
Pauri Garhwal,PauriGarhwal_S3,2008-07-01,387.5,48.2,0.62
Pauri Garhwal,PauriGarhwal_S3,2008-08-01,335.2,55.68,0.62
Pauri Garhwal,PauriGarhwal_S3,2008-09-01,225.7,51.79,0.62
Pauri Garhwal,PauriGarhwal_S3,2008-10-01,99.3,47.71,0.62
Pauri Garhwal,PauriGarhwal_S3,2008-11-01,50.5,31.93,0.62
Pauri Garhwal,PauriGarhwal_S3,2008-12-01,51.9,34.32,0.62
Pauri Garhwal,PauriGarhwal_S3,2009-01-01,22.8,36.26,0.62
Pauri Garhwal,PauriGarhwal_S3,2009-02-01,22.6,29.92,0.62
Pauri Garhwal,PauriGarhwal_S3,2009-03-01,33.4,30.99,0.62
Pauri Garhwal,PauriGarhwal_S3,2009-04-01,45.9,30.95,0.62
Pauri Garhwal,PauriGarhwal_S3,2009-05-01,78.7,31.37,0.62
Pauri Garhwal,PauriGarhwal_S3,2009-06-01,174.6,34.2,0.62
Pauri Garhwal,PauriGarhwal_S3,2009-07-01,277.8,43.46,0.62
Pauri Garhwal,PauriGarhwal_S3,2009-08-01,202.9,51.08,0.62
Pauri Garhwal,PauriGarhwal_S3,2009-09-01,148.3,41.34,0.62
Pauri Garhwal,PauriGarhwal_S3,2009-10-01,71.2,42.25,0.62
Pauri Garhwal,PauriGarhwal_S3,2009-11-01,36.8,33.82,0.62
Pauri Garhwal,PauriGarhwal_S3,2009-12-01,37.2,34.34,0.62
Pauri Garhwal,PauriGarhwal_S3,2010-01-01,32.6,31.34,0.62
Pauri Garhwal,PauriGarhwal_S3,2010-02-01,32.3,31.32,0.62
Pauri Garhwal,PauriGarhwal_S3,2010-03-01,53.8,31.57,0.62
Pauri Garhwal,PauriGarhwal_S3,2010-04-01,66.1,37.3,0.62
Pauri Garhwal,PauriGarhwal_S3,2010-05-01,90.4,34.22,0.62
Pauri Garhwal,PauriGarhwal_S3,2010-06-01,244.2,32.96,0.62
Pauri Garhwal,PauriGarhwal_S3,2010-07-01,342.1,45.28,0.62
Pauri Garhwal,PauriGarhwal_S3,2010-08-01,349.1,47.96,0.62
Pauri Garhwal,PauriGarhwal_S3,2010-09-01,220.7,47.89,0.62
Pauri Garhwal,PauriGarhwal_S3,2010-10-01,106.3,43.27,0.62
Pauri Garhwal,PauriGarhwal_S3,2010-11-01,48.6,34.61,0.62
Pauri Garhwal,PauriGarhwal_S3,2010-12-01,51.0,31.51,0.62
Pauri Garhwal,PauriGarhwal_S3,2011-01-01,32.0,31.14,0.62
Pauri Garhwal,PauriGarhwal_S3,2011-02-01,34.0,30.42,0.62
Pauri Garhwal,PauriGarhwal_S3,2011-03-01,46.6,30.58,0.62
Pauri Garhwal,PauriGarhwal_S3,2011-04-01,63.7,27.61,0.62
Pauri Garhwal,PauriGarhwal_S3,2011-05-01,95.4,32.51,0.62
Pauri Garhwal,PauriGarhwal_S3,2011-06-01,237.4,31.55,0.62
Pauri Garhwal,PauriGarhwal_S3,2011-07-01,375.0,38.21,0.62
Pauri Garhwal,PauriGarhwal_S3,2011-08-01,315.8,48.75,0.62
Pauri Garhwal,PauriGarhwal_S3,2011-09-01,213.5,45.56,0.62
Pauri Garhwal,PauriGarhwal_S3,2011-10-01,102.2,38.07,0.62
Pauri Garhwal,PauriGarhwal_S3,2011-11-01,51.0,34.41,0.62
Pauri Garhwal,PauriGarhwal_S3,2011-12-01,51.8,28.03,0.62
Pauri Garhwal,PauriGarhwal_S3,2012-01-01,28.6,29.39,0.62
Pauri Garhwal,PauriGarhwal_S3,2012-02-01,29.4,27.77,0.62
Pauri Garhwal,PauriGarhwal_S3,2012-03-01,38.4,28.5,0.62
Pauri Garhwal,PauriGarhwal_S3,2012-04-01,52.3,29.37,0.62
Pauri Garhwal,PauriGarhwal_S3,2012-05-01,79.3,28.15,0.62
Pauri Garhwal,PauriGarhwal_S3,2012-06-01,217.6,32.17,0.62
Pauri Garhwal,PauriGarhwal_S3,2012-07-01,335.5,38.68,0.62
Pauri Garhwal,PauriGarhwal_S3,2012-08-01,274.2,40.65,0.62
Pauri Garhwal,PauriGarhwal_S3,2012-09-01,186.3,37.35,0.62
Pauri Garhwal,PauriGarhwal_S3,2012-10-01,97.9,36.46,0.62
Pauri Garhwal,PauriGarhwal_S3,2012-11-01,43.1,31.22,0.62
Pauri Garhwal,PauriGarhwal_S3,2012-12-01,47.0,28.35,0.62
Pauri Garhwal,PauriGarhwal_S3,2013-01-01,25.4,28.58,0.62
Pauri Garhwal,PauriGarhwal_S3,2013-02-01,23.8,27.68,0.62
Pauri Garhwal,PauriGarhwal_S3,2013-03-01,37.6,28.49,0.62
Pauri Garhwal,PauriGarhwal_S3,2013-04-01,55.1,26.3,0.62
Pauri Garhwal,PauriGarhwal_S3,2013-05-01,66.7,27.01,0.62
Pauri Garhwal,PauriGarhwal_S3,2013-06-01,213.6,27.62,0.62
Pauri Garhwal,PauriGarhwal_S3,2013-07-01,289.2,37.43,0.62
Pauri Garhwal,PauriGarhwal_S3,2013-08-01,245.7,43.31,0.62
Pauri Garhwal,PauriGarhwal_S3,2013-09-01,148.3,37.53,0.62
Pauri Garhwal,PauriGarhwal_S3,2013-10-01,77.8,28.98,0.62
Pauri Garhwal,PauriGarhwal_S3,2013-11-01,37.1,26.84,0.62
Pauri Garhwal,PauriGarhwal_S3,2013-12-01,39.4,25.99,0.62
Pauri Garhwal,PauriGarhwal_S3,2014-01-01,34.0,26.4,0.62
Pauri Garhwal,PauriGarhwal_S3,2014-02-01,29.5,26.24,0.62
Pauri Garhwal,PauriGarhwal_S3,2014-03-01,41.5,26.53,0.62
Pauri Garhwal,PauriGarhwal_S3,2014-04-01,61.1,26.59,0.62
Pauri Garhwal,PauriGarhwal_S3,2014-05-01,91.9,29.39,0.62
Pauri Garhwal,PauriGarhwal_S3,2014-06-01,267.0,28.42,0.62
Pauri Garhwal,PauriGarhwal_S3,2014-07-01,353.2,36.6,0.62
Pauri Garhwal,PauriGarhwal_S3,2014-08-01,309.6,43.52,0.62
Pauri Garhwal,PauriGarhwal_S3,2014-09-01,218.5,37.08,0.62
Pauri Garhwal,PauriGarhwal_S3,2014-10-01,81.7,36.13,0.62
Pauri Garhwal,PauriGarhwal_S3,2014-11-01,42.8,28.58,0.62
Pauri Garhwal,PauriGarhwal_S3,2014-12-01,41.8,26.2,0.62
Pauri Garhwal,PauriGarhwal_S3,2015-01-01,25.1,28.35,0.62
Pauri Garhwal,PauriGarhwal_S3,2015-02-01,29.7,24.56,0.62
Pauri Garhwal,PauriGarhwal_S3,2015-03-01,41.6,28.12,0.62
Pauri Garhwal,PauriGarhwal_S3,2015-04-01,49.8,25.71,0.62
Pauri Garhwal,PauriGarhwal_S3,2015-05-01,77.9,24.65,0.62
Pauri Garhwal,PauriGarhwal_S3,2015-06-01,231.6,27.72,0.62
Pauri Garhwal,PauriGarhwal_S3,2015-07-01,331.5,33.19,0.62
Pauri Garhwal,PauriGarhwal_S3,2015-08-01,327.6,38.36,0.62
Pauri Garhwal,PauriGarhwal_S3,2015-09-01,226.4,40.32,0.62
Pauri Garhwal,PauriGarhwal_S3,2015-10-01,87.5,35.45,0.62
Pauri Garhwal,PauriGarhwal_S3,2015-11-01,39.0,26.8,0.62
Pauri Garhwal,PauriGarhwal_S3,2015-12-01,35.1,26.47,0.62
Pauri Garhwal,PauriGarhwal_S3,2016-01-01,29.2,26.41,0.62
Pauri Garhwal,PauriGarhwal_S3,2016-02-01,30.2,26.36,0.62
Pauri Garhwal,PauriGarhwal_S3,2016-03-01,44.5,25.22,0.62
Pauri Garhwal,PauriGarhwal_S3,2016-04-01,61.7,26.89,0.62
Pauri Garhwal,PauriGarhwal_S3,2016-05-01,101.6,23.47,0.62
Pauri Garhwal,PauriGarhwal_S3,2016-06-01,252.8,27.28,0.62
Pauri Garhwal,PauriGarhwal_S3,2016-07-01,338.9,33.26,0.62
Pauri Garhwal,PauriGarhwal_S3,2016-08-01,286.2,38.95,0.62
Pauri Garhwal,PauriGarhwal_S3,2016-09-01,175.7,35.09,0.62
Pauri Garhwal,PauriGarhwal_S3,2016-10-01,90.0,30.58,0.62
Pauri Garhwal,PauriGarhwal_S3,2016-11-01,46.6,29.26,0.62
Pauri Garhwal,PauriGarhwal_S3,2016-12-01,53.4,24.43,0.62
Pauri Garhwal,PauriGarhwal_S3,2017-01-01,33.0,25.39,0.62
Pauri Garhwal,PauriGarhwal_S3,2017-02-01,29.4,23.58,0.62
Pauri Garhwal,PauriGarhwal_S3,2017-03-01,41.5,23.7,0.62
Pauri Garhwal,PauriGarhwal_S3,2017-04-01,56.4,24.1,0.62
Pauri Garhwal,PauriGarhwal_S3,2017-05-01,86.4,25.26,0.62
Pauri Garhwal,PauriGarhwal_S3,2017-06-01,286.4,27.51,0.62
Pauri Garhwal,PauriGarhwal_S3,2017-07-01,314.3,37.88,0.62
Pauri Garhwal,PauriGarhwal_S3,2017-08-01,326.4,36.72,0.62
Pauri Garhwal,PauriGarhwal_S3,2017-09-01,184.4,37.66,0.62
Pauri Garhwal,PauriGarhwal_S3,2017-10-01,98.6,28.35,0.62
Pauri Garhwal,PauriGarhwal_S3,2017-11-01,47.3,26.01,0.62
Pauri Garhwal,PauriGarhwal_S3,2017-12-01,45.3,24.87,0.62
Pauri Garhwal,PauriGarhwal_S3,2018-01-01,28.3,24.61,0.62
Pauri Garhwal,PauriGarhwal_S3,2018-02-01,30.9,22.99,0.62
Pauri Garhwal,PauriGarhwal_S3,2018-03-01,43.1,23.81,0.62
Pauri Garhwal,PauriGarhwal_S3,2018-04-01,53.8,23.84,0.62
Pauri Garhwal,PauriGarhwal_S3,2018-05-01,80.3,25.08,0.62
Pauri Garhwal,PauriGarhwal_S3,2018-06-01,241.8,25.11,0.62
Pauri Garhwal,PauriGarhwal_S3,2018-07-01,369.4,31.18,0.62
Pauri Garhwal,PauriGarhwal_S3,2018-08-01,302.0,37.83,0.62
Pauri Garhwal,PauriGarhwal_S3,2018-09-01,192.0,29.15,0.62
Pauri Garhwal,PauriGarhwal_S3,2018-10-01,91.5,29.84,0.62
Pauri Garhwal,PauriGarhwal_S3,2018-11-01,49.4,20.31,0.62
Pauri Garhwal,PauriGarhwal_S3,2018-12-01,45.5,20.98,0.62
Pauri Garhwal,PauriGarhwal_S3,2019-01-01,30.6,23.23,0.62
Pauri Garhwal,PauriGarhwal_S3,2019-02-01,29.1,22.53,0.62
Pauri Garhwal,PauriGarhwal_S3,2019-03-01,47.4,20.6,0.62
Pauri Garhwal,PauriGarhwal_S3,2019-04-01,57.1,21.78,0.62
Pauri Garhwal,PauriGarhwal_S3,2019-05-01,76.2,24.49,0.62
Pauri Garhwal,PauriGarhwal_S3,2019-06-01,200.6,23.08,0.62
Pauri Garhwal,PauriGarhwal_S3,2019-07-01,350.6,32.05,0.62
Pauri Garhwal,PauriGarhwal_S3,2019-08-01,320.3,35.02,0.62
Pauri Garhwal,PauriGarhwal_S3,2019-09-01,180.4,34.34,0.62
Pauri Garhwal,PauriGarhwal_S3,2019-10-01,81.9,29.94,0.62
Pauri Garhwal,PauriGarhwal_S3,2019-11-01,47.2,23.67,0.62
Pauri Garhwal,PauriGarhwal_S3,2019-12-01,38.5,20.9,0.62
Pauri Garhwal,PauriGarhwal_S3,2020-01-01,27.3,21.46,0.62
Pauri Garhwal,PauriGarhwal_S3,2020-02-01,25.2,21.01,0.62
Pauri Garhwal,PauriGarhwal_S3,2020-03-01,38.9,19.46,0.62
Pauri Garhwal,PauriGarhwal_S3,2020-04-01,51.3,21.12,0.62
Pauri Garhwal,PauriGarhwal_S3,2020-05-01,80.0,21.01,0.62
Pauri Garhwal,PauriGarhwal_S3,2020-06-01,231.2,23.98,0.62
Pauri Garhwal,PauriGarhwal_S3,2020-07-01,287.8,29.03,0.62
Pauri Garhwal,PauriGarhwal_S3,2020-08-01,273.1,30.74,0.62
Pauri Garhwal,PauriGarhwal_S3,2020-09-01,141.1,30.33,0.62
Pauri Garhwal,PauriGarhwal_S3,2020-10-01,77.6,25.37,0.62
Pauri Garhwal,PauriGarhwal_S3,2020-11-01,36.3,23.16,0.62
Pauri Garhwal,PauriGarhwal_S3,2020-12-01,35.2,19.71,0.62
Pauri Garhwal,PauriGarhwal_S3,2021-01-01,25.4,19.56,0.62
Pauri Garhwal,PauriGarhwal_S3,2021-02-01,28.0,21.3,0.62
Pauri Garhwal,PauriGarhwal_S3,2021-03-01,34.9,19.8,0.62
Pauri Garhwal,PauriGarhwal_S3,2021-04-01,52.2,18.98,0.62
Pauri Garhwal,PauriGarhwal_S3,2021-05-01,75.1,21.51,0.62
Pauri Garhwal,PauriGarhwal_S3,2021-06-01,202.9,22.38,0.62
Pauri Garhwal,PauriGarhwal_S3,2021-07-01,309.5,24.75,0.62
Pauri Garhwal,PauriGarhwal_S3,2021-08-01,271.7,31.22,0.62
Pauri Garhwal,PauriGarhwal_S3,2021-09-01,187.4,30.37,0.62
Pauri Garhwal,PauriGarhwal_S3,2021-10-01,77.2,26.43,0.62
Pauri Garhwal,PauriGarhwal_S3,2021-11-01,36.9,22.29,0.62
Pauri Garhwal,PauriGarhwal_S3,2021-12-01,38.4,18.59,0.62
Pauri Garhwal,PauriGarhwal_S3,2022-01-01,31.5,20.32,0.62
Pauri Garhwal,PauriGarhwal_S3,2022-02-01,28.4,19.37,0.62
Pauri Garhwal,PauriGarhwal_S3,2022-03-01,47.0,19.01,0.62
Pauri Garhwal,PauriGarhwal_S3,2022-04-01,63.3,21.0,0.62
Pauri Garhwal,PauriGarhwal_S3,2022-05-01,112.1,22.21,0.62
Pauri Garhwal,PauriGarhwal_S3,2022-06-01,286.1,24.47,0.62
Pauri Garhwal,PauriGarhwal_S3,2022-07-01,318.7,30.82,0.62
Pauri Garhwal,PauriGarhwal_S3,2022-08-01,303.8,29.89,0.62
Pauri Garhwal,PauriGarhwal_S3,2022-09-01,178.4,29.92,0.62
Pauri Garhwal,PauriGarhwal_S3,2022-10-01,88.9,25.59,0.62
Pauri Garhwal,PauriGarhwal_S3,2022-11-01,47.8,21.37,0.62
Pauri Garhwal,PauriGarhwal_S3,2022-12-01,51.1,19.78,0.62
Pauri Garhwal,PauriGarhwal_S3,2023-01-01,25.3,20.52,0.62
Pauri Garhwal,PauriGarhwal_S3,2023-02-01,22.1,18.65,0.62
Pauri Garhwal,PauriGarhwal_S3,2023-03-01,39.6,17.85,0.62
Pauri Garhwal,PauriGarhwal_S3,2023-04-01,48.9,18.71,0.62
Pauri Garhwal,PauriGarhwal_S3,2023-05-01,76.8,20.0,0.62
Pauri Garhwal,PauriGarhwal_S3,2023-06-01,198.8,20.34,0.62
Pauri Garhwal,PauriGarhwal_S3,2023-07-01,291.7,25.1,0.62
Pauri Garhwal,PauriGarhwal_S3,2023-08-01,229.6,28.89,0.62
Pauri Garhwal,PauriGarhwal_S3,2023-09-01,153.3,25.16,0.62
Pauri Garhwal,PauriGarhwal_S3,2023-10-01,93.8,23.68,0.62
Pauri Garhwal,PauriGarhwal_S3,2023-11-01,36.0,21.01,0.62
Pauri Garhwal,PauriGarhwal_S3,2023-12-01,36.6,17.35,0.62
Pauri Garhwal,PauriGarhwal_S3,2024-01-01,47.2,19.79,0.62
Pauri Garhwal,PauriGarhwal_S3,2024-02-01,34.7,18.31,0.62
Pauri Garhwal,PauriGarhwal_S3,2024-03-01,55.7,16.76,0.62
Pauri Garhwal,PauriGarhwal_S3,2024-04-01,78.6,17.97,0.62
Pauri Garhwal,PauriGarhwal_S3,2024-05-01,130.7,18.7,0.62
Pauri Garhwal,PauriGarhwal_S3,2024-06-01,282.0,21.51,0.62
Pauri Garhwal,PauriGarhwal_S3,2024-07-01,412.7,26.29,0.62
Pauri Garhwal,PauriGarhwal_S3,2024-08-01,406.5,30.59,0.62
Pauri Garhwal,PauriGarhwal_S3,2024-09-01,257.4,31.75,0.62
Pauri Garhwal,PauriGarhwal_S3,2024-10-01,111.3,25.99,0.62
Pauri Garhwal,PauriGarhwal_S3,2024-11-01,56.8,20.78,0.62
Pauri Garhwal,PauriGarhwal_S3,2024-12-01,51.1,18.9,0.62
Pauri Garhwal,PauriGarhwal_S3,2025-01-01,28.3,18.83,0.62
Pauri Garhwal,PauriGarhwal_S3,2025-02-01,29.5,15.59,0.62
Pauri Garhwal,PauriGarhwal_S3,2025-03-01,41.5,17.1,0.62
Pauri Garhwal,PauriGarhwal_S3,2025-04-01,60.0,15.83,0.62
Pauri Garhwal,PauriGarhwal_S3,2025-05-01,93.8,18.37,0.62
Pauri Garhwal,PauriGarhwal_S3,2025-06-01,234.3,19.41,0.62
Pauri Garhwal,PauriGarhwal_S3,2025-07-01,327.2,25.32,0.62
Pauri Garhwal,PauriGarhwal_S3,2025-08-01,290.5,28.7,0.62
Pauri Garhwal,PauriGarhwal_S3,2025-09-01,188.0,26.05,0.62
Pauri Garhwal,PauriGarhwal_S3,2025-10-01,81.8,21.74,0.62
Pauri Garhwal,PauriGarhwal_S3,2025-11-01,44.5,19.17,0.62
Pauri Garhwal,PauriGarhwal_S3,2025-12-01,43.1,16.96,0.62
Pauri Garhwal,PauriGarhwal_S4,2005-01-01,28.8,43.74,0.62
Pauri Garhwal,PauriGarhwal_S4,2005-02-01,33.3,39.25,0.62
Pauri Garhwal,PauriGarhwal_S4,2005-03-01,50.6,39.24,0.62
Pauri Garhwal,PauriGarhwal_S4,2005-04-01,52.9,37.25,0.62
Pauri Garhwal,PauriGarhwal_S4,2005-05-01,84.3,41.09,0.62
Pauri Garhwal,PauriGarhwal_S4,2005-06-01,253.5,42.8,0.62
Pauri Garhwal,PauriGarhwal_S4,2005-07-01,336.4,53.8,0.62
Pauri Garhwal,PauriGarhwal_S4,2005-08-01,313.3,57.12,0.62
Pauri Garhwal,PauriGarhwal_S4,2005-09-01,190.0,55.08,0.62
Pauri Garhwal,PauriGarhwal_S4,2005-10-01,100.7,47.2,0.62
Pauri Garhwal,PauriGarhwal_S4,2005-11-01,50.0,43.1,0.62
Pauri Garhwal,PauriGarhwal_S4,2005-12-01,47.3,36.38,0.62
Pauri Garhwal,PauriGarhwal_S4,2006-01-01,36.4,38.74,0.62
Pauri Garhwal,PauriGarhwal_S4,2006-02-01,32.7,34.73,0.62
Pauri Garhwal,PauriGarhwal_S4,2006-03-01,54.2,36.28,0.62
Pauri Garhwal,PauriGarhwal_S4,2006-04-01,64.8,38.29,0.62
Pauri Garhwal,PauriGarhwal_S4,2006-05-01,112.6,43.46,0.62
Pauri Garhwal,PauriGarhwal_S4,2006-06-01,279.5,39.09,0.62
Pauri Garhwal,PauriGarhwal_S4,2006-07-01,380.1,57.53,0.62
Pauri Garhwal,PauriGarhwal_S4,2006-08-01,331.6,60.94,0.62
Pauri Garhwal,PauriGarhwal_S4,2006-09-01,250.3,58.1,0.62
Pauri Garhwal,PauriGarhwal_S4,2006-10-01,103.9,51.41,0.62
Pauri Garhwal,PauriGarhwal_S4,2006-11-01,50.8,41.7,0.62
Pauri Garhwal,PauriGarhwal_S4,2006-12-01,51.1,36.72,0.62
Pauri Garhwal,PauriGarhwal_S4,2007-01-01,33.3,39.61,0.62
Pauri Garhwal,PauriGarhwal_S4,2007-02-01,33.5,34.78,0.62
Pauri Garhwal,PauriGarhwal_S4,2007-03-01,50.3,37.51,0.62
Pauri Garhwal,PauriGarhwal_S4,2007-04-01,75.9,35.38,0.62
Pauri Garhwal,PauriGarhwal_S4,2007-05-01,94.0,38.09,0.62
Pauri Garhwal,PauriGarhwal_S4,2007-06-01,248.5,37.23,0.62
Pauri Garhwal,PauriGarhwal_S4,2007-07-01,333.2,50.85,0.62
Pauri Garhwal,PauriGarhwal_S4,2007-08-01,339.9,59.31,0.62
Pauri Garhwal,PauriGarhwal_S4,2007-09-01,229.6,55.4,0.62
Pauri Garhwal,PauriGarhwal_S4,2007-10-01,96.3,47.56,0.62
Pauri Garhwal,PauriGarhwal_S4,2007-11-01,45.3,36.77,0.62
Pauri Garhwal,PauriGarhwal_S4,2007-12-01,45.4,35.01,0.62
Pauri Garhwal,PauriGarhwal_S4,2008-01-01,34.9,32.51,0.62
Pauri Garhwal,PauriGarhwal_S4,2008-02-01,34.4,32.95,0.62
Pauri Garhwal,PauriGarhwal_S4,2008-03-01,46.8,34.78,0.62
Pauri Garhwal,PauriGarhwal_S4,2008-04-01,67.1,37.44,0.62
Pauri Garhwal,PauriGarhwal_S4,2008-05-01,99.7,41.47,0.62
Pauri Garhwal,PauriGarhwal_S4,2008-06-01,268.0,37.28,0.62
Pauri Garhwal,PauriGarhwal_S4,2008-07-01,387.5,52.9,0.62
Pauri Garhwal,PauriGarhwal_S4,2008-08-01,335.2,57.74,0.62
Pauri Garhwal,PauriGarhwal_S4,2008-09-01,225.7,53.07,0.62
Pauri Garhwal,PauriGarhwal_S4,2008-10-01,99.3,47.19,0.62
Pauri Garhwal,PauriGarhwal_S4,2008-11-01,50.5,37.97,0.62
Pauri Garhwal,PauriGarhwal_S4,2008-12-01,51.9,34.78,0.62
Pauri Garhwal,PauriGarhwal_S4,2009-01-01,22.8,33.87,0.62
Pauri Garhwal,PauriGarhwal_S4,2009-02-01,22.6,30.33,0.62
Pauri Garhwal,PauriGarhwal_S4,2009-03-01,33.4,29.99,0.62
Pauri Garhwal,PauriGarhwal_S4,2009-04-01,45.9,34.18,0.62
Pauri Garhwal,PauriGarhwal_S4,2009-05-01,78.7,33.34,0.62
Pauri Garhwal,PauriGarhwal_S4,2009-06-01,174.6,34.74,0.62
Pauri Garhwal,PauriGarhwal_S4,2009-07-01,277.8,41.81,0.62
Pauri Garhwal,PauriGarhwal_S4,2009-08-01,202.9,50.14,0.62
Pauri Garhwal,PauriGarhwal_S4,2009-09-01,148.3,43.74,0.62
Pauri Garhwal,PauriGarhwal_S4,2009-10-01,71.2,38.49,0.62
Pauri Garhwal,PauriGarhwal_S4,2009-11-01,36.8,36.98,0.62
Pauri Garhwal,PauriGarhwal_S4,2009-12-01,37.2,35.16,0.62
Pauri Garhwal,PauriGarhwal_S4,2010-01-01,32.6,33.32,0.62
Pauri Garhwal,PauriGarhwal_S4,2010-02-01,32.3,33.71,0.62
Pauri Garhwal,PauriGarhwal_S4,2010-03-01,53.8,34.03,0.62
Pauri Garhwal,PauriGarhwal_S4,2010-04-01,66.1,35.16,0.62
Pauri Garhwal,PauriGarhwal_S4,2010-05-01,90.4,34.99,0.62
Pauri Garhwal,PauriGarhwal_S4,2010-06-01,244.2,36.41,0.62
Pauri Garhwal,PauriGarhwal_S4,2010-07-01,342.1,45.86,0.62
Pauri Garhwal,PauriGarhwal_S4,2010-08-01,349.1,47.8,0.62
Pauri Garhwal,PauriGarhwal_S4,2010-09-01,220.7,52.63,0.62
Pauri Garhwal,PauriGarhwal_S4,2010-10-01,106.3,39.98,0.62
Pauri Garhwal,PauriGarhwal_S4,2010-11-01,48.6,34.4,0.62
Pauri Garhwal,PauriGarhwal_S4,2010-12-01,51.0,34.33,0.62
Pauri Garhwal,PauriGarhwal_S4,2011-01-01,32.0,33.64,0.62
Pauri Garhwal,PauriGarhwal_S4,2011-02-01,34.0,33.36,0.62
Pauri Garhwal,PauriGarhwal_S4,2011-03-01,46.6,30.66,0.62
Pauri Garhwal,PauriGarhwal_S4,2011-04-01,63.7,29.92,0.62
Pauri Garhwal,PauriGarhwal_S4,2011-05-01,95.4,32.29,0.62
Pauri Garhwal,PauriGarhwal_S4,2011-06-01,237.4,34.66,0.62
Pauri Garhwal,PauriGarhwal_S4,2011-07-01,375.0,42.99,0.62
Pauri Garhwal,PauriGarhwal_S4,2011-08-01,315.8,53.74,0.62
Pauri Garhwal,PauriGarhwal_S4,2011-09-01,213.5,46.36,0.62
Pauri Garhwal,PauriGarhwal_S4,2011-10-01,102.2,41.78,0.62
Pauri Garhwal,PauriGarhwal_S4,2011-11-01,51.0,32.7,0.62
Pauri Garhwal,PauriGarhwal_S4,2011-12-01,51.8,32.01,0.62
Pauri Garhwal,PauriGarhwal_S4,2012-01-01,28.6,31.27,0.62
Pauri Garhwal,PauriGarhwal_S4,2012-02-01,29.4,28.71,0.62
Pauri Garhwal,PauriGarhwal_S4,2012-03-01,38.4,29.44,0.62
Pauri Garhwal,PauriGarhwal_S4,2012-04-01,52.3,29.95,0.62
Pauri Garhwal,PauriGarhwal_S4,2012-05-01,79.3,30.53,0.62
Pauri Garhwal,PauriGarhwal_S4,2012-06-01,217.6,35.29,0.62
Pauri Garhwal,PauriGarhwal_S4,2012-07-01,335.5,40.07,0.62
Pauri Garhwal,PauriGarhwal_S4,2012-08-01,274.2,46.34,0.62
Pauri Garhwal,PauriGarhwal_S4,2012-09-01,186.3,38.74,0.62
Pauri Garhwal,PauriGarhwal_S4,2012-10-01,97.9,36.45,0.62
Pauri Garhwal,PauriGarhwal_S4,2012-11-01,43.1,32.59,0.62
Pauri Garhwal,PauriGarhwal_S4,2012-12-01,47.0,28.8,0.62
Pauri Garhwal,PauriGarhwal_S4,2013-01-01,25.4,32.03,0.62
Pauri Garhwal,PauriGarhwal_S4,2013-02-01,23.8,28.42,0.62
Pauri Garhwal,PauriGarhwal_S4,2013-03-01,37.6,30.33,0.62
Pauri Garhwal,PauriGarhwal_S4,2013-04-01,55.1,29.28,0.62
Pauri Garhwal,PauriGarhwal_S4,2013-05-01,66.7,30.14,0.62
Pauri Garhwal,PauriGarhwal_S4,2013-06-01,213.6,30.51,0.62
Pauri Garhwal,PauriGarhwal_S4,2013-07-01,289.2,38.73,0.62
Pauri Garhwal,PauriGarhwal_S4,2013-08-01,245.7,46.48,0.62
Pauri Garhwal,PauriGarhwal_S4,2013-09-01,148.3,35.61,0.62
Pauri Garhwal,PauriGarhwal_S4,2013-10-01,77.8,31.32,0.62
Pauri Garhwal,PauriGarhwal_S4,2013-11-01,37.1,29.99,0.62
Pauri Garhwal,PauriGarhwal_S4,2013-12-01,39.4,28.53,0.62
Pauri Garhwal,PauriGarhwal_S4,2014-01-01,34.0,29.55,0.62
Pauri Garhwal,PauriGarhwal_S4,2014-02-01,29.5,28.85,0.62
Pauri Garhwal,PauriGarhwal_S4,2014-03-01,41.5,27.33,0.62
Pauri Garhwal,PauriGarhwal_S4,2014-04-01,61.1,29.88,0.62
Pauri Garhwal,PauriGarhwal_S4,2014-05-01,91.9,30.93,0.62
Pauri Garhwal,PauriGarhwal_S4,2014-06-01,267.0,31.28,0.62
Pauri Garhwal,PauriGarhwal_S4,2014-07-01,353.2,42.25,0.62
Pauri Garhwal,PauriGarhwal_S4,2014-08-01,309.6,45.43,0.62
Pauri Garhwal,PauriGarhwal_S4,2014-09-01,218.5,41.17,0.62
Pauri Garhwal,PauriGarhwal_S4,2014-10-01,81.7,38.7,0.62
Pauri Garhwal,PauriGarhwal_S4,2014-11-01,42.8,30.19,0.62
Pauri Garhwal,PauriGarhwal_S4,2014-12-01,41.8,27.88,0.62
Pauri Garhwal,PauriGarhwal_S4,2015-01-01,25.1,29.79,0.62
Pauri Garhwal,PauriGarhwal_S4,2015-02-01,29.7,23.51,0.62
Pauri Garhwal,PauriGarhwal_S4,2015-03-01,41.6,25.04,0.62
Pauri Garhwal,PauriGarhwal_S4,2015-04-01,49.8,25.87,0.62
Pauri Garhwal,PauriGarhwal_S4,2015-05-01,77.9,27.35,0.62
Pauri Garhwal,PauriGarhwal_S4,2015-06-01,231.6,28.87,0.62
Pauri Garhwal,PauriGarhwal_S4,2015-07-01,331.5,34.35,0.62
Pauri Garhwal,PauriGarhwal_S4,2015-08-01,327.6,40.14,0.62
Pauri Garhwal,PauriGarhwal_S4,2015-09-01,226.4,40.09,0.62
Pauri Garhwal,PauriGarhwal_S4,2015-10-01,87.5,41.06,0.62
Pauri Garhwal,PauriGarhwal_S4,2015-11-01,39.0,31.97,0.62
Pauri Garhwal,PauriGarhwal_S4,2015-12-01,35.1,26.21,0.62
Pauri Garhwal,PauriGarhwal_S4,2016-01-01,29.2,26.01,0.62
Pauri Garhwal,PauriGarhwal_S4,2016-02-01,30.2,24.61,0.62
Pauri Garhwal,PauriGarhwal_S4,2016-03-01,44.5,23.6,0.62
Pauri Garhwal,PauriGarhwal_S4,2016-04-01,61.7,26.59,0.62
Pauri Garhwal,PauriGarhwal_S4,2016-05-01,101.6,26.16,0.62
Pauri Garhwal,PauriGarhwal_S4,2016-06-01,252.8,29.35,0.62
Pauri Garhwal,PauriGarhwal_S4,2016-07-01,338.9,34.02,0.62
Pauri Garhwal,PauriGarhwal_S4,2016-08-01,286.2,39.63,0.62
Pauri Garhwal,PauriGarhwal_S4,2016-09-01,175.7,38.73,0.62
Pauri Garhwal,PauriGarhwal_S4,2016-10-01,90.0,33.43,0.62
Pauri Garhwal,PauriGarhwal_S4,2016-11-01,46.6,29.08,0.62
Pauri Garhwal,PauriGarhwal_S4,2016-12-01,53.4,24.52,0.62
Pauri Garhwal,PauriGarhwal_S4,2017-01-01,33.0,27.65,0.62
Pauri Garhwal,PauriGarhwal_S4,2017-02-01,29.4,24.42,0.62
Pauri Garhwal,PauriGarhwal_S4,2017-03-01,41.5,25.99,0.62
Pauri Garhwal,PauriGarhwal_S4,2017-04-01,56.4,25.7,0.62
Pauri Garhwal,PauriGarhwal_S4,2017-05-01,86.4,24.56,0.62
Pauri Garhwal,PauriGarhwal_S4,2017-06-01,286.4,27.32,0.62
Pauri Garhwal,PauriGarhwal_S4,2017-07-01,314.3,38.08,0.62
Pauri Garhwal,PauriGarhwal_S4,2017-08-01,326.4,39.83,0.62
Pauri Garhwal,PauriGarhwal_S4,2017-09-01,184.4,38.85,0.62
Pauri Garhwal,PauriGarhwal_S4,2017-10-01,98.6,34.64,0.62
Pauri Garhwal,PauriGarhwal_S4,2017-11-01,47.3,29.37,0.62
Pauri Garhwal,PauriGarhwal_S4,2017-12-01,45.3,25.1,0.62
Pauri Garhwal,PauriGarhwal_S4,2018-01-01,28.3,26.21,0.62
Pauri Garhwal,PauriGarhwal_S4,2018-02-01,30.9,26.73,0.62
Pauri Garhwal,PauriGarhwal_S4,2018-03-01,43.1,26.83,0.62
Pauri Garhwal,PauriGarhwal_S4,2018-04-01,53.8,23.41,0.62
Pauri Garhwal,PauriGarhwal_S4,2018-05-01,80.3,24.2,0.62
Pauri Garhwal,PauriGarhwal_S4,2018-06-01,241.8,28.53,0.62
Pauri Garhwal,PauriGarhwal_S4,2018-07-01,369.4,32.27,0.62
Pauri Garhwal,PauriGarhwal_S4,2018-08-01,302.0,37.31,0.62
Pauri Garhwal,PauriGarhwal_S4,2018-09-01,192.0,35.8,0.62
Pauri Garhwal,PauriGarhwal_S4,2018-10-01,91.5,32.12,0.62
Pauri Garhwal,PauriGarhwal_S4,2018-11-01,49.4,26.57,0.62
Pauri Garhwal,PauriGarhwal_S4,2018-12-01,45.5,23.88,0.62
Pauri Garhwal,PauriGarhwal_S4,2019-01-01,30.6,23.61,0.62
Pauri Garhwal,PauriGarhwal_S4,2019-02-01,29.1,22.84,0.62
Pauri Garhwal,PauriGarhwal_S4,2019-03-01,47.4,22.51,0.62
Pauri Garhwal,PauriGarhwal_S4,2019-04-01,57.1,27.09,0.62
Pauri Garhwal,PauriGarhwal_S4,2019-05-01,76.2,25.06,0.62
Pauri Garhwal,PauriGarhwal_S4,2019-06-01,200.6,26.62,0.62
Pauri Garhwal,PauriGarhwal_S4,2019-07-01,350.6,30.31,0.62
Pauri Garhwal,PauriGarhwal_S4,2019-08-01,320.3,37.43,0.62
Pauri Garhwal,PauriGarhwal_S4,2019-09-01,180.4,35.02,0.62
Pauri Garhwal,PauriGarhwal_S4,2019-10-01,81.9,25.94,0.62
Pauri Garhwal,PauriGarhwal_S4,2019-11-01,47.2,23.65,0.62
Pauri Garhwal,PauriGarhwal_S4,2019-12-01,38.5,21.62,0.62
Pauri Garhwal,PauriGarhwal_S4,2020-01-01,27.3,20.69,0.62
Pauri Garhwal,PauriGarhwal_S4,2020-02-01,25.2,21.39,0.62
Pauri Garhwal,PauriGarhwal_S4,2020-03-01,38.9,24.09,0.62
Pauri Garhwal,PauriGarhwal_S4,2020-04-01,51.3,23.09,0.62
Pauri Garhwal,PauriGarhwal_S4,2020-05-01,80.0,25.15,0.62
Pauri Garhwal,PauriGarhwal_S4,2020-06-01,231.2,25.33,0.62
Pauri Garhwal,PauriGarhwal_S4,2020-07-01,287.8,32.62,0.62
Pauri Garhwal,PauriGarhwal_S4,2020-08-01,273.1,32.26,0.62
Pauri Garhwal,PauriGarhwal_S4,2020-09-01,141.1,33.92,0.62
Pauri Garhwal,PauriGarhwal_S4,2020-10-01,77.6,28.2,0.62
Pauri Garhwal,PauriGarhwal_S4,2020-11-01,36.3,23.67,0.62
Pauri Garhwal,PauriGarhwal_S4,2020-12-01,35.2,23.15,0.62
Pauri Garhwal,PauriGarhwal_S4,2021-01-01,25.4,23.04,0.62
Pauri Garhwal,PauriGarhwal_S4,2021-02-01,28.0,21.32,0.62
Pauri Garhwal,PauriGarhwal_S4,2021-03-01,34.9,20.74,0.62
Pauri Garhwal,PauriGarhwal_S4,2021-04-01,52.2,20.89,0.62
Pauri Garhwal,PauriGarhwal_S4,2021-05-01,75.1,22.98,0.62
Pauri Garhwal,PauriGarhwal_S4,2021-06-01,202.9,24.18,0.62
Pauri Garhwal,PauriGarhwal_S4,2021-07-01,309.5,28.0,0.62
Pauri Garhwal,PauriGarhwal_S4,2021-08-01,271.7,33.64,0.62
Pauri Garhwal,PauriGarhwal_S4,2021-09-01,187.4,32.81,0.62
Pauri Garhwal,PauriGarhwal_S4,2021-10-01,77.2,29.14,0.62
Pauri Garhwal,PauriGarhwal_S4,2021-11-01,36.9,25.38,0.62
Pauri Garhwal,PauriGarhwal_S4,2021-12-01,38.4,23.19,0.62
Pauri Garhwal,PauriGarhwal_S4,2022-01-01,31.5,20.71,0.62
Pauri Garhwal,PauriGarhwal_S4,2022-02-01,28.4,23.26,0.62
Pauri Garhwal,PauriGarhwal_S4,2022-03-01,47.0,20.7,0.62
Pauri Garhwal,PauriGarhwal_S4,2022-04-01,63.3,23.12,0.62
Pauri Garhwal,PauriGarhwal_S4,2022-05-01,112.1,22.66,0.62
Pauri Garhwal,PauriGarhwal_S4,2022-06-01,286.1,24.03,0.62
Pauri Garhwal,PauriGarhwal_S4,2022-07-01,318.7,28.76,0.62
Pauri Garhwal,PauriGarhwal_S4,2022-08-01,303.8,32.58,0.62
Pauri Garhwal,PauriGarhwal_S4,2022-09-01,178.4,29.65,0.62
Pauri Garhwal,PauriGarhwal_S4,2022-10-01,88.9,28.27,0.62
Pauri Garhwal,PauriGarhwal_S4,2022-11-01,47.8,25.01,0.62
Pauri Garhwal,PauriGarhwal_S4,2022-12-01,51.1,20.66,0.62
Pauri Garhwal,PauriGarhwal_S4,2023-01-01,25.3,21.92,0.62
Pauri Garhwal,PauriGarhwal_S4,2023-02-01,22.1,19.75,0.62
Pauri Garhwal,PauriGarhwal_S4,2023-03-01,39.6,19.67,0.62
Pauri Garhwal,PauriGarhwal_S4,2023-04-01,48.9,21.76,0.62
Pauri Garhwal,PauriGarhwal_S4,2023-05-01,76.8,21.23,0.62
Pauri Garhwal,PauriGarhwal_S4,2023-06-01,198.8,24.26,0.62
Pauri Garhwal,PauriGarhwal_S4,2023-07-01,291.7,26.45,0.62
Pauri Garhwal,PauriGarhwal_S4,2023-08-01,229.6,32.24,0.62
Pauri Garhwal,PauriGarhwal_S4,2023-09-01,153.3,28.31,0.62
Pauri Garhwal,PauriGarhwal_S4,2023-10-01,93.8,26.08,0.62
Pauri Garhwal,PauriGarhwal_S4,2023-11-01,36.0,22.17,0.62
Pauri Garhwal,PauriGarhwal_S4,2023-12-01,36.6,20.3,0.62
Pauri Garhwal,PauriGarhwal_S4,2024-01-01,47.2,20.2,0.62
Pauri Garhwal,PauriGarhwal_S4,2024-02-01,34.7,19.81,0.62
Pauri Garhwal,PauriGarhwal_S4,2024-03-01,55.7,20.79,0.62
Pauri Garhwal,PauriGarhwal_S4,2024-04-01,78.6,21.57,0.62
Pauri Garhwal,PauriGarhwal_S4,2024-05-01,130.7,22.36,0.62
Pauri Garhwal,PauriGarhwal_S4,2024-06-01,282.0,25.48,0.62
Pauri Garhwal,PauriGarhwal_S4,2024-07-01,412.7,31.54,0.62
Pauri Garhwal,PauriGarhwal_S4,2024-08-01,406.5,33.69,0.62
Pauri Garhwal,PauriGarhwal_S4,2024-09-01,257.4,34.63,0.62
Pauri Garhwal,PauriGarhwal_S4,2024-10-01,111.3,27.34,0.62
Pauri Garhwal,PauriGarhwal_S4,2024-11-01,56.8,22.62,0.62
Pauri Garhwal,PauriGarhwal_S4,2024-12-01,51.1,19.85,0.62
Pauri Garhwal,PauriGarhwal_S4,2025-01-01,28.3,21.83,0.62
Pauri Garhwal,PauriGarhwal_S4,2025-02-01,29.5,19.63,0.62
Pauri Garhwal,PauriGarhwal_S4,2025-03-01,41.5,19.06,0.62
Pauri Garhwal,PauriGarhwal_S4,2025-04-01,60.0,20.84,0.62
Pauri Garhwal,PauriGarhwal_S4,2025-05-01,93.8,18.1,0.62
Pauri Garhwal,PauriGarhwal_S4,2025-06-01,234.3,19.34,0.62
Pauri Garhwal,PauriGarhwal_S4,2025-07-01,327.2,27.73,0.62
Pauri Garhwal,PauriGarhwal_S4,2025-08-01,290.5,30.12,0.62
Pauri Garhwal,PauriGarhwal_S4,2025-09-01,188.0,28.95,0.62
Pauri Garhwal,PauriGarhwal_S4,2025-10-01,81.8,23.1,0.62
Pauri Garhwal,PauriGarhwal_S4,2025-11-01,44.5,20.74,0.62
Pauri Garhwal,PauriGarhwal_S4,2025-12-01,43.1,21.28,0.62
Pauri Garhwal,PauriGarhwal_S5,2005-01-01,28.8,48.37,0.62
Pauri Garhwal,PauriGarhwal_S5,2005-02-01,33.3,40.66,0.62
Pauri Garhwal,PauriGarhwal_S5,2005-03-01,50.6,37.3,0.62
Pauri Garhwal,PauriGarhwal_S5,2005-04-01,52.9,43.6,0.62
Pauri Garhwal,PauriGarhwal_S5,2005-05-01,84.3,44.95,0.62
Pauri Garhwal,PauriGarhwal_S5,2005-06-01,253.5,41.95,0.62
Pauri Garhwal,PauriGarhwal_S5,2005-07-01,336.4,57.02,0.62
Pauri Garhwal,PauriGarhwal_S5,2005-08-01,313.3,61.65,0.62
Pauri Garhwal,PauriGarhwal_S5,2005-09-01,190.0,60.38,0.62
Pauri Garhwal,PauriGarhwal_S5,2005-10-01,100.7,53.64,0.62
Pauri Garhwal,PauriGarhwal_S5,2005-11-01,50.0,41.47,0.62
Pauri Garhwal,PauriGarhwal_S5,2005-12-01,47.3,43.46,0.62
Pauri Garhwal,PauriGarhwal_S5,2006-01-01,36.4,43.43,0.62
Pauri Garhwal,PauriGarhwal_S5,2006-02-01,32.7,40.38,0.62
Pauri Garhwal,PauriGarhwal_S5,2006-03-01,54.2,35.48,0.62
Pauri Garhwal,PauriGarhwal_S5,2006-04-01,64.8,39.99,0.62
Pauri Garhwal,PauriGarhwal_S5,2006-05-01,112.6,45.46,0.62
Pauri Garhwal,PauriGarhwal_S5,2006-06-01,279.5,39.99,0.62
Pauri Garhwal,PauriGarhwal_S5,2006-07-01,380.1,58.27,0.62
Pauri Garhwal,PauriGarhwal_S5,2006-08-01,331.6,63.01,0.62
Pauri Garhwal,PauriGarhwal_S5,2006-09-01,250.3,65.59,0.62
Pauri Garhwal,PauriGarhwal_S5,2006-10-01,103.9,54.71,0.62
Pauri Garhwal,PauriGarhwal_S5,2006-11-01,50.8,46.13,0.62
Pauri Garhwal,PauriGarhwal_S5,2006-12-01,51.1,42.19,0.62
Pauri Garhwal,PauriGarhwal_S5,2007-01-01,33.3,44.72,0.62
Pauri Garhwal,PauriGarhwal_S5,2007-02-01,33.5,39.1,0.62
Pauri Garhwal,PauriGarhwal_S5,2007-03-01,50.3,40.15,0.62
Pauri Garhwal,PauriGarhwal_S5,2007-04-01,75.9,37.58,0.62
Pauri Garhwal,PauriGarhwal_S5,2007-05-01,94.0,44.97,0.62
Pauri Garhwal,PauriGarhwal_S5,2007-06-01,248.5,42.05,0.62
Pauri Garhwal,PauriGarhwal_S5,2007-07-01,333.2,53.73,0.62
Pauri Garhwal,PauriGarhwal_S5,2007-08-01,339.9,61.45,0.62
Pauri Garhwal,PauriGarhwal_S5,2007-09-01,229.6,57.04,0.62
Pauri Garhwal,PauriGarhwal_S5,2007-10-01,96.3,54.07,0.62
Pauri Garhwal,PauriGarhwal_S5,2007-11-01,45.3,45.45,0.62
Pauri Garhwal,PauriGarhwal_S5,2007-12-01,45.4,40.03,0.62
Pauri Garhwal,PauriGarhwal_S5,2008-01-01,34.9,36.23,0.62
Pauri Garhwal,PauriGarhwal_S5,2008-02-01,34.4,38.25,0.62
Pauri Garhwal,PauriGarhwal_S5,2008-03-01,46.8,39.78,0.62
Pauri Garhwal,PauriGarhwal_S5,2008-04-01,67.1,35.5,0.62
Pauri Garhwal,PauriGarhwal_S5,2008-05-01,99.7,38.4,0.62
Pauri Garhwal,PauriGarhwal_S5,2008-06-01,268.0,44.76,0.62
Pauri Garhwal,PauriGarhwal_S5,2008-07-01,387.5,55.87,0.62
Pauri Garhwal,PauriGarhwal_S5,2008-08-01,335.2,65.05,0.62
Pauri Garhwal,PauriGarhwal_S5,2008-09-01,225.7,65.32,0.62
Pauri Garhwal,PauriGarhwal_S5,2008-10-01,99.3,52.85,0.62
Pauri Garhwal,PauriGarhwal_S5,2008-11-01,50.5,43.73,0.62
Pauri Garhwal,PauriGarhwal_S5,2008-12-01,51.9,43.95,0.62
Pauri Garhwal,PauriGarhwal_S5,2009-01-01,22.8,38.29,0.62
Pauri Garhwal,PauriGarhwal_S5,2009-02-01,22.6,35.06,0.62
Pauri Garhwal,PauriGarhwal_S5,2009-03-01,33.4,37.19,0.62
Pauri Garhwal,PauriGarhwal_S5,2009-04-01,45.9,37.91,0.62
Pauri Garhwal,PauriGarhwal_S5,2009-05-01,78.7,36.9,0.62
Pauri Garhwal,PauriGarhwal_S5,2009-06-01,174.6,38.09,0.62
Pauri Garhwal,PauriGarhwal_S5,2009-07-01,277.8,52.31,0.62
Pauri Garhwal,PauriGarhwal_S5,2009-08-01,202.9,55.01,0.62
Pauri Garhwal,PauriGarhwal_S5,2009-09-01,148.3,46.89,0.62
Pauri Garhwal,PauriGarhwal_S5,2009-10-01,71.2,46.74,0.62
Pauri Garhwal,PauriGarhwal_S5,2009-11-01,36.8,38.94,0.62
Pauri Garhwal,PauriGarhwal_S5,2009-12-01,37.2,36.17,0.62
Pauri Garhwal,PauriGarhwal_S5,2010-01-01,32.6,37.6,0.62
Pauri Garhwal,PauriGarhwal_S5,2010-02-01,32.3,33.83,0.62
Pauri Garhwal,PauriGarhwal_S5,2010-03-01,53.8,36.69,0.62
Pauri Garhwal,PauriGarhwal_S5,2010-04-01,66.1,41.05,0.62
Pauri Garhwal,PauriGarhwal_S5,2010-05-01,90.4,39.12,0.62
Pauri Garhwal,PauriGarhwal_S5,2010-06-01,244.2,39.08,0.62
Pauri Garhwal,PauriGarhwal_S5,2010-07-01,342.1,49.1,0.62
Pauri Garhwal,PauriGarhwal_S5,2010-08-01,349.1,55.85,0.62
Pauri Garhwal,PauriGarhwal_S5,2010-09-01,220.7,56.63,0.62
Pauri Garhwal,PauriGarhwal_S5,2010-10-01,106.3,47.48,0.62
Pauri Garhwal,PauriGarhwal_S5,2010-11-01,48.6,42.29,0.62
Pauri Garhwal,PauriGarhwal_S5,2010-12-01,51.0,33.24,0.62
Pauri Garhwal,PauriGarhwal_S5,2011-01-01,32.0,38.04,0.62
Pauri Garhwal,PauriGarhwal_S5,2011-02-01,34.0,34.42,0.62
Pauri Garhwal,PauriGarhwal_S5,2011-03-01,46.6,35.8,0.62
Pauri Garhwal,PauriGarhwal_S5,2011-04-01,63.7,33.88,0.62
Pauri Garhwal,PauriGarhwal_S5,2011-05-01,95.4,39.43,0.62
Pauri Garhwal,PauriGarhwal_S5,2011-06-01,237.4,41.46,0.62
Pauri Garhwal,PauriGarhwal_S5,2011-07-01,375.0,50.81,0.62
Pauri Garhwal,PauriGarhwal_S5,2011-08-01,315.8,53.24,0.62
Pauri Garhwal,PauriGarhwal_S5,2011-09-01,213.5,55.72,0.62
Pauri Garhwal,PauriGarhwal_S5,2011-10-01,102.2,47.48,0.62
Pauri Garhwal,PauriGarhwal_S5,2011-11-01,51.0,35.88,0.62
Pauri Garhwal,PauriGarhwal_S5,2011-12-01,51.8,35.47,0.62
Pauri Garhwal,PauriGarhwal_S5,2012-01-01,28.6,36.13,0.62
Pauri Garhwal,PauriGarhwal_S5,2012-02-01,29.4,34.8,0.62
Pauri Garhwal,PauriGarhwal_S5,2012-03-01,38.4,34.13,0.62
Pauri Garhwal,PauriGarhwal_S5,2012-04-01,52.3,34.84,0.62
Pauri Garhwal,PauriGarhwal_S5,2012-05-01,79.3,37.76,0.62
Pauri Garhwal,PauriGarhwal_S5,2012-06-01,217.6,39.11,0.62
Pauri Garhwal,PauriGarhwal_S5,2012-07-01,335.5,39.24,0.62
Pauri Garhwal,PauriGarhwal_S5,2012-08-01,274.2,52.53,0.62
Pauri Garhwal,PauriGarhwal_S5,2012-09-01,186.3,48.86,0.62
Pauri Garhwal,PauriGarhwal_S5,2012-10-01,97.9,39.64,0.62
Pauri Garhwal,PauriGarhwal_S5,2012-11-01,43.1,37.79,0.62
Pauri Garhwal,PauriGarhwal_S5,2012-12-01,47.0,36.11,0.62
Pauri Garhwal,PauriGarhwal_S5,2013-01-01,25.4,32.3,0.62
Pauri Garhwal,PauriGarhwal_S5,2013-02-01,23.8,33.24,0.62
Pauri Garhwal,PauriGarhwal_S5,2013-03-01,37.6,31.02,0.62
Pauri Garhwal,PauriGarhwal_S5,2013-04-01,55.1,32.2,0.62
Pauri Garhwal,PauriGarhwal_S5,2013-05-01,66.7,36.88,0.62
Pauri Garhwal,PauriGarhwal_S5,2013-06-01,213.6,34.05,0.62
Pauri Garhwal,PauriGarhwal_S5,2013-07-01,289.2,45.26,0.62
Pauri Garhwal,PauriGarhwal_S5,2013-08-01,245.7,44.35,0.62
Pauri Garhwal,PauriGarhwal_S5,2013-09-01,148.3,50.35,0.62
Pauri Garhwal,PauriGarhwal_S5,2013-10-01,77.8,41.01,0.62
Pauri Garhwal,PauriGarhwal_S5,2013-11-01,37.1,34.96,0.62
Pauri Garhwal,PauriGarhwal_S5,2013-12-01,39.4,33.58,0.62
Pauri Garhwal,PauriGarhwal_S5,2014-01-01,34.0,30.4,0.62
Pauri Garhwal,PauriGarhwal_S5,2014-02-01,29.5,34.2,0.62
Pauri Garhwal,PauriGarhwal_S5,2014-03-01,41.5,31.42,0.62
Pauri Garhwal,PauriGarhwal_S5,2014-04-01,61.1,32.27,0.62
Pauri Garhwal,PauriGarhwal_S5,2014-05-01,91.9,32.91,0.62
Pauri Garhwal,PauriGarhwal_S5,2014-06-01,267.0,34.53,0.62
Pauri Garhwal,PauriGarhwal_S5,2014-07-01,353.2,47.88,0.62
Pauri Garhwal,PauriGarhwal_S5,2014-08-01,309.6,52.12,0.62
Pauri Garhwal,PauriGarhwal_S5,2014-09-01,218.5,50.25,0.62
Pauri Garhwal,PauriGarhwal_S5,2014-10-01,81.7,42.95,0.62
Pauri Garhwal,PauriGarhwal_S5,2014-11-01,42.8,35.4,0.62
Pauri Garhwal,PauriGarhwal_S5,2014-12-01,41.8,31.39,0.62
Pauri Garhwal,PauriGarhwal_S5,2015-01-01,25.1,35.48,0.62
Pauri Garhwal,PauriGarhwal_S5,2015-02-01,29.7,28.42,0.62
Pauri Garhwal,PauriGarhwal_S5,2015-03-01,41.6,32.99,0.62
Pauri Garhwal,PauriGarhwal_S5,2015-04-01,49.8,33.85,0.62
Pauri Garhwal,PauriGarhwal_S5,2015-05-01,77.9,30.73,0.62
Pauri Garhwal,PauriGarhwal_S5,2015-06-01,231.6,37.46,0.62
Pauri Garhwal,PauriGarhwal_S5,2015-07-01,331.5,44.97,0.62
Pauri Garhwal,PauriGarhwal_S5,2015-08-01,327.6,51.07,0.62
Pauri Garhwal,PauriGarhwal_S5,2015-09-01,226.4,48.42,0.62
Pauri Garhwal,PauriGarhwal_S5,2015-10-01,87.5,41.76,0.62
Pauri Garhwal,PauriGarhwal_S5,2015-11-01,39.0,33.52,0.62
Pauri Garhwal,PauriGarhwal_S5,2015-12-01,35.1,31.52,0.62
Pauri Garhwal,PauriGarhwal_S5,2016-01-01,29.2,32.76,0.62
Pauri Garhwal,PauriGarhwal_S5,2016-02-01,30.2,30.47,0.62
Pauri Garhwal,PauriGarhwal_S5,2016-03-01,44.5,28.8,0.62
Pauri Garhwal,PauriGarhwal_S5,2016-04-01,61.7,32.22,0.62
Pauri Garhwal,PauriGarhwal_S5,2016-05-01,101.6,33.34,0.62
Pauri Garhwal,PauriGarhwal_S5,2016-06-01,252.8,35.24,0.62
Pauri Garhwal,PauriGarhwal_S5,2016-07-01,338.9,44.44,0.62
Pauri Garhwal,PauriGarhwal_S5,2016-08-01,286.2,47.09,0.62
Pauri Garhwal,PauriGarhwal_S5,2016-09-01,175.7,42.5,0.62
Pauri Garhwal,PauriGarhwal_S5,2016-10-01,90.0,36.43,0.62
Pauri Garhwal,PauriGarhwal_S5,2016-11-01,46.6,30.35,0.62
Pauri Garhwal,PauriGarhwal_S5,2016-12-01,53.4,30.84,0.62
Pauri Garhwal,PauriGarhwal_S5,2017-01-01,33.0,30.66,0.62
Pauri Garhwal,PauriGarhwal_S5,2017-02-01,29.4,28.9,0.62
Pauri Garhwal,PauriGarhwal_S5,2017-03-01,41.5,24.94,0.62
Pauri Garhwal,PauriGarhwal_S5,2017-04-01,56.4,28.03,0.62
Pauri Garhwal,PauriGarhwal_S5,2017-05-01,86.4,32.39,0.62
Pauri Garhwal,PauriGarhwal_S5,2017-06-01,286.4,31.22,0.62
Pauri Garhwal,PauriGarhwal_S5,2017-07-01,314.3,44.3,0.62
Pauri Garhwal,PauriGarhwal_S5,2017-08-01,326.4,41.86,0.62
Pauri Garhwal,PauriGarhwal_S5,2017-09-01,184.4,48.84,0.62
Pauri Garhwal,PauriGarhwal_S5,2017-10-01,98.6,37.22,0.62
Pauri Garhwal,PauriGarhwal_S5,2017-11-01,47.3,33.06,0.62
Pauri Garhwal,PauriGarhwal_S5,2017-12-01,45.3,33.09,0.62
Pauri Garhwal,PauriGarhwal_S5,2018-01-01,28.3,31.69,0.62
Pauri Garhwal,PauriGarhwal_S5,2018-02-01,30.9,28.01,0.62
Pauri Garhwal,PauriGarhwal_S5,2018-03-01,43.1,27.67,0.62
Pauri Garhwal,PauriGarhwal_S5,2018-04-01,53.8,28.65,0.62
Pauri Garhwal,PauriGarhwal_S5,2018-05-01,80.3,30.4,0.62
Pauri Garhwal,PauriGarhwal_S5,2018-06-01,241.8,30.87,0.62
Pauri Garhwal,PauriGarhwal_S5,2018-07-01,369.4,39.04,0.62
Pauri Garhwal,PauriGarhwal_S5,2018-08-01,302.0,50.15,0.62
Pauri Garhwal,PauriGarhwal_S5,2018-09-01,192.0,42.68,0.62
Pauri Garhwal,PauriGarhwal_S5,2018-10-01,91.5,41.06,0.62
Pauri Garhwal,PauriGarhwal_S5,2018-11-01,49.4,31.41,0.62
Pauri Garhwal,PauriGarhwal_S5,2018-12-01,45.5,31.49,0.62
Pauri Garhwal,PauriGarhwal_S5,2019-01-01,30.6,29.14,0.62
Pauri Garhwal,PauriGarhwal_S5,2019-02-01,29.1,29.1,0.62
Pauri Garhwal,PauriGarhwal_S5,2019-03-01,47.4,26.61,0.62
Pauri Garhwal,PauriGarhwal_S5,2019-04-01,57.1,27.31,0.62
Pauri Garhwal,PauriGarhwal_S5,2019-05-01,76.2,29.65,0.62
Pauri Garhwal,PauriGarhwal_S5,2019-06-01,200.6,31.41,0.62
Pauri Garhwal,PauriGarhwal_S5,2019-07-01,350.6,36.57,0.62
Pauri Garhwal,PauriGarhwal_S5,2019-08-01,320.3,41.53,0.62
Pauri Garhwal,PauriGarhwal_S5,2019-09-01,180.4,39.77,0.62
Pauri Garhwal,PauriGarhwal_S5,2019-10-01,81.9,32.65,0.62
Pauri Garhwal,PauriGarhwal_S5,2019-11-01,47.2,27.23,0.62
Pauri Garhwal,PauriGarhwal_S5,2019-12-01,38.5,28.12,0.62
Pauri Garhwal,PauriGarhwal_S5,2020-01-01,27.3,28.99,0.62
Pauri Garhwal,PauriGarhwal_S5,2020-02-01,25.2,26.77,0.62
Pauri Garhwal,PauriGarhwal_S5,2020-03-01,38.9,23.61,0.62
Pauri Garhwal,PauriGarhwal_S5,2020-04-01,51.3,27.01,0.62
Pauri Garhwal,PauriGarhwal_S5,2020-05-01,80.0,27.62,0.62
Pauri Garhwal,PauriGarhwal_S5,2020-06-01,231.2,32.34,0.62
Pauri Garhwal,PauriGarhwal_S5,2020-07-01,287.8,34.34,0.62
Pauri Garhwal,PauriGarhwal_S5,2020-08-01,273.1,39.1,0.62
Pauri Garhwal,PauriGarhwal_S5,2020-09-01,141.1,42.35,0.62
Pauri Garhwal,PauriGarhwal_S5,2020-10-01,77.6,32.86,0.62
Pauri Garhwal,PauriGarhwal_S5,2020-11-01,36.3,29.61,0.62
Pauri Garhwal,PauriGarhwal_S5,2020-12-01,35.2,26.77,0.62
Pauri Garhwal,PauriGarhwal_S5,2021-01-01,25.4,26.93,0.62
Pauri Garhwal,PauriGarhwal_S5,2021-02-01,28.0,26.94,0.62
Pauri Garhwal,PauriGarhwal_S5,2021-03-01,34.9,24.95,0.62
Pauri Garhwal,PauriGarhwal_S5,2021-04-01,52.2,27.44,0.62
Pauri Garhwal,PauriGarhwal_S5,2021-05-01,75.1,25.24,0.62
Pauri Garhwal,PauriGarhwal_S5,2021-06-01,202.9,28.65,0.62
Pauri Garhwal,PauriGarhwal_S5,2021-07-01,309.5,34.87,0.62
Pauri Garhwal,PauriGarhwal_S5,2021-08-01,271.7,38.6,0.62
Pauri Garhwal,PauriGarhwal_S5,2021-09-01,187.4,37.8,0.62
Pauri Garhwal,PauriGarhwal_S5,2021-10-01,77.2,32.49,0.62
Pauri Garhwal,PauriGarhwal_S5,2021-11-01,36.9,26.46,0.62
Pauri Garhwal,PauriGarhwal_S5,2021-12-01,38.4,25.43,0.62
Pauri Garhwal,PauriGarhwal_S5,2022-01-01,31.5,24.47,0.62
Pauri Garhwal,PauriGarhwal_S5,2022-02-01,28.4,25.91,0.62
Pauri Garhwal,PauriGarhwal_S5,2022-03-01,47.0,23.82,0.62
Pauri Garhwal,PauriGarhwal_S5,2022-04-01,63.3,27.06,0.62
Pauri Garhwal,PauriGarhwal_S5,2022-05-01,112.1,25.29,0.62
Pauri Garhwal,PauriGarhwal_S5,2022-06-01,286.1,28.37,0.62
Pauri Garhwal,PauriGarhwal_S5,2022-07-01,318.7,36.46,0.62
Pauri Garhwal,PauriGarhwal_S5,2022-08-01,303.8,41.73,0.62
Pauri Garhwal,PauriGarhwal_S5,2022-09-01,178.4,38.95,0.62
Pauri Garhwal,PauriGarhwal_S5,2022-10-01,88.9,31.8,0.62
Pauri Garhwal,PauriGarhwal_S5,2022-11-01,47.8,28.42,0.62
Pauri Garhwal,PauriGarhwal_S5,2022-12-01,51.1,22.97,0.62
Pauri Garhwal,PauriGarhwal_S5,2023-01-01,25.3,25.72,0.62
Pauri Garhwal,PauriGarhwal_S5,2023-02-01,22.1,26.91,0.62
Pauri Garhwal,PauriGarhwal_S5,2023-03-01,39.6,24.42,0.62
Pauri Garhwal,PauriGarhwal_S5,2023-04-01,48.9,25.12,0.62
Pauri Garhwal,PauriGarhwal_S5,2023-05-01,76.8,26.11,0.62
Pauri Garhwal,PauriGarhwal_S5,2023-06-01,198.8,27.88,0.62
Pauri Garhwal,PauriGarhwal_S5,2023-07-01,291.7,29.18,0.62
Pauri Garhwal,PauriGarhwal_S5,2023-08-01,229.6,33.65,0.62
Pauri Garhwal,PauriGarhwal_S5,2023-09-01,153.3,34.07,0.62
Pauri Garhwal,PauriGarhwal_S5,2023-10-01,93.8,28.96,0.62
Pauri Garhwal,PauriGarhwal_S5,2023-11-01,36.0,28.95,0.62
Pauri Garhwal,PauriGarhwal_S5,2023-12-01,36.6,24.0,0.62
Pauri Garhwal,PauriGarhwal_S5,2024-01-01,47.2,22.0,0.62
Pauri Garhwal,PauriGarhwal_S5,2024-02-01,34.7,23.22,0.62
Pauri Garhwal,PauriGarhwal_S5,2024-03-01,55.7,20.83,0.62
Pauri Garhwal,PauriGarhwal_S5,2024-04-01,78.6,24.78,0.62
Pauri Garhwal,PauriGarhwal_S5,2024-05-01,130.7,25.83,0.62
Pauri Garhwal,PauriGarhwal_S5,2024-06-01,282.0,27.81,0.62
Pauri Garhwal,PauriGarhwal_S5,2024-07-01,412.7,37.24,0.62
Pauri Garhwal,PauriGarhwal_S5,2024-08-01,406.5,43.74,0.62
Pauri Garhwal,PauriGarhwal_S5,2024-09-01,257.4,40.53,0.62
Pauri Garhwal,PauriGarhwal_S5,2024-10-01,111.3,30.33,0.62
Pauri Garhwal,PauriGarhwal_S5,2024-11-01,56.8,28.03,0.62
Pauri Garhwal,PauriGarhwal_S5,2024-12-01,51.1,25.32,0.62
Pauri Garhwal,PauriGarhwal_S5,2025-01-01,28.3,24.7,0.62
Pauri Garhwal,PauriGarhwal_S5,2025-02-01,29.5,24.37,0.62
Pauri Garhwal,PauriGarhwal_S5,2025-03-01,41.5,21.87,0.62
Pauri Garhwal,PauriGarhwal_S5,2025-04-01,60.0,26.09,0.62
Pauri Garhwal,PauriGarhwal_S5,2025-05-01,93.8,23.31,0.62
Pauri Garhwal,PauriGarhwal_S5,2025-06-01,234.3,26.92,0.62
Pauri Garhwal,PauriGarhwal_S5,2025-07-01,327.2,29.47,0.62
Pauri Garhwal,PauriGarhwal_S5,2025-08-01,290.5,34.58,0.62
Pauri Garhwal,PauriGarhwal_S5,2025-09-01,188.0,37.16,0.62
Pauri Garhwal,PauriGarhwal_S5,2025-10-01,81.8,29.51,0.62
Pauri Garhwal,PauriGarhwal_S5,2025-11-01,44.5,26.16,0.62
Pauri Garhwal,PauriGarhwal_S5,2025-12-01,43.1,23.67,0.62
Pauri Garhwal,PauriGarhwal_S6,2005-01-01,28.8,43.91,0.62
Pauri Garhwal,PauriGarhwal_S6,2005-02-01,33.3,33.93,0.62
Pauri Garhwal,PauriGarhwal_S6,2005-03-01,50.6,35.96,0.62
Pauri Garhwal,PauriGarhwal_S6,2005-04-01,52.9,39.67,0.62
Pauri Garhwal,PauriGarhwal_S6,2005-05-01,84.3,39.43,0.62
Pauri Garhwal,PauriGarhwal_S6,2005-06-01,253.5,37.61,0.62
Pauri Garhwal,PauriGarhwal_S6,2005-07-01,336.4,50.9,0.62
Pauri Garhwal,PauriGarhwal_S6,2005-08-01,313.3,56.87,0.62
Pauri Garhwal,PauriGarhwal_S6,2005-09-01,190.0,55.72,0.62
Pauri Garhwal,PauriGarhwal_S6,2005-10-01,100.7,44.54,0.62
Pauri Garhwal,PauriGarhwal_S6,2005-11-01,50.0,40.07,0.62
Pauri Garhwal,PauriGarhwal_S6,2005-12-01,47.3,36.29,0.62
Pauri Garhwal,PauriGarhwal_S6,2006-01-01,36.4,38.8,0.62
Pauri Garhwal,PauriGarhwal_S6,2006-02-01,32.7,37.96,0.62
Pauri Garhwal,PauriGarhwal_S6,2006-03-01,54.2,35.85,0.62
Pauri Garhwal,PauriGarhwal_S6,2006-04-01,64.8,36.77,0.62
Pauri Garhwal,PauriGarhwal_S6,2006-05-01,112.6,38.4,0.62
Pauri Garhwal,PauriGarhwal_S6,2006-06-01,279.5,39.65,0.62
Pauri Garhwal,PauriGarhwal_S6,2006-07-01,380.1,49.73,0.62
Pauri Garhwal,PauriGarhwal_S6,2006-08-01,331.6,56.74,0.62
Pauri Garhwal,PauriGarhwal_S6,2006-09-01,250.3,54.25,0.62
Pauri Garhwal,PauriGarhwal_S6,2006-10-01,103.9,47.36,0.62
Pauri Garhwal,PauriGarhwal_S6,2006-11-01,50.8,40.46,0.62
Pauri Garhwal,PauriGarhwal_S6,2006-12-01,51.1,37.72,0.62
Pauri Garhwal,PauriGarhwal_S6,2007-01-01,33.3,33.43,0.62
Pauri Garhwal,PauriGarhwal_S6,2007-02-01,33.5,35.04,0.62
Pauri Garhwal,PauriGarhwal_S6,2007-03-01,50.3,34.52,0.62
Pauri Garhwal,PauriGarhwal_S6,2007-04-01,75.9,36.54,0.62
Pauri Garhwal,PauriGarhwal_S6,2007-05-01,94.0,37.52,0.62
Pauri Garhwal,PauriGarhwal_S6,2007-06-01,248.5,35.84,0.62
Pauri Garhwal,PauriGarhwal_S6,2007-07-01,333.2,45.76,0.62
Pauri Garhwal,PauriGarhwal_S6,2007-08-01,339.9,54.41,0.62
Pauri Garhwal,PauriGarhwal_S6,2007-09-01,229.6,57.42,0.62
Pauri Garhwal,PauriGarhwal_S6,2007-10-01,96.3,41.94,0.62
Pauri Garhwal,PauriGarhwal_S6,2007-11-01,45.3,38.89,0.62
Pauri Garhwal,PauriGarhwal_S6,2007-12-01,45.4,36.83,0.62
Pauri Garhwal,PauriGarhwal_S6,2008-01-01,34.9,34.4,0.62
Pauri Garhwal,PauriGarhwal_S6,2008-02-01,34.4,34.81,0.62
Pauri Garhwal,PauriGarhwal_S6,2008-03-01,46.8,32.55,0.62
Pauri Garhwal,PauriGarhwal_S6,2008-04-01,67.1,34.24,0.62
Pauri Garhwal,PauriGarhwal_S6,2008-05-01,99.7,32.77,0.62
Pauri Garhwal,PauriGarhwal_S6,2008-06-01,268.0,33.25,0.62
Pauri Garhwal,PauriGarhwal_S6,2008-07-01,387.5,50.67,0.62
Pauri Garhwal,PauriGarhwal_S6,2008-08-01,335.2,53.16,0.62
Pauri Garhwal,PauriGarhwal_S6,2008-09-01,225.7,51.21,0.62
Pauri Garhwal,PauriGarhwal_S6,2008-10-01,99.3,42.12,0.62
Pauri Garhwal,PauriGarhwal_S6,2008-11-01,50.5,34.47,0.62
Pauri Garhwal,PauriGarhwal_S6,2008-12-01,51.9,33.58,0.62
Pauri Garhwal,PauriGarhwal_S6,2009-01-01,22.8,32.63,0.62
Pauri Garhwal,PauriGarhwal_S6,2009-02-01,22.6,32.53,0.62
Pauri Garhwal,PauriGarhwal_S6,2009-03-01,33.4,32.54,0.62
Pauri Garhwal,PauriGarhwal_S6,2009-04-01,45.9,32.92,0.62
Pauri Garhwal,PauriGarhwal_S6,2009-05-01,78.7,33.48,0.62
Pauri Garhwal,PauriGarhwal_S6,2009-06-01,174.6,37.8,0.62
Pauri Garhwal,PauriGarhwal_S6,2009-07-01,277.8,38.7,0.62
Pauri Garhwal,PauriGarhwal_S6,2009-08-01,202.9,47.03,0.62
Pauri Garhwal,PauriGarhwal_S6,2009-09-01,148.3,44.79,0.62
Pauri Garhwal,PauriGarhwal_S6,2009-10-01,71.2,41.37,0.62
Pauri Garhwal,PauriGarhwal_S6,2009-11-01,36.8,31.64,0.62
Pauri Garhwal,PauriGarhwal_S6,2009-12-01,37.2,31.35,0.62
Pauri Garhwal,PauriGarhwal_S6,2010-01-01,32.6,33.93,0.62
Pauri Garhwal,PauriGarhwal_S6,2010-02-01,32.3,32.2,0.62
Pauri Garhwal,PauriGarhwal_S6,2010-03-01,53.8,31.6,0.62
Pauri Garhwal,PauriGarhwal_S6,2010-04-01,66.1,32.15,0.62
Pauri Garhwal,PauriGarhwal_S6,2010-05-01,90.4,32.51,0.62
Pauri Garhwal,PauriGarhwal_S6,2010-06-01,244.2,35.01,0.62
Pauri Garhwal,PauriGarhwal_S6,2010-07-01,342.1,43.08,0.62
Pauri Garhwal,PauriGarhwal_S6,2010-08-01,349.1,49.25,0.62
Pauri Garhwal,PauriGarhwal_S6,2010-09-01,220.7,49.82,0.62
Pauri Garhwal,PauriGarhwal_S6,2010-10-01,106.3,40.43,0.62
Pauri Garhwal,PauriGarhwal_S6,2010-11-01,48.6,35.87,0.62
Pauri Garhwal,PauriGarhwal_S6,2010-12-01,51.0,36.01,0.62
Pauri Garhwal,PauriGarhwal_S6,2011-01-01,32.0,28.68,0.62
Pauri Garhwal,PauriGarhwal_S6,2011-02-01,34.0,30.76,0.62
Pauri Garhwal,PauriGarhwal_S6,2011-03-01,46.6,29.15,0.62
Pauri Garhwal,PauriGarhwal_S6,2011-04-01,63.7,31.84,0.62
Pauri Garhwal,PauriGarhwal_S6,2011-05-01,95.4,31.92,0.62
Pauri Garhwal,PauriGarhwal_S6,2011-06-01,237.4,34.87,0.62
Pauri Garhwal,PauriGarhwal_S6,2011-07-01,375.0,44.16,0.62
Pauri Garhwal,PauriGarhwal_S6,2011-08-01,315.8,50.0,0.62
Pauri Garhwal,PauriGarhwal_S6,2011-09-01,213.5,48.58,0.62
Pauri Garhwal,PauriGarhwal_S6,2011-10-01,102.2,35.28,0.62
Pauri Garhwal,PauriGarhwal_S6,2011-11-01,51.0,36.15,0.62
Pauri Garhwal,PauriGarhwal_S6,2011-12-01,51.8,31.04,0.62
Pauri Garhwal,PauriGarhwal_S6,2012-01-01,28.6,32.06,0.62
Pauri Garhwal,PauriGarhwal_S6,2012-02-01,29.4,27.25,0.62
Pauri Garhwal,PauriGarhwal_S6,2012-03-01,38.4,27.77,0.62
Pauri Garhwal,PauriGarhwal_S6,2012-04-01,52.3,29.61,0.62
Pauri Garhwal,PauriGarhwal_S6,2012-05-01,79.3,30.06,0.62
Pauri Garhwal,PauriGarhwal_S6,2012-06-01,217.6,31.96,0.62
Pauri Garhwal,PauriGarhwal_S6,2012-07-01,335.5,41.27,0.62
Pauri Garhwal,PauriGarhwal_S6,2012-08-01,274.2,41.57,0.62
Pauri Garhwal,PauriGarhwal_S6,2012-09-01,186.3,44.1,0.62
Pauri Garhwal,PauriGarhwal_S6,2012-10-01,97.9,37.08,0.62
Pauri Garhwal,PauriGarhwal_S6,2012-11-01,43.1,31.75,0.62
Pauri Garhwal,PauriGarhwal_S6,2012-12-01,47.0,26.83,0.62
Pauri Garhwal,PauriGarhwal_S6,2013-01-01,25.4,29.82,0.62
Pauri Garhwal,PauriGarhwal_S6,2013-02-01,23.8,24.47,0.62
Pauri Garhwal,PauriGarhwal_S6,2013-03-01,37.6,28.56,0.62
Pauri Garhwal,PauriGarhwal_S6,2013-04-01,55.1,26.21,0.62
Pauri Garhwal,PauriGarhwal_S6,2013-05-01,66.7,29.27,0.62
Pauri Garhwal,PauriGarhwal_S6,2013-06-01,213.6,29.55,0.62
Pauri Garhwal,PauriGarhwal_S6,2013-07-01,289.2,39.75,0.62
Pauri Garhwal,PauriGarhwal_S6,2013-08-01,245.7,41.14,0.62
Pauri Garhwal,PauriGarhwal_S6,2013-09-01,148.3,37.7,0.62
Pauri Garhwal,PauriGarhwal_S6,2013-10-01,77.8,32.88,0.62
Pauri Garhwal,PauriGarhwal_S6,2013-11-01,37.1,31.79,0.62
Pauri Garhwal,PauriGarhwal_S6,2013-12-01,39.4,28.37,0.62
Pauri Garhwal,PauriGarhwal_S6,2014-01-01,34.0,27.14,0.62
Pauri Garhwal,PauriGarhwal_S6,2014-02-01,29.5,26.98,0.62
Pauri Garhwal,PauriGarhwal_S6,2014-03-01,41.5,24.87,0.62
Pauri Garhwal,PauriGarhwal_S6,2014-04-01,61.1,28.07,0.62
Pauri Garhwal,PauriGarhwal_S6,2014-05-01,91.9,25.97,0.62
Pauri Garhwal,PauriGarhwal_S6,2014-06-01,267.0,31.13,0.62
Pauri Garhwal,PauriGarhwal_S6,2014-07-01,353.2,39.27,0.62
Pauri Garhwal,PauriGarhwal_S6,2014-08-01,309.6,48.55,0.62
Pauri Garhwal,PauriGarhwal_S6,2014-09-01,218.5,38.73,0.62
Pauri Garhwal,PauriGarhwal_S6,2014-10-01,81.7,35.99,0.62
Pauri Garhwal,PauriGarhwal_S6,2014-11-01,42.8,31.65,0.62
Pauri Garhwal,PauriGarhwal_S6,2014-12-01,41.8,28.57,0.62
Pauri Garhwal,PauriGarhwal_S6,2015-01-01,25.1,25.89,0.62
Pauri Garhwal,PauriGarhwal_S6,2015-02-01,29.7,26.19,0.62
Pauri Garhwal,PauriGarhwal_S6,2015-03-01,41.6,26.06,0.62
Pauri Garhwal,PauriGarhwal_S6,2015-04-01,49.8,26.95,0.62
Pauri Garhwal,PauriGarhwal_S6,2015-05-01,77.9,25.98,0.62
Pauri Garhwal,PauriGarhwal_S6,2015-06-01,231.6,28.12,0.62
Pauri Garhwal,PauriGarhwal_S6,2015-07-01,331.5,33.01,0.62
Pauri Garhwal,PauriGarhwal_S6,2015-08-01,327.6,41.05,0.62
Pauri Garhwal,PauriGarhwal_S6,2015-09-01,226.4,41.36,0.62
Pauri Garhwal,PauriGarhwal_S6,2015-10-01,87.5,34.9,0.62
Pauri Garhwal,PauriGarhwal_S6,2015-11-01,39.0,26.02,0.62
Pauri Garhwal,PauriGarhwal_S6,2015-12-01,35.1,27.1,0.62
Pauri Garhwal,PauriGarhwal_S6,2016-01-01,29.2,26.03,0.62
Pauri Garhwal,PauriGarhwal_S6,2016-02-01,30.2,24.28,0.62
Pauri Garhwal,PauriGarhwal_S6,2016-03-01,44.5,24.81,0.62
Pauri Garhwal,PauriGarhwal_S6,2016-04-01,61.7,23.86,0.62
Pauri Garhwal,PauriGarhwal_S6,2016-05-01,101.6,25.19,0.62
Pauri Garhwal,PauriGarhwal_S6,2016-06-01,252.8,27.65,0.62
Pauri Garhwal,PauriGarhwal_S6,2016-07-01,338.9,37.84,0.62
Pauri Garhwal,PauriGarhwal_S6,2016-08-01,286.2,38.43,0.62
Pauri Garhwal,PauriGarhwal_S6,2016-09-01,175.7,38.23,0.62
Pauri Garhwal,PauriGarhwal_S6,2016-10-01,90.0,30.78,0.62
Pauri Garhwal,PauriGarhwal_S6,2016-11-01,46.6,27.78,0.62
Pauri Garhwal,PauriGarhwal_S6,2016-12-01,53.4,25.11,0.62
Pauri Garhwal,PauriGarhwal_S6,2017-01-01,33.0,26.65,0.62
Pauri Garhwal,PauriGarhwal_S6,2017-02-01,29.4,23.83,0.62
Pauri Garhwal,PauriGarhwal_S6,2017-03-01,41.5,22.34,0.62
Pauri Garhwal,PauriGarhwal_S6,2017-04-01,56.4,23.04,0.62
Pauri Garhwal,PauriGarhwal_S6,2017-05-01,86.4,24.7,0.62
Pauri Garhwal,PauriGarhwal_S6,2017-06-01,286.4,25.04,0.62
Pauri Garhwal,PauriGarhwal_S6,2017-07-01,314.3,36.71,0.62
Pauri Garhwal,PauriGarhwal_S6,2017-08-01,326.4,36.3,0.62
Pauri Garhwal,PauriGarhwal_S6,2017-09-01,184.4,42.08,0.62
Pauri Garhwal,PauriGarhwal_S6,2017-10-01,98.6,28.24,0.62
Pauri Garhwal,PauriGarhwal_S6,2017-11-01,47.3,27.15,0.62
Pauri Garhwal,PauriGarhwal_S6,2017-12-01,45.3,23.05,0.62
Pauri Garhwal,PauriGarhwal_S6,2018-01-01,28.3,23.67,0.62
Pauri Garhwal,PauriGarhwal_S6,2018-02-01,30.9,23.58,0.62
Pauri Garhwal,PauriGarhwal_S6,2018-03-01,43.1,20.74,0.62
Pauri Garhwal,PauriGarhwal_S6,2018-04-01,53.8,24.24,0.62
Pauri Garhwal,PauriGarhwal_S6,2018-05-01,80.3,26.68,0.62
Pauri Garhwal,PauriGarhwal_S6,2018-06-01,241.8,24.91,0.62
Pauri Garhwal,PauriGarhwal_S6,2018-07-01,369.4,33.13,0.62
Pauri Garhwal,PauriGarhwal_S6,2018-08-01,302.0,40.3,0.62
Pauri Garhwal,PauriGarhwal_S6,2018-09-01,192.0,34.91,0.62
Pauri Garhwal,PauriGarhwal_S6,2018-10-01,91.5,29.31,0.62
Pauri Garhwal,PauriGarhwal_S6,2018-11-01,49.4,22.7,0.62
Pauri Garhwal,PauriGarhwal_S6,2018-12-01,45.5,24.43,0.62
Pauri Garhwal,PauriGarhwal_S6,2019-01-01,30.6,23.29,0.62
Pauri Garhwal,PauriGarhwal_S6,2019-02-01,29.1,21.55,0.62
Pauri Garhwal,PauriGarhwal_S6,2019-03-01,47.4,22.71,0.62
Pauri Garhwal,PauriGarhwal_S6,2019-04-01,57.1,22.62,0.62
Pauri Garhwal,PauriGarhwal_S6,2019-05-01,76.2,23.03,0.62
Pauri Garhwal,PauriGarhwal_S6,2019-06-01,200.6,25.16,0.62
Pauri Garhwal,PauriGarhwal_S6,2019-07-01,350.6,27.77,0.62
Pauri Garhwal,PauriGarhwal_S6,2019-08-01,320.3,38.07,0.62
Pauri Garhwal,PauriGarhwal_S6,2019-09-01,180.4,32.33,0.62
Pauri Garhwal,PauriGarhwal_S6,2019-10-01,81.9,27.68,0.62
Pauri Garhwal,PauriGarhwal_S6,2019-11-01,47.2,26.64,0.62
Pauri Garhwal,PauriGarhwal_S6,2019-12-01,38.5,24.03,0.62
Pauri Garhwal,PauriGarhwal_S6,2020-01-01,27.3,22.42,0.62
Pauri Garhwal,PauriGarhwal_S6,2020-02-01,25.2,20.74,0.62
Pauri Garhwal,PauriGarhwal_S6,2020-03-01,38.9,21.04,0.62
Pauri Garhwal,PauriGarhwal_S6,2020-04-01,51.3,22.21,0.62
Pauri Garhwal,PauriGarhwal_S6,2020-05-01,80.0,22.63,0.62
Pauri Garhwal,PauriGarhwal_S6,2020-06-01,231.2,23.62,0.62
Pauri Garhwal,PauriGarhwal_S6,2020-07-01,287.8,29.96,0.62
Pauri Garhwal,PauriGarhwal_S6,2020-08-01,273.1,31.94,0.62
Pauri Garhwal,PauriGarhwal_S6,2020-09-01,141.1,29.3,0.62
Pauri Garhwal,PauriGarhwal_S6,2020-10-01,77.6,25.32,0.62
Pauri Garhwal,PauriGarhwal_S6,2020-11-01,36.3,24.34,0.62
Pauri Garhwal,PauriGarhwal_S6,2020-12-01,35.2,20.03,0.62
Pauri Garhwal,PauriGarhwal_S6,2021-01-01,25.4,21.19,0.62
Pauri Garhwal,PauriGarhwal_S6,2021-02-01,28.0,20.06,0.62
Pauri Garhwal,PauriGarhwal_S6,2021-03-01,34.9,21.08,0.62
Pauri Garhwal,PauriGarhwal_S6,2021-04-01,52.2,20.78,0.62
Pauri Garhwal,PauriGarhwal_S6,2021-05-01,75.1,23.44,0.62
Pauri Garhwal,PauriGarhwal_S6,2021-06-01,202.9,23.27,0.62
Pauri Garhwal,PauriGarhwal_S6,2021-07-01,309.5,25.98,0.62
Pauri Garhwal,PauriGarhwal_S6,2021-08-01,271.7,33.11,0.62
Pauri Garhwal,PauriGarhwal_S6,2021-09-01,187.4,29.24,0.62
Pauri Garhwal,PauriGarhwal_S6,2021-10-01,77.2,26.16,0.62
Pauri Garhwal,PauriGarhwal_S6,2021-11-01,36.9,22.8,0.62
Pauri Garhwal,PauriGarhwal_S6,2021-12-01,38.4,20.26,0.62
Pauri Garhwal,PauriGarhwal_S6,2022-01-01,31.5,21.69,0.62
Pauri Garhwal,PauriGarhwal_S6,2022-02-01,28.4,19.64,0.62
Pauri Garhwal,PauriGarhwal_S6,2022-03-01,47.0,19.62,0.62
Pauri Garhwal,PauriGarhwal_S6,2022-04-01,63.3,20.24,0.62
Pauri Garhwal,PauriGarhwal_S6,2022-05-01,112.1,20.9,0.62
Pauri Garhwal,PauriGarhwal_S6,2022-06-01,286.1,24.63,0.62
Pauri Garhwal,PauriGarhwal_S6,2022-07-01,318.7,31.03,0.62
Pauri Garhwal,PauriGarhwal_S6,2022-08-01,303.8,33.94,0.62
Pauri Garhwal,PauriGarhwal_S6,2022-09-01,178.4,34.06,0.62
Pauri Garhwal,PauriGarhwal_S6,2022-10-01,88.9,24.33,0.62
Pauri Garhwal,PauriGarhwal_S6,2022-11-01,47.8,22.19,0.62
Pauri Garhwal,PauriGarhwal_S6,2022-12-01,51.1,19.26,0.62
Pauri Garhwal,PauriGarhwal_S6,2023-01-01,25.3,19.73,0.62
Pauri Garhwal,PauriGarhwal_S6,2023-02-01,22.1,18.87,0.62
Pauri Garhwal,PauriGarhwal_S6,2023-03-01,39.6,18.28,0.62
Pauri Garhwal,PauriGarhwal_S6,2023-04-01,48.9,18.86,0.62
Pauri Garhwal,PauriGarhwal_S6,2023-05-01,76.8,20.06,0.62
Pauri Garhwal,PauriGarhwal_S6,2023-06-01,198.8,19.91,0.62
Pauri Garhwal,PauriGarhwal_S6,2023-07-01,291.7,26.82,0.62
Pauri Garhwal,PauriGarhwal_S6,2023-08-01,229.6,27.82,0.62
Pauri Garhwal,PauriGarhwal_S6,2023-09-01,153.3,30.5,0.62
Pauri Garhwal,PauriGarhwal_S6,2023-10-01,93.8,23.27,0.62
Pauri Garhwal,PauriGarhwal_S6,2023-11-01,36.0,21.6,0.62
Pauri Garhwal,PauriGarhwal_S6,2023-12-01,36.6,18.06,0.62
Pauri Garhwal,PauriGarhwal_S6,2024-01-01,47.2,20.92,0.62
Pauri Garhwal,PauriGarhwal_S6,2024-02-01,34.7,20.7,0.62
Pauri Garhwal,PauriGarhwal_S6,2024-03-01,55.7,19.37,0.62
Pauri Garhwal,PauriGarhwal_S6,2024-04-01,78.6,18.47,0.62
Pauri Garhwal,PauriGarhwal_S6,2024-05-01,130.7,20.8,0.62
Pauri Garhwal,PauriGarhwal_S6,2024-06-01,282.0,21.17,0.62
Pauri Garhwal,PauriGarhwal_S6,2024-07-01,412.7,29.9,0.62
Pauri Garhwal,PauriGarhwal_S6,2024-08-01,406.5,33.84,0.62
Pauri Garhwal,PauriGarhwal_S6,2024-09-01,257.4,32.36,0.62
Pauri Garhwal,PauriGarhwal_S6,2024-10-01,111.3,23.48,0.62
Pauri Garhwal,PauriGarhwal_S6,2024-11-01,56.8,20.35,0.62
Pauri Garhwal,PauriGarhwal_S6,2024-12-01,51.1,20.04,0.62
Pauri Garhwal,PauriGarhwal_S6,2025-01-01,28.3,20.28,0.62
Pauri Garhwal,PauriGarhwal_S6,2025-02-01,29.5,19.26,0.62
Pauri Garhwal,PauriGarhwal_S6,2025-03-01,41.5,16.78,0.62
Pauri Garhwal,PauriGarhwal_S6,2025-04-01,60.0,18.89,0.62
Pauri Garhwal,PauriGarhwal_S6,2025-05-01,93.8,20.18,0.62
Pauri Garhwal,PauriGarhwal_S6,2025-06-01,234.3,18.65,0.62
Pauri Garhwal,PauriGarhwal_S6,2025-07-01,327.2,25.21,0.62
Pauri Garhwal,PauriGarhwal_S6,2025-08-01,290.5,28.78,0.62
Pauri Garhwal,PauriGarhwal_S6,2025-09-01,188.0,26.62,0.62
Pauri Garhwal,PauriGarhwal_S6,2025-10-01,81.8,21.22,0.62
Pauri Garhwal,PauriGarhwal_S6,2025-11-01,44.5,19.3,0.62
Pauri Garhwal,PauriGarhwal_S6,2025-12-01,43.1,17.97,0.62
Tehri Garhwal,TehriGarhwal_S1,2005-01-01,26.1,32.84,0.58
Tehri Garhwal,TehriGarhwal_S1,2005-02-01,26.4,30.3,0.58
Tehri Garhwal,TehriGarhwal_S1,2005-03-01,40.9,30.75,0.58
Tehri Garhwal,TehriGarhwal_S1,2005-04-01,56.7,29.53,0.58
Tehri Garhwal,TehriGarhwal_S1,2005-05-01,80.1,32.47,0.58
Tehri Garhwal,TehriGarhwal_S1,2005-06-01,211.8,34.09,0.58
Tehri Garhwal,TehriGarhwal_S1,2005-07-01,303.4,37.94,0.58
Tehri Garhwal,TehriGarhwal_S1,2005-08-01,231.7,46.19,0.58
Tehri Garhwal,TehriGarhwal_S1,2005-09-01,184.7,44.54,0.58
Tehri Garhwal,TehriGarhwal_S1,2005-10-01,82.1,41.31,0.58
Tehri Garhwal,TehriGarhwal_S1,2005-11-01,41.2,31.85,0.58
Tehri Garhwal,TehriGarhwal_S1,2005-12-01,44.2,31.34,0.58
Tehri Garhwal,TehriGarhwal_S1,2006-01-01,16.7,32.83,0.58
Tehri Garhwal,TehriGarhwal_S1,2006-02-01,20.2,30.54,0.58
Tehri Garhwal,TehriGarhwal_S1,2006-03-01,29.7,29.43,0.58
Tehri Garhwal,TehriGarhwal_S1,2006-04-01,40.1,29.41,0.58
Tehri Garhwal,TehriGarhwal_S1,2006-05-01,57.2,29.76,0.58
Tehri Garhwal,TehriGarhwal_S1,2006-06-01,166.8,32.5,0.58
Tehri Garhwal,TehriGarhwal_S1,2006-07-01,234.0,39.06,0.58
Tehri Garhwal,TehriGarhwal_S1,2006-08-01,205.6,44.24,0.58
Tehri Garhwal,TehriGarhwal_S1,2006-09-01,126.0,41.28,0.58
Tehri Garhwal,TehriGarhwal_S1,2006-10-01,49.4,37.35,0.58
Tehri Garhwal,TehriGarhwal_S1,2006-11-01,31.5,31.11,0.58
Tehri Garhwal,TehriGarhwal_S1,2006-12-01,32.6,30.94,0.58
Tehri Garhwal,TehriGarhwal_S1,2007-01-01,28.5,31.08,0.58
Tehri Garhwal,TehriGarhwal_S1,2007-02-01,32.4,28.29,0.58
Tehri Garhwal,TehriGarhwal_S1,2007-03-01,49.2,26.98,0.58
Tehri Garhwal,TehriGarhwal_S1,2007-04-01,69.1,33.02,0.58
Tehri Garhwal,TehriGarhwal_S1,2007-05-01,85.7,32.25,0.58
Tehri Garhwal,TehriGarhwal_S1,2007-06-01,241.2,30.0,0.58
Tehri Garhwal,TehriGarhwal_S1,2007-07-01,358.0,40.93,0.58
Tehri Garhwal,TehriGarhwal_S1,2007-08-01,308.5,51.54,0.58
Tehri Garhwal,TehriGarhwal_S1,2007-09-01,181.8,45.81,0.58
Tehri Garhwal,TehriGarhwal_S1,2007-10-01,95.2,37.53,0.58
Tehri Garhwal,TehriGarhwal_S1,2007-11-01,48.2,35.41,0.58
Tehri Garhwal,TehriGarhwal_S1,2007-12-01,46.4,28.55,0.58
Tehri Garhwal,TehriGarhwal_S1,2008-01-01,28.3,28.76,0.58
Tehri Garhwal,TehriGarhwal_S1,2008-02-01,32.3,29.09,0.58
Tehri Garhwal,TehriGarhwal_S1,2008-03-01,40.3,29.55,0.58
Tehri Garhwal,TehriGarhwal_S1,2008-04-01,55.1,30.14,0.58
Tehri Garhwal,TehriGarhwal_S1,2008-05-01,86.8,31.64,0.58
Tehri Garhwal,TehriGarhwal_S1,2008-06-01,247.6,32.46,0.58
Tehri Garhwal,TehriGarhwal_S1,2008-07-01,280.0,42.89,0.58
Tehri Garhwal,TehriGarhwal_S1,2008-08-01,258.9,43.19,0.58
Tehri Garhwal,TehriGarhwal_S1,2008-09-01,157.3,42.53,0.58
Tehri Garhwal,TehriGarhwal_S1,2008-10-01,87.0,36.36,0.58
Tehri Garhwal,TehriGarhwal_S1,2008-11-01,39.5,32.19,0.58
Tehri Garhwal,TehriGarhwal_S1,2008-12-01,42.0,30.04,0.58
Tehri Garhwal,TehriGarhwal_S1,2009-01-01,29.2,29.82,0.58
Tehri Garhwal,TehriGarhwal_S1,2009-02-01,31.3,28.25,0.58
Tehri Garhwal,TehriGarhwal_S1,2009-03-01,45.1,27.12,0.58
Tehri Garhwal,TehriGarhwal_S1,2009-04-01,64.9,29.13,0.58
Tehri Garhwal,TehriGarhwal_S1,2009-05-01,95.8,30.12,0.58
Tehri Garhwal,TehriGarhwal_S1,2009-06-01,232.6,32.26,0.58
Tehri Garhwal,TehriGarhwal_S1,2009-07-01,334.0,44.44,0.58
Tehri Garhwal,TehriGarhwal_S1,2009-08-01,333.5,44.76,0.58
Tehri Garhwal,TehriGarhwal_S1,2009-09-01,206.4,46.82,0.58
Tehri Garhwal,TehriGarhwal_S1,2009-10-01,82.0,40.28,0.58
Tehri Garhwal,TehriGarhwal_S1,2009-11-01,48.6,30.98,0.58
Tehri Garhwal,TehriGarhwal_S1,2009-12-01,42.2,32.16,0.58
Tehri Garhwal,TehriGarhwal_S1,2010-01-01,36.7,27.83,0.58
Tehri Garhwal,TehriGarhwal_S1,2010-02-01,34.7,28.44,0.58
Tehri Garhwal,TehriGarhwal_S1,2010-03-01,51.5,26.71,0.58
Tehri Garhwal,TehriGarhwal_S1,2010-04-01,66.7,28.24,0.58
Tehri Garhwal,TehriGarhwal_S1,2010-05-01,107.3,29.95,0.58
Tehri Garhwal,TehriGarhwal_S1,2010-06-01,263.4,33.24,0.58
Tehri Garhwal,TehriGarhwal_S1,2010-07-01,380.3,41.56,0.58
Tehri Garhwal,TehriGarhwal_S1,2010-08-01,363.0,50.61,0.58
Tehri Garhwal,TehriGarhwal_S1,2010-09-01,210.6,46.3,0.58
Tehri Garhwal,TehriGarhwal_S1,2010-10-01,96.8,36.99,0.58
Tehri Garhwal,TehriGarhwal_S1,2010-11-01,46.0,35.16,0.58
Tehri Garhwal,TehriGarhwal_S1,2010-12-01,46.6,28.55,0.58
Tehri Garhwal,TehriGarhwal_S1,2011-01-01,21.5,26.97,0.58
Tehri Garhwal,TehriGarhwal_S1,2011-02-01,23.3,25.56,0.58
Tehri Garhwal,TehriGarhwal_S1,2011-03-01,34.0,25.28,0.58
Tehri Garhwal,TehriGarhwal_S1,2011-04-01,35.4,28.36,0.58
Tehri Garhwal,TehriGarhwal_S1,2011-05-01,64.5,26.62,0.58
Tehri Garhwal,TehriGarhwal_S1,2011-06-01,181.1,28.91,0.58
Tehri Garhwal,TehriGarhwal_S1,2011-07-01,215.4,35.18,0.58
Tehri Garhwal,TehriGarhwal_S1,2011-08-01,204.9,38.53,0.58
Tehri Garhwal,TehriGarhwal_S1,2011-09-01,110.9,34.96,0.58
Tehri Garhwal,TehriGarhwal_S1,2011-10-01,62.3,29.45,0.58
Tehri Garhwal,TehriGarhwal_S1,2011-11-01,27.9,28.64,0.58
Tehri Garhwal,TehriGarhwal_S1,2011-12-01,31.0,27.13,0.58
Tehri Garhwal,TehriGarhwal_S1,2012-01-01,22.4,26.9,0.58
Tehri Garhwal,TehriGarhwal_S1,2012-02-01,23.2,24.88,0.58
Tehri Garhwal,TehriGarhwal_S1,2012-03-01,30.1,26.8,0.58
Tehri Garhwal,TehriGarhwal_S1,2012-04-01,39.0,25.29,0.58
Tehri Garhwal,TehriGarhwal_S1,2012-05-01,53.2,26.01,0.58
Tehri Garhwal,TehriGarhwal_S1,2012-06-01,167.9,26.15,0.58
Tehri Garhwal,TehriGarhwal_S1,2012-07-01,224.9,35.96,0.58
Tehri Garhwal,TehriGarhwal_S1,2012-08-01,187.8,38.02,0.58
Tehri Garhwal,TehriGarhwal_S1,2012-09-01,144.4,35.79,0.58
Tehri Garhwal,TehriGarhwal_S1,2012-10-01,62.0,34.28,0.58
Tehri Garhwal,TehriGarhwal_S1,2012-11-01,29.4,31.56,0.58
Tehri Garhwal,TehriGarhwal_S1,2012-12-01,30.7,23.61,0.58
Tehri Garhwal,TehriGarhwal_S1,2013-01-01,34.1,24.89,0.58
Tehri Garhwal,TehriGarhwal_S1,2013-02-01,32.2,25.18,0.58
Tehri Garhwal,TehriGarhwal_S1,2013-03-01,51.2,24.73,0.58
Tehri Garhwal,TehriGarhwal_S1,2013-04-01,59.0,25.37,0.58
Tehri Garhwal,TehriGarhwal_S1,2013-05-01,97.8,26.78,0.58
Tehri Garhwal,TehriGarhwal_S1,2013-06-01,263.1,27.46,0.58
Tehri Garhwal,TehriGarhwal_S1,2013-07-01,344.1,38.8,0.58
Tehri Garhwal,TehriGarhwal_S1,2013-08-01,336.3,42.58,0.58
Tehri Garhwal,TehriGarhwal_S1,2013-09-01,198.1,42.98,0.58
Tehri Garhwal,TehriGarhwal_S1,2013-10-01,101.5,35.31,0.58
Tehri Garhwal,TehriGarhwal_S1,2013-11-01,50.9,30.04,0.58
Tehri Garhwal,TehriGarhwal_S1,2013-12-01,37.4,25.9,0.58
Tehri Garhwal,TehriGarhwal_S1,2014-01-01,25.0,28.33,0.58
Tehri Garhwal,TehriGarhwal_S1,2014-02-01,31.4,25.19,0.58
Tehri Garhwal,TehriGarhwal_S1,2014-03-01,53.6,22.85,0.58
Tehri Garhwal,TehriGarhwal_S1,2014-04-01,64.3,25.01,0.58
Tehri Garhwal,TehriGarhwal_S1,2014-05-01,87.4,24.52,0.58
Tehri Garhwal,TehriGarhwal_S1,2014-06-01,240.9,28.05,0.58
Tehri Garhwal,TehriGarhwal_S1,2014-07-01,392.8,35.9,0.58
Tehri Garhwal,TehriGarhwal_S1,2014-08-01,279.3,43.06,0.58
Tehri Garhwal,TehriGarhwal_S1,2014-09-01,233.9,41.83,0.58
Tehri Garhwal,TehriGarhwal_S1,2014-10-01,98.6,36.51,0.58
Tehri Garhwal,TehriGarhwal_S1,2014-11-01,44.8,29.38,0.58
Tehri Garhwal,TehriGarhwal_S1,2014-12-01,47.2,24.28,0.58
Tehri Garhwal,TehriGarhwal_S1,2015-01-01,25.4,24.27,0.58
Tehri Garhwal,TehriGarhwal_S1,2015-02-01,25.1,24.4,0.58
Tehri Garhwal,TehriGarhwal_S1,2015-03-01,30.7,24.51,0.58
Tehri Garhwal,TehriGarhwal_S1,2015-04-01,45.9,22.26,0.58
Tehri Garhwal,TehriGarhwal_S1,2015-05-01,66.3,25.06,0.58
Tehri Garhwal,TehriGarhwal_S1,2015-06-01,209.5,26.31,0.58
Tehri Garhwal,TehriGarhwal_S1,2015-07-01,232.8,33.3,0.58
Tehri Garhwal,TehriGarhwal_S1,2015-08-01,267.7,33.39,0.58
Tehri Garhwal,TehriGarhwal_S1,2015-09-01,153.8,35.56,0.58
Tehri Garhwal,TehriGarhwal_S1,2015-10-01,64.6,30.33,0.58
Tehri Garhwal,TehriGarhwal_S1,2015-11-01,33.7,26.07,0.58
Tehri Garhwal,TehriGarhwal_S1,2015-12-01,33.3,25.05,0.58
Tehri Garhwal,TehriGarhwal_S1,2016-01-01,22.8,25.56,0.58
Tehri Garhwal,TehriGarhwal_S1,2016-02-01,20.4,23.32,0.58
Tehri Garhwal,TehriGarhwal_S1,2016-03-01,28.0,22.97,0.58
Tehri Garhwal,TehriGarhwal_S1,2016-04-01,43.9,24.37,0.58
Tehri Garhwal,TehriGarhwal_S1,2016-05-01,58.1,25.36,0.58
Tehri Garhwal,TehriGarhwal_S1,2016-06-01,170.3,24.73,0.58
Tehri Garhwal,TehriGarhwal_S1,2016-07-01,231.0,32.14,0.58
Tehri Garhwal,TehriGarhwal_S1,2016-08-01,210.7,35.59,0.58
Tehri Garhwal,TehriGarhwal_S1,2016-09-01,170.8,34.96,0.58
Tehri Garhwal,TehriGarhwal_S1,2016-10-01,68.2,33.5,0.58
Tehri Garhwal,TehriGarhwal_S1,2016-11-01,34.6,24.44,0.58
Tehri Garhwal,TehriGarhwal_S1,2016-12-01,29.1,23.83,0.58
Tehri Garhwal,TehriGarhwal_S1,2017-01-01,25.7,23.51,0.58
Tehri Garhwal,TehriGarhwal_S1,2017-02-01,23.2,23.16,0.58
Tehri Garhwal,TehriGarhwal_S1,2017-03-01,40.6,22.36,0.58
Tehri Garhwal,TehriGarhwal_S1,2017-04-01,45.6,22.15,0.58
Tehri Garhwal,TehriGarhwal_S1,2017-05-01,74.0,24.25,0.58
Tehri Garhwal,TehriGarhwal_S1,2017-06-01,192.6,24.52,0.58
Tehri Garhwal,TehriGarhwal_S1,2017-07-01,281.4,31.45,0.58
Tehri Garhwal,TehriGarhwal_S1,2017-08-01,239.6,34.23,0.58
Tehri Garhwal,TehriGarhwal_S1,2017-09-01,160.6,31.67,0.58
Tehri Garhwal,TehriGarhwal_S1,2017-10-01,74.3,29.91,0.58
Tehri Garhwal,TehriGarhwal_S1,2017-11-01,35.7,25.46,0.58
Tehri Garhwal,TehriGarhwal_S1,2017-12-01,39.4,24.0,0.58
Tehri Garhwal,TehriGarhwal_S1,2018-01-01,28.8,26.02,0.58
Tehri Garhwal,TehriGarhwal_S1,2018-02-01,28.0,23.22,0.58
Tehri Garhwal,TehriGarhwal_S1,2018-03-01,46.3,23.37,0.58
Tehri Garhwal,TehriGarhwal_S1,2018-04-01,56.9,22.39,0.58
Tehri Garhwal,TehriGarhwal_S1,2018-05-01,84.9,22.58,0.58
Tehri Garhwal,TehriGarhwal_S1,2018-06-01,234.0,27.46,0.58
Tehri Garhwal,TehriGarhwal_S1,2018-07-01,362.3,31.1,0.58
Tehri Garhwal,TehriGarhwal_S1,2018-08-01,258.9,36.72,0.58
Tehri Garhwal,TehriGarhwal_S1,2018-09-01,200.1,33.62,0.58
Tehri Garhwal,TehriGarhwal_S1,2018-10-01,73.8,30.65,0.58
Tehri Garhwal,TehriGarhwal_S1,2018-11-01,44.3,23.56,0.58
Tehri Garhwal,TehriGarhwal_S1,2018-12-01,49.0,22.85,0.58
Tehri Garhwal,TehriGarhwal_S1,2019-01-01,30.5,24.82,0.58
Tehri Garhwal,TehriGarhwal_S1,2019-02-01,28.7,21.55,0.58
Tehri Garhwal,TehriGarhwal_S1,2019-03-01,45.2,20.78,0.58
Tehri Garhwal,TehriGarhwal_S1,2019-04-01,58.9,24.16,0.58
Tehri Garhwal,TehriGarhwal_S1,2019-05-01,84.5,24.26,0.58
Tehri Garhwal,TehriGarhwal_S1,2019-06-01,234.8,24.07,0.58
Tehri Garhwal,TehriGarhwal_S1,2019-07-01,335.8,29.38,0.58
Tehri Garhwal,TehriGarhwal_S1,2019-08-01,282.1,35.25,0.58
Tehri Garhwal,TehriGarhwal_S1,2019-09-01,182.7,33.92,0.58
Tehri Garhwal,TehriGarhwal_S1,2019-10-01,80.3,30.98,0.58
Tehri Garhwal,TehriGarhwal_S1,2019-11-01,46.5,23.15,0.58
Tehri Garhwal,TehriGarhwal_S1,2019-12-01,47.0,22.69,0.58
Tehri Garhwal,TehriGarhwal_S1,2020-01-01,31.2,23.53,0.58
Tehri Garhwal,TehriGarhwal_S1,2020-02-01,29.2,19.37,0.58
Tehri Garhwal,TehriGarhwal_S1,2020-03-01,44.8,22.97,0.58
Tehri Garhwal,TehriGarhwal_S1,2020-04-01,59.4,21.2,0.58
Tehri Garhwal,TehriGarhwal_S1,2020-05-01,86.3,23.55,0.58
Tehri Garhwal,TehriGarhwal_S1,2020-06-01,221.9,24.66,0.58
Tehri Garhwal,TehriGarhwal_S1,2020-07-01,375.2,32.24,0.58
Tehri Garhwal,TehriGarhwal_S1,2020-08-01,279.3,38.63,0.58
Tehri Garhwal,TehriGarhwal_S1,2020-09-01,178.3,29.17,0.58
Tehri Garhwal,TehriGarhwal_S1,2020-10-01,89.9,27.29,0.58
Tehri Garhwal,TehriGarhwal_S1,2020-11-01,44.3,24.47,0.58
Tehri Garhwal,TehriGarhwal_S1,2020-12-01,38.6,21.95,0.58
Tehri Garhwal,TehriGarhwal_S1,2021-01-01,32.5,22.38,0.58
Tehri Garhwal,TehriGarhwal_S1,2021-02-01,29.8,22.39,0.58
Tehri Garhwal,TehriGarhwal_S1,2021-03-01,53.7,22.03,0.58
Tehri Garhwal,TehriGarhwal_S1,2021-04-01,68.7,22.18,0.58
Tehri Garhwal,TehriGarhwal_S1,2021-05-01,88.2,20.93,0.58
Tehri Garhwal,TehriGarhwal_S1,2021-06-01,298.9,23.35,0.58
Tehri Garhwal,TehriGarhwal_S1,2021-07-01,378.8,34.06,0.58
Tehri Garhwal,TehriGarhwal_S1,2021-08-01,326.9,34.89,0.58
Tehri Garhwal,TehriGarhwal_S1,2021-09-01,239.7,35.59,0.58
Tehri Garhwal,TehriGarhwal_S1,2021-10-01,99.4,31.9,0.58
Tehri Garhwal,TehriGarhwal_S1,2021-11-01,49.0,24.32,0.58
Tehri Garhwal,TehriGarhwal_S1,2021-12-01,46.5,18.52,0.58
Tehri Garhwal,TehriGarhwal_S1,2022-01-01,31.6,20.33,0.58
Tehri Garhwal,TehriGarhwal_S1,2022-02-01,30.5,22.99,0.58
Tehri Garhwal,TehriGarhwal_S1,2022-03-01,42.8,20.35,0.58
Tehri Garhwal,TehriGarhwal_S1,2022-04-01,61.5,19.3,0.58
Tehri Garhwal,TehriGarhwal_S1,2022-05-01,90.8,23.59,0.58
Tehri Garhwal,TehriGarhwal_S1,2022-06-01,217.6,23.49,0.58
Tehri Garhwal,TehriGarhwal_S1,2022-07-01,295.5,30.62,0.58
Tehri Garhwal,TehriGarhwal_S1,2022-08-01,318.2,32.84,0.58
Tehri Garhwal,TehriGarhwal_S1,2022-09-01,156.7,34.09,0.58
Tehri Garhwal,TehriGarhwal_S1,2022-10-01,92.8,26.66,0.58
Tehri Garhwal,TehriGarhwal_S1,2022-11-01,43.9,24.15,0.58
Tehri Garhwal,TehriGarhwal_S1,2022-12-01,50.4,23.56,0.58
Tehri Garhwal,TehriGarhwal_S1,2023-01-01,27.3,22.43,0.58
Tehri Garhwal,TehriGarhwal_S1,2023-02-01,25.1,18.74,0.58
Tehri Garhwal,TehriGarhwal_S1,2023-03-01,39.2,20.66,0.58
Tehri Garhwal,TehriGarhwal_S1,2023-04-01,54.9,21.97,0.58
Tehri Garhwal,TehriGarhwal_S1,2023-05-01,74.9,22.71,0.58
Tehri Garhwal,TehriGarhwal_S1,2023-06-01,224.0,21.77,0.58
Tehri Garhwal,TehriGarhwal_S1,2023-07-01,262.5,30.3,0.58
Tehri Garhwal,TehriGarhwal_S1,2023-08-01,265.4,31.64,0.58
Tehri Garhwal,TehriGarhwal_S1,2023-09-01,181.0,34.2,0.58
Tehri Garhwal,TehriGarhwal_S1,2023-10-01,81.9,25.63,0.58
Tehri Garhwal,TehriGarhwal_S1,2023-11-01,44.9,21.77,0.58
Tehri Garhwal,TehriGarhwal_S1,2023-12-01,36.5,20.39,0.58
Tehri Garhwal,TehriGarhwal_S1,2024-01-01,20.4,19.82,0.58
Tehri Garhwal,TehriGarhwal_S1,2024-02-01,23.4,18.72,0.58
Tehri Garhwal,TehriGarhwal_S1,2024-03-01,34.6,16.96,0.58
Tehri Garhwal,TehriGarhwal_S1,2024-04-01,44.8,19.68,0.58
Tehri Garhwal,TehriGarhwal_S1,2024-05-01,60.6,20.89,0.58
Tehri Garhwal,TehriGarhwal_S1,2024-06-01,188.6,20.62,0.58
Tehri Garhwal,TehriGarhwal_S1,2024-07-01,220.3,29.05,0.58
Tehri Garhwal,TehriGarhwal_S1,2024-08-01,242.7,27.8,0.58
Tehri Garhwal,TehriGarhwal_S1,2024-09-01,177.3,30.51,0.58
Tehri Garhwal,TehriGarhwal_S1,2024-10-01,68.6,26.21,0.58
Tehri Garhwal,TehriGarhwal_S1,2024-11-01,34.9,22.15,0.58
Tehri Garhwal,TehriGarhwal_S1,2024-12-01,32.0,20.1,0.58
Tehri Garhwal,TehriGarhwal_S1,2025-01-01,19.4,21.01,0.58
Tehri Garhwal,TehriGarhwal_S1,2025-02-01,18.6,19.16,0.58
Tehri Garhwal,TehriGarhwal_S1,2025-03-01,27.1,19.51,0.58
Tehri Garhwal,TehriGarhwal_S1,2025-04-01,46.4,19.7,0.58
Tehri Garhwal,TehriGarhwal_S1,2025-05-01,62.5,19.82,0.58
Tehri Garhwal,TehriGarhwal_S1,2025-06-01,168.1,21.16,0.58
Tehri Garhwal,TehriGarhwal_S1,2025-07-01,218.8,27.85,0.58
Tehri Garhwal,TehriGarhwal_S1,2025-08-01,201.2,26.72,0.58
Tehri Garhwal,TehriGarhwal_S1,2025-09-01,142.8,26.86,0.58
Tehri Garhwal,TehriGarhwal_S1,2025-10-01,61.0,25.37,0.58
Tehri Garhwal,TehriGarhwal_S1,2025-11-01,31.9,21.65,0.58
Tehri Garhwal,TehriGarhwal_S1,2025-12-01,30.1,19.26,0.58
Tehri Garhwal,TehriGarhwal_S2,2005-01-01,26.1,24.12,0.58
Tehri Garhwal,TehriGarhwal_S2,2005-02-01,26.4,24.52,0.58
Tehri Garhwal,TehriGarhwal_S2,2005-03-01,40.9,22.98,0.58
Tehri Garhwal,TehriGarhwal_S2,2005-04-01,56.7,24.59,0.58
Tehri Garhwal,TehriGarhwal_S2,2005-05-01,80.1,23.03,0.58
Tehri Garhwal,TehriGarhwal_S2,2005-06-01,211.8,23.23,0.58
Tehri Garhwal,TehriGarhwal_S2,2005-07-01,303.4,31.88,0.58
Tehri Garhwal,TehriGarhwal_S2,2005-08-01,231.7,35.72,0.58
Tehri Garhwal,TehriGarhwal_S2,2005-09-01,184.7,31.44,0.58
Tehri Garhwal,TehriGarhwal_S2,2005-10-01,82.1,30.02,0.58
Tehri Garhwal,TehriGarhwal_S2,2005-11-01,41.2,28.36,0.58
Tehri Garhwal,TehriGarhwal_S2,2005-12-01,44.2,23.85,0.58
Tehri Garhwal,TehriGarhwal_S2,2006-01-01,16.7,24.17,0.58
Tehri Garhwal,TehriGarhwal_S2,2006-02-01,20.2,22.51,0.58
Tehri Garhwal,TehriGarhwal_S2,2006-03-01,29.7,23.31,0.58
Tehri Garhwal,TehriGarhwal_S2,2006-04-01,40.1,21.87,0.58
Tehri Garhwal,TehriGarhwal_S2,2006-05-01,57.2,20.19,0.58
Tehri Garhwal,TehriGarhwal_S2,2006-06-01,166.8,23.02,0.58
Tehri Garhwal,TehriGarhwal_S2,2006-07-01,234.0,29.43,0.58
Tehri Garhwal,TehriGarhwal_S2,2006-08-01,205.6,29.8,0.58
Tehri Garhwal,TehriGarhwal_S2,2006-09-01,126.0,29.65,0.58
Tehri Garhwal,TehriGarhwal_S2,2006-10-01,49.4,25.24,0.58
Tehri Garhwal,TehriGarhwal_S2,2006-11-01,31.5,24.23,0.58
Tehri Garhwal,TehriGarhwal_S2,2006-12-01,32.6,22.46,0.58
Tehri Garhwal,TehriGarhwal_S2,2007-01-01,28.5,22.34,0.58
Tehri Garhwal,TehriGarhwal_S2,2007-02-01,32.4,22.05,0.58
Tehri Garhwal,TehriGarhwal_S2,2007-03-01,49.2,21.46,0.58
Tehri Garhwal,TehriGarhwal_S2,2007-04-01,69.1,22.42,0.58
Tehri Garhwal,TehriGarhwal_S2,2007-05-01,85.7,21.67,0.58
Tehri Garhwal,TehriGarhwal_S2,2007-06-01,241.2,21.12,0.58
Tehri Garhwal,TehriGarhwal_S2,2007-07-01,358.0,30.87,0.58
Tehri Garhwal,TehriGarhwal_S2,2007-08-01,308.5,36.37,0.58
Tehri Garhwal,TehriGarhwal_S2,2007-09-01,181.8,35.5,0.58
Tehri Garhwal,TehriGarhwal_S2,2007-10-01,95.2,29.9,0.58
Tehri Garhwal,TehriGarhwal_S2,2007-11-01,48.2,25.66,0.58
Tehri Garhwal,TehriGarhwal_S2,2007-12-01,46.4,20.56,0.58
Tehri Garhwal,TehriGarhwal_S2,2008-01-01,28.3,21.12,0.58
Tehri Garhwal,TehriGarhwal_S2,2008-02-01,32.3,21.13,0.58
Tehri Garhwal,TehriGarhwal_S2,2008-03-01,40.3,23.38,0.58
Tehri Garhwal,TehriGarhwal_S2,2008-04-01,55.1,22.6,0.58
Tehri Garhwal,TehriGarhwal_S2,2008-05-01,86.8,22.84,0.58
Tehri Garhwal,TehriGarhwal_S2,2008-06-01,247.6,22.5,0.58
Tehri Garhwal,TehriGarhwal_S2,2008-07-01,280.0,28.54,0.58
Tehri Garhwal,TehriGarhwal_S2,2008-08-01,258.9,32.4,0.58
Tehri Garhwal,TehriGarhwal_S2,2008-09-01,157.3,28.51,0.58
Tehri Garhwal,TehriGarhwal_S2,2008-10-01,87.0,25.4,0.58
Tehri Garhwal,TehriGarhwal_S2,2008-11-01,39.5,22.49,0.58
Tehri Garhwal,TehriGarhwal_S2,2008-12-01,42.0,22.15,0.58
Tehri Garhwal,TehriGarhwal_S2,2009-01-01,29.2,20.2,0.58
Tehri Garhwal,TehriGarhwal_S2,2009-02-01,31.3,17.52,0.58
Tehri Garhwal,TehriGarhwal_S2,2009-03-01,45.1,20.5,0.58
Tehri Garhwal,TehriGarhwal_S2,2009-04-01,64.9,19.8,0.58
Tehri Garhwal,TehriGarhwal_S2,2009-05-01,95.8,21.33,0.58
Tehri Garhwal,TehriGarhwal_S2,2009-06-01,232.6,22.43,0.58
Tehri Garhwal,TehriGarhwal_S2,2009-07-01,334.0,27.81,0.58
Tehri Garhwal,TehriGarhwal_S2,2009-08-01,333.5,33.63,0.58
Tehri Garhwal,TehriGarhwal_S2,2009-09-01,206.4,29.76,0.58
Tehri Garhwal,TehriGarhwal_S2,2009-10-01,82.0,26.16,0.58
Tehri Garhwal,TehriGarhwal_S2,2009-11-01,48.6,22.37,0.58
Tehri Garhwal,TehriGarhwal_S2,2009-12-01,42.2,19.56,0.58
Tehri Garhwal,TehriGarhwal_S2,2010-01-01,36.7,18.26,0.58
Tehri Garhwal,TehriGarhwal_S2,2010-02-01,34.7,20.23,0.58
Tehri Garhwal,TehriGarhwal_S2,2010-03-01,51.5,20.53,0.58
Tehri Garhwal,TehriGarhwal_S2,2010-04-01,66.7,20.02,0.58
Tehri Garhwal,TehriGarhwal_S2,2010-05-01,107.3,18.6,0.58
Tehri Garhwal,TehriGarhwal_S2,2010-06-01,263.4,23.0,0.58
Tehri Garhwal,TehriGarhwal_S2,2010-07-01,380.3,26.1,0.58
Tehri Garhwal,TehriGarhwal_S2,2010-08-01,363.0,33.6,0.58
Tehri Garhwal,TehriGarhwal_S2,2010-09-01,210.6,30.87,0.58
Tehri Garhwal,TehriGarhwal_S2,2010-10-01,96.8,24.58,0.58
Tehri Garhwal,TehriGarhwal_S2,2010-11-01,46.0,20.99,0.58
Tehri Garhwal,TehriGarhwal_S2,2010-12-01,46.6,19.2,0.58
Tehri Garhwal,TehriGarhwal_S2,2011-01-01,21.5,18.72,0.58
Tehri Garhwal,TehriGarhwal_S2,2011-02-01,23.3,18.83,0.58
Tehri Garhwal,TehriGarhwal_S2,2011-03-01,34.0,17.9,0.58
Tehri Garhwal,TehriGarhwal_S2,2011-04-01,35.4,19.59,0.58
Tehri Garhwal,TehriGarhwal_S2,2011-05-01,64.5,18.94,0.58
Tehri Garhwal,TehriGarhwal_S2,2011-06-01,181.1,19.07,0.58
Tehri Garhwal,TehriGarhwal_S2,2011-07-01,215.4,23.21,0.58
Tehri Garhwal,TehriGarhwal_S2,2011-08-01,204.9,23.42,0.58
Tehri Garhwal,TehriGarhwal_S2,2011-09-01,110.9,25.4,0.58
Tehri Garhwal,TehriGarhwal_S2,2011-10-01,62.3,20.95,0.58
Tehri Garhwal,TehriGarhwal_S2,2011-11-01,27.9,17.09,0.58
Tehri Garhwal,TehriGarhwal_S2,2011-12-01,31.0,17.53,0.58
Tehri Garhwal,TehriGarhwal_S2,2012-01-01,22.4,17.26,0.58
Tehri Garhwal,TehriGarhwal_S2,2012-02-01,23.2,19.09,0.58
Tehri Garhwal,TehriGarhwal_S2,2012-03-01,30.1,16.17,0.58
Tehri Garhwal,TehriGarhwal_S2,2012-04-01,39.0,16.6,0.58
Tehri Garhwal,TehriGarhwal_S2,2012-05-01,53.2,19.17,0.58
Tehri Garhwal,TehriGarhwal_S2,2012-06-01,167.9,19.92,0.58
Tehri Garhwal,TehriGarhwal_S2,2012-07-01,224.9,22.07,0.58
Tehri Garhwal,TehriGarhwal_S2,2012-08-01,187.8,24.21,0.58
Tehri Garhwal,TehriGarhwal_S2,2012-09-01,144.4,24.26,0.58
Tehri Garhwal,TehriGarhwal_S2,2012-10-01,62.0,19.3,0.58
Tehri Garhwal,TehriGarhwal_S2,2012-11-01,29.4,16.97,0.58
Tehri Garhwal,TehriGarhwal_S2,2012-12-01,30.7,17.2,0.58
Tehri Garhwal,TehriGarhwal_S2,2013-01-01,34.1,18.79,0.58
Tehri Garhwal,TehriGarhwal_S2,2013-02-01,32.2,17.13,0.58
Tehri Garhwal,TehriGarhwal_S2,2013-03-01,51.2,17.48,0.58
Tehri Garhwal,TehriGarhwal_S2,2013-04-01,59.0,19.06,0.58
Tehri Garhwal,TehriGarhwal_S2,2013-05-01,97.8,20.19,0.58
Tehri Garhwal,TehriGarhwal_S2,2013-06-01,263.1,19.06,0.58
Tehri Garhwal,TehriGarhwal_S2,2013-07-01,344.1,25.57,0.58
Tehri Garhwal,TehriGarhwal_S2,2013-08-01,336.3,31.04,0.58
Tehri Garhwal,TehriGarhwal_S2,2013-09-01,198.1,25.95,0.58
Tehri Garhwal,TehriGarhwal_S2,2013-10-01,101.5,24.2,0.58
Tehri Garhwal,TehriGarhwal_S2,2013-11-01,50.9,18.49,0.58
Tehri Garhwal,TehriGarhwal_S2,2013-12-01,37.4,17.7,0.58
Tehri Garhwal,TehriGarhwal_S2,2014-01-01,25.0,16.86,0.58
Tehri Garhwal,TehriGarhwal_S2,2014-02-01,31.4,15.78,0.58
Tehri Garhwal,TehriGarhwal_S2,2014-03-01,53.6,15.93,0.58
Tehri Garhwal,TehriGarhwal_S2,2014-04-01,64.3,17.74,0.58
Tehri Garhwal,TehriGarhwal_S2,2014-05-01,87.4,18.71,0.58
Tehri Garhwal,TehriGarhwal_S2,2014-06-01,240.9,18.46,0.58
Tehri Garhwal,TehriGarhwal_S2,2014-07-01,392.8,24.01,0.58
Tehri Garhwal,TehriGarhwal_S2,2014-08-01,279.3,30.01,0.58
Tehri Garhwal,TehriGarhwal_S2,2014-09-01,233.9,23.9,0.58
Tehri Garhwal,TehriGarhwal_S2,2014-10-01,98.6,24.34,0.58
Tehri Garhwal,TehriGarhwal_S2,2014-11-01,44.8,19.47,0.58
Tehri Garhwal,TehriGarhwal_S2,2014-12-01,47.2,18.97,0.58
Tehri Garhwal,TehriGarhwal_S2,2015-01-01,25.4,16.5,0.58
Tehri Garhwal,TehriGarhwal_S2,2015-02-01,25.1,15.65,0.58
Tehri Garhwal,TehriGarhwal_S2,2015-03-01,30.7,16.58,0.58
Tehri Garhwal,TehriGarhwal_S2,2015-04-01,45.9,16.76,0.58
Tehri Garhwal,TehriGarhwal_S2,2015-05-01,66.3,16.13,0.58
Tehri Garhwal,TehriGarhwal_S2,2015-06-01,209.5,16.87,0.58
Tehri Garhwal,TehriGarhwal_S2,2015-07-01,232.8,22.62,0.58
Tehri Garhwal,TehriGarhwal_S2,2015-08-01,267.7,21.81,0.58
Tehri Garhwal,TehriGarhwal_S2,2015-09-01,153.8,23.37,0.58
Tehri Garhwal,TehriGarhwal_S2,2015-10-01,64.6,20.05,0.58
Tehri Garhwal,TehriGarhwal_S2,2015-11-01,33.7,17.75,0.58
Tehri Garhwal,TehriGarhwal_S2,2015-12-01,33.3,15.35,0.58
Tehri Garhwal,TehriGarhwal_S2,2016-01-01,22.8,14.32,0.58
Tehri Garhwal,TehriGarhwal_S2,2016-02-01,20.4,13.9,0.58
Tehri Garhwal,TehriGarhwal_S2,2016-03-01,28.0,14.29,0.58
Tehri Garhwal,TehriGarhwal_S2,2016-04-01,43.9,14.44,0.58
Tehri Garhwal,TehriGarhwal_S2,2016-05-01,58.1,15.81,0.58
Tehri Garhwal,TehriGarhwal_S2,2016-06-01,170.3,15.38,0.58
Tehri Garhwal,TehriGarhwal_S2,2016-07-01,231.0,19.28,0.58
Tehri Garhwal,TehriGarhwal_S2,2016-08-01,210.7,21.06,0.58
Tehri Garhwal,TehriGarhwal_S2,2016-09-01,170.8,20.71,0.58
Tehri Garhwal,TehriGarhwal_S2,2016-10-01,68.2,21.13,0.58
Tehri Garhwal,TehriGarhwal_S2,2016-11-01,34.6,16.99,0.58
Tehri Garhwal,TehriGarhwal_S2,2016-12-01,29.1,15.32,0.58
Tehri Garhwal,TehriGarhwal_S2,2017-01-01,25.7,14.74,0.58
Tehri Garhwal,TehriGarhwal_S2,2017-02-01,23.2,14.61,0.58
Tehri Garhwal,TehriGarhwal_S2,2017-03-01,40.6,15.05,0.58
Tehri Garhwal,TehriGarhwal_S2,2017-04-01,45.6,15.77,0.58
Tehri Garhwal,TehriGarhwal_S2,2017-05-01,74.0,14.74,0.58
Tehri Garhwal,TehriGarhwal_S2,2017-06-01,192.6,16.32,0.58
Tehri Garhwal,TehriGarhwal_S2,2017-07-01,281.4,17.96,0.58
Tehri Garhwal,TehriGarhwal_S2,2017-08-01,239.6,22.97,0.58
Tehri Garhwal,TehriGarhwal_S2,2017-09-01,160.6,22.16,0.58
Tehri Garhwal,TehriGarhwal_S2,2017-10-01,74.3,18.55,0.58
Tehri Garhwal,TehriGarhwal_S2,2017-11-01,35.7,17.52,0.58
Tehri Garhwal,TehriGarhwal_S2,2017-12-01,39.4,14.16,0.58
Tehri Garhwal,TehriGarhwal_S2,2018-01-01,28.8,15.05,0.58
Tehri Garhwal,TehriGarhwal_S2,2018-02-01,28.0,14.49,0.58
Tehri Garhwal,TehriGarhwal_S2,2018-03-01,46.3,14.37,0.58
Tehri Garhwal,TehriGarhwal_S2,2018-04-01,56.9,14.88,0.58
Tehri Garhwal,TehriGarhwal_S2,2018-05-01,84.9,15.33,0.58
Tehri Garhwal,TehriGarhwal_S2,2018-06-01,234.0,16.74,0.58
Tehri Garhwal,TehriGarhwal_S2,2018-07-01,362.3,21.98,0.58
Tehri Garhwal,TehriGarhwal_S2,2018-08-01,258.9,24.4,0.58
Tehri Garhwal,TehriGarhwal_S2,2018-09-01,200.1,22.06,0.58
Tehri Garhwal,TehriGarhwal_S2,2018-10-01,73.8,18.68,0.58
Tehri Garhwal,TehriGarhwal_S2,2018-11-01,44.3,16.08,0.58
Tehri Garhwal,TehriGarhwal_S2,2018-12-01,49.0,14.0,0.58
Tehri Garhwal,TehriGarhwal_S2,2019-01-01,30.5,15.46,0.58
Tehri Garhwal,TehriGarhwal_S2,2019-02-01,28.7,15.61,0.58
Tehri Garhwal,TehriGarhwal_S2,2019-03-01,45.2,13.88,0.58
Tehri Garhwal,TehriGarhwal_S2,2019-04-01,58.9,12.83,0.58
Tehri Garhwal,TehriGarhwal_S2,2019-05-01,84.5,14.37,0.58
Tehri Garhwal,TehriGarhwal_S2,2019-06-01,234.8,16.44,0.58
Tehri Garhwal,TehriGarhwal_S2,2019-07-01,335.8,20.42,0.58
Tehri Garhwal,TehriGarhwal_S2,2019-08-01,282.1,23.06,0.58
Tehri Garhwal,TehriGarhwal_S2,2019-09-01,182.7,22.21,0.58
Tehri Garhwal,TehriGarhwal_S2,2019-10-01,80.3,18.62,0.58
Tehri Garhwal,TehriGarhwal_S2,2019-11-01,46.5,16.07,0.58
Tehri Garhwal,TehriGarhwal_S2,2019-12-01,47.0,14.77,0.58
Tehri Garhwal,TehriGarhwal_S2,2020-01-01,31.2,15.16,0.58
Tehri Garhwal,TehriGarhwal_S2,2020-02-01,29.2,13.84,0.58
Tehri Garhwal,TehriGarhwal_S2,2020-03-01,44.8,14.11,0.58
Tehri Garhwal,TehriGarhwal_S2,2020-04-01,59.4,13.69,0.58
Tehri Garhwal,TehriGarhwal_S2,2020-05-01,86.3,13.85,0.58
Tehri Garhwal,TehriGarhwal_S2,2020-06-01,221.9,16.28,0.58
Tehri Garhwal,TehriGarhwal_S2,2020-07-01,375.2,19.02,0.58
Tehri Garhwal,TehriGarhwal_S2,2020-08-01,279.3,24.03,0.58
Tehri Garhwal,TehriGarhwal_S2,2020-09-01,178.3,20.45,0.58
Tehri Garhwal,TehriGarhwal_S2,2020-10-01,89.9,16.91,0.58
Tehri Garhwal,TehriGarhwal_S2,2020-11-01,44.3,14.9,0.58
Tehri Garhwal,TehriGarhwal_S2,2020-12-01,38.6,14.54,0.58
Tehri Garhwal,TehriGarhwal_S2,2021-01-01,32.5,13.74,0.58
Tehri Garhwal,TehriGarhwal_S2,2021-02-01,29.8,12.03,0.58
Tehri Garhwal,TehriGarhwal_S2,2021-03-01,53.7,12.9,0.58
Tehri Garhwal,TehriGarhwal_S2,2021-04-01,68.7,14.89,0.58
Tehri Garhwal,TehriGarhwal_S2,2021-05-01,88.2,13.89,0.58
Tehri Garhwal,TehriGarhwal_S2,2021-06-01,298.9,13.23,0.58
Tehri Garhwal,TehriGarhwal_S2,2021-07-01,378.8,22.2,0.58
Tehri Garhwal,TehriGarhwal_S2,2021-08-01,326.9,23.17,0.58
Tehri Garhwal,TehriGarhwal_S2,2021-09-01,239.7,20.85,0.58
Tehri Garhwal,TehriGarhwal_S2,2021-10-01,99.4,18.14,0.58
Tehri Garhwal,TehriGarhwal_S2,2021-11-01,49.0,15.42,0.58
Tehri Garhwal,TehriGarhwal_S2,2021-12-01,46.5,12.86,0.58
Tehri Garhwal,TehriGarhwal_S2,2022-01-01,31.6,13.87,0.58
Tehri Garhwal,TehriGarhwal_S2,2022-02-01,30.5,13.02,0.58
Tehri Garhwal,TehriGarhwal_S2,2022-03-01,42.8,12.76,0.58
Tehri Garhwal,TehriGarhwal_S2,2022-04-01,61.5,13.0,0.58
Tehri Garhwal,TehriGarhwal_S2,2022-05-01,90.8,13.25,0.58
Tehri Garhwal,TehriGarhwal_S2,2022-06-01,217.6,14.84,0.58
Tehri Garhwal,TehriGarhwal_S2,2022-07-01,295.5,16.66,0.58
Tehri Garhwal,TehriGarhwal_S2,2022-08-01,318.2,17.85,0.58
Tehri Garhwal,TehriGarhwal_S2,2022-09-01,156.7,20.58,0.58
Tehri Garhwal,TehriGarhwal_S2,2022-10-01,92.8,16.16,0.58
Tehri Garhwal,TehriGarhwal_S2,2022-11-01,43.9,14.28,0.58
Tehri Garhwal,TehriGarhwal_S2,2022-12-01,50.4,12.89,0.58
Tehri Garhwal,TehriGarhwal_S2,2023-01-01,27.3,12.56,0.58
Tehri Garhwal,TehriGarhwal_S2,2023-02-01,25.1,12.6,0.58
Tehri Garhwal,TehriGarhwal_S2,2023-03-01,39.2,12.01,0.58
Tehri Garhwal,TehriGarhwal_S2,2023-04-01,54.9,12.06,0.58
Tehri Garhwal,TehriGarhwal_S2,2023-05-01,74.9,12.53,0.58
Tehri Garhwal,TehriGarhwal_S2,2023-06-01,224.0,14.54,0.58
Tehri Garhwal,TehriGarhwal_S2,2023-07-01,262.5,15.5,0.58
Tehri Garhwal,TehriGarhwal_S2,2023-08-01,265.4,18.36,0.58
Tehri Garhwal,TehriGarhwal_S2,2023-09-01,181.0,16.43,0.58
Tehri Garhwal,TehriGarhwal_S2,2023-10-01,81.9,15.65,0.58
Tehri Garhwal,TehriGarhwal_S2,2023-11-01,44.9,12.9,0.58
Tehri Garhwal,TehriGarhwal_S2,2023-12-01,36.5,10.94,0.58
Tehri Garhwal,TehriGarhwal_S2,2024-01-01,20.4,12.2,0.58
Tehri Garhwal,TehriGarhwal_S2,2024-02-01,23.4,11.31,0.58
Tehri Garhwal,TehriGarhwal_S2,2024-03-01,34.6,10.36,0.58
Tehri Garhwal,TehriGarhwal_S2,2024-04-01,44.8,12.32,0.58
Tehri Garhwal,TehriGarhwal_S2,2024-05-01,60.6,12.9,0.58
Tehri Garhwal,TehriGarhwal_S2,2024-06-01,188.6,13.32,0.58
Tehri Garhwal,TehriGarhwal_S2,2024-07-01,220.3,15.79,0.58
Tehri Garhwal,TehriGarhwal_S2,2024-08-01,242.7,16.29,0.58
Tehri Garhwal,TehriGarhwal_S2,2024-09-01,177.3,17.86,0.58
Tehri Garhwal,TehriGarhwal_S2,2024-10-01,68.6,16.37,0.58
Tehri Garhwal,TehriGarhwal_S2,2024-11-01,34.9,13.11,0.58
Tehri Garhwal,TehriGarhwal_S2,2024-12-01,32.0,11.01,0.58
Tehri Garhwal,TehriGarhwal_S2,2025-01-01,19.4,11.56,0.58
Tehri Garhwal,TehriGarhwal_S2,2025-02-01,18.6,11.35,0.58
Tehri Garhwal,TehriGarhwal_S2,2025-03-01,27.1,10.06,0.58
Tehri Garhwal,TehriGarhwal_S2,2025-04-01,46.4,11.49,0.58
Tehri Garhwal,TehriGarhwal_S2,2025-05-01,62.5,12.98,0.58
Tehri Garhwal,TehriGarhwal_S2,2025-06-01,168.1,12.39,0.58
Tehri Garhwal,TehriGarhwal_S2,2025-07-01,218.8,15.56,0.58
Tehri Garhwal,TehriGarhwal_S2,2025-08-01,201.2,15.79,0.58
Tehri Garhwal,TehriGarhwal_S2,2025-09-01,142.8,15.13,0.58
Tehri Garhwal,TehriGarhwal_S2,2025-10-01,61.0,14.03,0.58
Tehri Garhwal,TehriGarhwal_S2,2025-11-01,31.9,11.32,0.58
Tehri Garhwal,TehriGarhwal_S2,2025-12-01,30.1,10.55,0.58
Tehri Garhwal,TehriGarhwal_S3,2005-01-01,26.1,41.61,0.58
Tehri Garhwal,TehriGarhwal_S3,2005-02-01,26.4,38.61,0.58
Tehri Garhwal,TehriGarhwal_S3,2005-03-01,40.9,36.56,0.58
Tehri Garhwal,TehriGarhwal_S3,2005-04-01,56.7,38.38,0.58
Tehri Garhwal,TehriGarhwal_S3,2005-05-01,80.1,39.74,0.58
Tehri Garhwal,TehriGarhwal_S3,2005-06-01,211.8,42.55,0.58
Tehri Garhwal,TehriGarhwal_S3,2005-07-01,303.4,50.84,0.58
Tehri Garhwal,TehriGarhwal_S3,2005-08-01,231.7,61.6,0.58
Tehri Garhwal,TehriGarhwal_S3,2005-09-01,184.7,52.62,0.58
Tehri Garhwal,TehriGarhwal_S3,2005-10-01,82.1,49.53,0.58
Tehri Garhwal,TehriGarhwal_S3,2005-11-01,41.2,38.34,0.58
Tehri Garhwal,TehriGarhwal_S3,2005-12-01,44.2,40.71,0.58
Tehri Garhwal,TehriGarhwal_S3,2006-01-01,16.7,37.72,0.58
Tehri Garhwal,TehriGarhwal_S3,2006-02-01,20.2,35.87,0.58
Tehri Garhwal,TehriGarhwal_S3,2006-03-01,29.7,31.99,0.58
Tehri Garhwal,TehriGarhwal_S3,2006-04-01,40.1,33.93,0.58
Tehri Garhwal,TehriGarhwal_S3,2006-05-01,57.2,38.28,0.58
Tehri Garhwal,TehriGarhwal_S3,2006-06-01,166.8,37.74,0.58
Tehri Garhwal,TehriGarhwal_S3,2006-07-01,234.0,40.92,0.58
Tehri Garhwal,TehriGarhwal_S3,2006-08-01,205.6,52.69,0.58
Tehri Garhwal,TehriGarhwal_S3,2006-09-01,126.0,46.52,0.58
Tehri Garhwal,TehriGarhwal_S3,2006-10-01,49.4,44.73,0.58
Tehri Garhwal,TehriGarhwal_S3,2006-11-01,31.5,35.84,0.58
Tehri Garhwal,TehriGarhwal_S3,2006-12-01,32.6,34.92,0.58
Tehri Garhwal,TehriGarhwal_S3,2007-01-01,28.5,36.57,0.58
Tehri Garhwal,TehriGarhwal_S3,2007-02-01,32.4,32.59,0.58
Tehri Garhwal,TehriGarhwal_S3,2007-03-01,49.2,32.58,0.58
Tehri Garhwal,TehriGarhwal_S3,2007-04-01,69.1,35.04,0.58
Tehri Garhwal,TehriGarhwal_S3,2007-05-01,85.7,38.21,0.58
Tehri Garhwal,TehriGarhwal_S3,2007-06-01,241.2,35.25,0.58
Tehri Garhwal,TehriGarhwal_S3,2007-07-01,358.0,44.7,0.58
Tehri Garhwal,TehriGarhwal_S3,2007-08-01,308.5,59.28,0.58
Tehri Garhwal,TehriGarhwal_S3,2007-09-01,181.8,51.62,0.58
Tehri Garhwal,TehriGarhwal_S3,2007-10-01,95.2,43.2,0.58
Tehri Garhwal,TehriGarhwal_S3,2007-11-01,48.2,34.29,0.58
Tehri Garhwal,TehriGarhwal_S3,2007-12-01,46.4,33.19,0.58
Tehri Garhwal,TehriGarhwal_S3,2008-01-01,28.3,34.11,0.58
Tehri Garhwal,TehriGarhwal_S3,2008-02-01,32.3,34.26,0.58
Tehri Garhwal,TehriGarhwal_S3,2008-03-01,40.3,31.64,0.58
Tehri Garhwal,TehriGarhwal_S3,2008-04-01,55.1,36.11,0.58
Tehri Garhwal,TehriGarhwal_S3,2008-05-01,86.8,33.09,0.58
Tehri Garhwal,TehriGarhwal_S3,2008-06-01,247.6,35.09,0.58
Tehri Garhwal,TehriGarhwal_S3,2008-07-01,280.0,50.89,0.58
Tehri Garhwal,TehriGarhwal_S3,2008-08-01,258.9,49.84,0.58
Tehri Garhwal,TehriGarhwal_S3,2008-09-01,157.3,46.39,0.58
Tehri Garhwal,TehriGarhwal_S3,2008-10-01,87.0,40.32,0.58
Tehri Garhwal,TehriGarhwal_S3,2008-11-01,39.5,38.15,0.58
Tehri Garhwal,TehriGarhwal_S3,2008-12-01,42.0,34.78,0.58
Tehri Garhwal,TehriGarhwal_S3,2009-01-01,29.2,31.14,0.58
Tehri Garhwal,TehriGarhwal_S3,2009-02-01,31.3,31.42,0.58
Tehri Garhwal,TehriGarhwal_S3,2009-03-01,45.1,31.67,0.58
Tehri Garhwal,TehriGarhwal_S3,2009-04-01,64.9,30.74,0.58
Tehri Garhwal,TehriGarhwal_S3,2009-05-01,95.8,33.45,0.58
Tehri Garhwal,TehriGarhwal_S3,2009-06-01,232.6,35.49,0.58
Tehri Garhwal,TehriGarhwal_S3,2009-07-01,334.0,46.91,0.58
Tehri Garhwal,TehriGarhwal_S3,2009-08-01,333.5,53.97,0.58
Tehri Garhwal,TehriGarhwal_S3,2009-09-01,206.4,49.86,0.58
Tehri Garhwal,TehriGarhwal_S3,2009-10-01,82.0,41.76,0.58
Tehri Garhwal,TehriGarhwal_S3,2009-11-01,48.6,35.11,0.58
Tehri Garhwal,TehriGarhwal_S3,2009-12-01,42.2,30.77,0.58
Tehri Garhwal,TehriGarhwal_S3,2010-01-01,36.7,32.09,0.58
Tehri Garhwal,TehriGarhwal_S3,2010-02-01,34.7,30.58,0.58
Tehri Garhwal,TehriGarhwal_S3,2010-03-01,51.5,29.01,0.58
Tehri Garhwal,TehriGarhwal_S3,2010-04-01,66.7,29.95,0.58
Tehri Garhwal,TehriGarhwal_S3,2010-05-01,107.3,34.66,0.58
Tehri Garhwal,TehriGarhwal_S3,2010-06-01,263.4,34.52,0.58
Tehri Garhwal,TehriGarhwal_S3,2010-07-01,380.3,48.21,0.58
Tehri Garhwal,TehriGarhwal_S3,2010-08-01,363.0,50.46,0.58
Tehri Garhwal,TehriGarhwal_S3,2010-09-01,210.6,51.26,0.58
Tehri Garhwal,TehriGarhwal_S3,2010-10-01,96.8,45.68,0.58
Tehri Garhwal,TehriGarhwal_S3,2010-11-01,46.0,31.77,0.58
Tehri Garhwal,TehriGarhwal_S3,2010-12-01,46.6,27.4,0.58
Tehri Garhwal,TehriGarhwal_S3,2011-01-01,21.5,32.14,0.58
Tehri Garhwal,TehriGarhwal_S3,2011-02-01,23.3,27.37,0.58
Tehri Garhwal,TehriGarhwal_S3,2011-03-01,34.0,28.53,0.58
Tehri Garhwal,TehriGarhwal_S3,2011-04-01,35.4,28.27,0.58
Tehri Garhwal,TehriGarhwal_S3,2011-05-01,64.5,29.5,0.58
Tehri Garhwal,TehriGarhwal_S3,2011-06-01,181.1,29.32,0.58
Tehri Garhwal,TehriGarhwal_S3,2011-07-01,215.4,37.43,0.58
Tehri Garhwal,TehriGarhwal_S3,2011-08-01,204.9,40.61,0.58
Tehri Garhwal,TehriGarhwal_S3,2011-09-01,110.9,36.99,0.58
Tehri Garhwal,TehriGarhwal_S3,2011-10-01,62.3,32.0,0.58
Tehri Garhwal,TehriGarhwal_S3,2011-11-01,27.9,29.61,0.58
Tehri Garhwal,TehriGarhwal_S3,2011-12-01,31.0,25.98,0.58
Tehri Garhwal,TehriGarhwal_S3,2012-01-01,22.4,27.47,0.58
Tehri Garhwal,TehriGarhwal_S3,2012-02-01,23.2,27.62,0.58
Tehri Garhwal,TehriGarhwal_S3,2012-03-01,30.1,26.87,0.58
Tehri Garhwal,TehriGarhwal_S3,2012-04-01,39.0,27.35,0.58
Tehri Garhwal,TehriGarhwal_S3,2012-05-01,53.2,28.13,0.58
Tehri Garhwal,TehriGarhwal_S3,2012-06-01,167.9,27.95,0.58
Tehri Garhwal,TehriGarhwal_S3,2012-07-01,224.9,36.72,0.58
Tehri Garhwal,TehriGarhwal_S3,2012-08-01,187.8,41.47,0.58
Tehri Garhwal,TehriGarhwal_S3,2012-09-01,144.4,35.56,0.58
Tehri Garhwal,TehriGarhwal_S3,2012-10-01,62.0,34.59,0.58
Tehri Garhwal,TehriGarhwal_S3,2012-11-01,29.4,28.57,0.58
Tehri Garhwal,TehriGarhwal_S3,2012-12-01,30.7,27.44,0.58
Tehri Garhwal,TehriGarhwal_S3,2013-01-01,34.1,29.04,0.58
Tehri Garhwal,TehriGarhwal_S3,2013-02-01,32.2,27.72,0.58
Tehri Garhwal,TehriGarhwal_S3,2013-03-01,51.2,24.45,0.58
Tehri Garhwal,TehriGarhwal_S3,2013-04-01,59.0,28.44,0.58
Tehri Garhwal,TehriGarhwal_S3,2013-05-01,97.8,29.89,0.58
Tehri Garhwal,TehriGarhwal_S3,2013-06-01,263.1,29.91,0.58
Tehri Garhwal,TehriGarhwal_S3,2013-07-01,344.1,41.37,0.58
Tehri Garhwal,TehriGarhwal_S3,2013-08-01,336.3,42.29,0.58
Tehri Garhwal,TehriGarhwal_S3,2013-09-01,198.1,40.01,0.58
Tehri Garhwal,TehriGarhwal_S3,2013-10-01,101.5,35.65,0.58
Tehri Garhwal,TehriGarhwal_S3,2013-11-01,50.9,27.31,0.58
Tehri Garhwal,TehriGarhwal_S3,2013-12-01,37.4,26.73,0.58
Tehri Garhwal,TehriGarhwal_S3,2014-01-01,25.0,27.9,0.58
Tehri Garhwal,TehriGarhwal_S3,2014-02-01,31.4,23.02,0.58
Tehri Garhwal,TehriGarhwal_S3,2014-03-01,53.6,24.07,0.58
Tehri Garhwal,TehriGarhwal_S3,2014-04-01,64.3,25.45,0.58
Tehri Garhwal,TehriGarhwal_S3,2014-05-01,87.4,27.24,0.58
Tehri Garhwal,TehriGarhwal_S3,2014-06-01,240.9,27.96,0.58
Tehri Garhwal,TehriGarhwal_S3,2014-07-01,392.8,39.2,0.58
Tehri Garhwal,TehriGarhwal_S3,2014-08-01,279.3,46.79,0.58
Tehri Garhwal,TehriGarhwal_S3,2014-09-01,233.9,39.39,0.58
Tehri Garhwal,TehriGarhwal_S3,2014-10-01,98.6,36.16,0.58
Tehri Garhwal,TehriGarhwal_S3,2014-11-01,44.8,29.15,0.58
Tehri Garhwal,TehriGarhwal_S3,2014-12-01,47.2,24.54,0.58
Tehri Garhwal,TehriGarhwal_S3,2015-01-01,25.4,26.79,0.58
Tehri Garhwal,TehriGarhwal_S3,2015-02-01,25.1,23.09,0.58
Tehri Garhwal,TehriGarhwal_S3,2015-03-01,30.7,25.37,0.58
Tehri Garhwal,TehriGarhwal_S3,2015-04-01,45.9,26.02,0.58
Tehri Garhwal,TehriGarhwal_S3,2015-05-01,66.3,25.54,0.58
Tehri Garhwal,TehriGarhwal_S3,2015-06-01,209.5,26.01,0.58
Tehri Garhwal,TehriGarhwal_S3,2015-07-01,232.8,34.22,0.58
Tehri Garhwal,TehriGarhwal_S3,2015-08-01,267.7,29.68,0.58
Tehri Garhwal,TehriGarhwal_S3,2015-09-01,153.8,36.86,0.58
Tehri Garhwal,TehriGarhwal_S3,2015-10-01,64.6,30.19,0.58
Tehri Garhwal,TehriGarhwal_S3,2015-11-01,33.7,25.65,0.58
Tehri Garhwal,TehriGarhwal_S3,2015-12-01,33.3,24.91,0.58
Tehri Garhwal,TehriGarhwal_S3,2016-01-01,22.8,23.87,0.58
Tehri Garhwal,TehriGarhwal_S3,2016-02-01,20.4,22.02,0.58
Tehri Garhwal,TehriGarhwal_S3,2016-03-01,28.0,22.98,0.58
Tehri Garhwal,TehriGarhwal_S3,2016-04-01,43.9,23.53,0.58
Tehri Garhwal,TehriGarhwal_S3,2016-05-01,58.1,24.3,0.58
Tehri Garhwal,TehriGarhwal_S3,2016-06-01,170.3,24.99,0.58
Tehri Garhwal,TehriGarhwal_S3,2016-07-01,231.0,31.84,0.58
Tehri Garhwal,TehriGarhwal_S3,2016-08-01,210.7,31.36,0.58
Tehri Garhwal,TehriGarhwal_S3,2016-09-01,170.8,32.33,0.58
Tehri Garhwal,TehriGarhwal_S3,2016-10-01,68.2,31.92,0.58
Tehri Garhwal,TehriGarhwal_S3,2016-11-01,34.6,22.71,0.58
Tehri Garhwal,TehriGarhwal_S3,2016-12-01,29.1,23.35,0.58
Tehri Garhwal,TehriGarhwal_S3,2017-01-01,25.7,22.13,0.58
Tehri Garhwal,TehriGarhwal_S3,2017-02-01,23.2,22.14,0.58
Tehri Garhwal,TehriGarhwal_S3,2017-03-01,40.6,21.34,0.58
Tehri Garhwal,TehriGarhwal_S3,2017-04-01,45.6,22.92,0.58
Tehri Garhwal,TehriGarhwal_S3,2017-05-01,74.0,25.43,0.58
Tehri Garhwal,TehriGarhwal_S3,2017-06-01,192.6,23.01,0.58
Tehri Garhwal,TehriGarhwal_S3,2017-07-01,281.4,28.36,0.58
Tehri Garhwal,TehriGarhwal_S3,2017-08-01,239.6,32.01,0.58
Tehri Garhwal,TehriGarhwal_S3,2017-09-01,160.6,34.92,0.58
Tehri Garhwal,TehriGarhwal_S3,2017-10-01,74.3,27.65,0.58
Tehri Garhwal,TehriGarhwal_S3,2017-11-01,35.7,24.13,0.58
Tehri Garhwal,TehriGarhwal_S3,2017-12-01,39.4,21.82,0.58
Tehri Garhwal,TehriGarhwal_S3,2018-01-01,28.8,21.31,0.58
Tehri Garhwal,TehriGarhwal_S3,2018-02-01,28.0,21.54,0.58
Tehri Garhwal,TehriGarhwal_S3,2018-03-01,46.3,24.35,0.58
Tehri Garhwal,TehriGarhwal_S3,2018-04-01,56.9,24.02,0.58
Tehri Garhwal,TehriGarhwal_S3,2018-05-01,84.9,21.89,0.58
Tehri Garhwal,TehriGarhwal_S3,2018-06-01,234.0,24.85,0.58
Tehri Garhwal,TehriGarhwal_S3,2018-07-01,362.3,29.53,0.58
Tehri Garhwal,TehriGarhwal_S3,2018-08-01,258.9,33.3,0.58
Tehri Garhwal,TehriGarhwal_S3,2018-09-01,200.1,33.35,0.58
Tehri Garhwal,TehriGarhwal_S3,2018-10-01,73.8,30.64,0.58
Tehri Garhwal,TehriGarhwal_S3,2018-11-01,44.3,24.38,0.58
Tehri Garhwal,TehriGarhwal_S3,2018-12-01,49.0,21.25,0.58
Tehri Garhwal,TehriGarhwal_S3,2019-01-01,30.5,21.72,0.58
Tehri Garhwal,TehriGarhwal_S3,2019-02-01,28.7,21.79,0.58
Tehri Garhwal,TehriGarhwal_S3,2019-03-01,45.2,21.26,0.58
Tehri Garhwal,TehriGarhwal_S3,2019-04-01,58.9,21.09,0.58
Tehri Garhwal,TehriGarhwal_S3,2019-05-01,84.5,20.26,0.58
Tehri Garhwal,TehriGarhwal_S3,2019-06-01,234.8,23.23,0.58
Tehri Garhwal,TehriGarhwal_S3,2019-07-01,335.8,31.21,0.58
Tehri Garhwal,TehriGarhwal_S3,2019-08-01,282.1,31.9,0.58
Tehri Garhwal,TehriGarhwal_S3,2019-09-01,182.7,32.48,0.58
Tehri Garhwal,TehriGarhwal_S3,2019-10-01,80.3,27.5,0.58
Tehri Garhwal,TehriGarhwal_S3,2019-11-01,46.5,23.37,0.58
Tehri Garhwal,TehriGarhwal_S3,2019-12-01,47.0,21.91,0.58
Tehri Garhwal,TehriGarhwal_S3,2020-01-01,31.2,20.22,0.58
Tehri Garhwal,TehriGarhwal_S3,2020-02-01,29.2,18.56,0.58
Tehri Garhwal,TehriGarhwal_S3,2020-03-01,44.8,19.5,0.58
Tehri Garhwal,TehriGarhwal_S3,2020-04-01,59.4,21.55,0.58
Tehri Garhwal,TehriGarhwal_S3,2020-05-01,86.3,20.61,0.58
Tehri Garhwal,TehriGarhwal_S3,2020-06-01,221.9,21.48,0.58
Tehri Garhwal,TehriGarhwal_S3,2020-07-01,375.2,25.35,0.58
Tehri Garhwal,TehriGarhwal_S3,2020-08-01,279.3,37.23,0.58
Tehri Garhwal,TehriGarhwal_S3,2020-09-01,178.3,31.34,0.58
Tehri Garhwal,TehriGarhwal_S3,2020-10-01,89.9,26.78,0.58
Tehri Garhwal,TehriGarhwal_S3,2020-11-01,44.3,23.09,0.58
Tehri Garhwal,TehriGarhwal_S3,2020-12-01,38.6,20.64,0.58
Tehri Garhwal,TehriGarhwal_S3,2021-01-01,32.5,19.51,0.58
Tehri Garhwal,TehriGarhwal_S3,2021-02-01,29.8,19.28,0.58
Tehri Garhwal,TehriGarhwal_S3,2021-03-01,53.7,18.85,0.58
Tehri Garhwal,TehriGarhwal_S3,2021-04-01,68.7,22.83,0.58
Tehri Garhwal,TehriGarhwal_S3,2021-05-01,88.2,21.29,0.58
Tehri Garhwal,TehriGarhwal_S3,2021-06-01,298.9,20.94,0.58
Tehri Garhwal,TehriGarhwal_S3,2021-07-01,378.8,30.58,0.58
Tehri Garhwal,TehriGarhwal_S3,2021-08-01,326.9,31.34,0.58
Tehri Garhwal,TehriGarhwal_S3,2021-09-01,239.7,33.13,0.58
Tehri Garhwal,TehriGarhwal_S3,2021-10-01,99.4,26.31,0.58
Tehri Garhwal,TehriGarhwal_S3,2021-11-01,49.0,22.06,0.58
Tehri Garhwal,TehriGarhwal_S3,2021-12-01,46.5,20.48,0.58
Tehri Garhwal,TehriGarhwal_S3,2022-01-01,31.6,19.65,0.58
Tehri Garhwal,TehriGarhwal_S3,2022-02-01,30.5,18.71,0.58
Tehri Garhwal,TehriGarhwal_S3,2022-03-01,42.8,18.53,0.58
Tehri Garhwal,TehriGarhwal_S3,2022-04-01,61.5,18.89,0.58
Tehri Garhwal,TehriGarhwal_S3,2022-05-01,90.8,19.04,0.58
Tehri Garhwal,TehriGarhwal_S3,2022-06-01,217.6,20.22,0.58
Tehri Garhwal,TehriGarhwal_S3,2022-07-01,295.5,27.42,0.58
Tehri Garhwal,TehriGarhwal_S3,2022-08-01,318.2,28.31,0.58
Tehri Garhwal,TehriGarhwal_S3,2022-09-01,156.7,28.09,0.58
Tehri Garhwal,TehriGarhwal_S3,2022-10-01,92.8,22.34,0.58
Tehri Garhwal,TehriGarhwal_S3,2022-11-01,43.9,21.53,0.58
Tehri Garhwal,TehriGarhwal_S3,2022-12-01,50.4,19.1,0.58
Tehri Garhwal,TehriGarhwal_S3,2023-01-01,27.3,19.18,0.58
Tehri Garhwal,TehriGarhwal_S3,2023-02-01,25.1,17.49,0.58
Tehri Garhwal,TehriGarhwal_S3,2023-03-01,39.2,18.08,0.58
Tehri Garhwal,TehriGarhwal_S3,2023-04-01,54.9,17.47,0.58
Tehri Garhwal,TehriGarhwal_S3,2023-05-01,74.9,18.33,0.58
Tehri Garhwal,TehriGarhwal_S3,2023-06-01,224.0,20.19,0.58
Tehri Garhwal,TehriGarhwal_S3,2023-07-01,262.5,25.83,0.58
Tehri Garhwal,TehriGarhwal_S3,2023-08-01,265.4,24.82,0.58
Tehri Garhwal,TehriGarhwal_S3,2023-09-01,181.0,25.0,0.58
Tehri Garhwal,TehriGarhwal_S3,2023-10-01,81.9,23.04,0.58
Tehri Garhwal,TehriGarhwal_S3,2023-11-01,44.9,20.85,0.58
Tehri Garhwal,TehriGarhwal_S3,2023-12-01,36.5,16.07,0.58
Tehri Garhwal,TehriGarhwal_S3,2024-01-01,20.4,17.65,0.58
Tehri Garhwal,TehriGarhwal_S3,2024-02-01,23.4,15.61,0.58
Tehri Garhwal,TehriGarhwal_S3,2024-03-01,34.6,16.28,0.58
Tehri Garhwal,TehriGarhwal_S3,2024-04-01,44.8,16.85,0.58
Tehri Garhwal,TehriGarhwal_S3,2024-05-01,60.6,17.1,0.58
Tehri Garhwal,TehriGarhwal_S3,2024-06-01,188.6,17.5,0.58
Tehri Garhwal,TehriGarhwal_S3,2024-07-01,220.3,22.5,0.58
Tehri Garhwal,TehriGarhwal_S3,2024-08-01,242.7,22.92,0.58
Tehri Garhwal,TehriGarhwal_S3,2024-09-01,177.3,22.49,0.58
Tehri Garhwal,TehriGarhwal_S3,2024-10-01,68.6,22.72,0.58
Tehri Garhwal,TehriGarhwal_S3,2024-11-01,34.9,18.63,0.58
Tehri Garhwal,TehriGarhwal_S3,2024-12-01,32.0,17.41,0.58
Tehri Garhwal,TehriGarhwal_S3,2025-01-01,19.4,15.28,0.58
Tehri Garhwal,TehriGarhwal_S3,2025-02-01,18.6,16.3,0.58
Tehri Garhwal,TehriGarhwal_S3,2025-03-01,27.1,16.51,0.58
Tehri Garhwal,TehriGarhwal_S3,2025-04-01,46.4,15.38,0.58
Tehri Garhwal,TehriGarhwal_S3,2025-05-01,62.5,16.83,0.58
Tehri Garhwal,TehriGarhwal_S3,2025-06-01,168.1,17.22,0.58
Tehri Garhwal,TehriGarhwal_S3,2025-07-01,218.8,22.82,0.58
Tehri Garhwal,TehriGarhwal_S3,2025-08-01,201.2,24.73,0.58
Tehri Garhwal,TehriGarhwal_S3,2025-09-01,142.8,20.06,0.58
Tehri Garhwal,TehriGarhwal_S3,2025-10-01,61.0,22.29,0.58
Tehri Garhwal,TehriGarhwal_S3,2025-11-01,31.9,16.21,0.58
Tehri Garhwal,TehriGarhwal_S3,2025-12-01,30.1,16.72,0.58
Tehri Garhwal,TehriGarhwal_S4,2005-01-01,26.1,43.47,0.58
Tehri Garhwal,TehriGarhwal_S4,2005-02-01,26.4,35.55,0.58
Tehri Garhwal,TehriGarhwal_S4,2005-03-01,40.9,36.67,0.58
Tehri Garhwal,TehriGarhwal_S4,2005-04-01,56.7,37.14,0.58
Tehri Garhwal,TehriGarhwal_S4,2005-05-01,80.1,40.1,0.58
Tehri Garhwal,TehriGarhwal_S4,2005-06-01,211.8,39.69,0.58
Tehri Garhwal,TehriGarhwal_S4,2005-07-01,303.4,49.03,0.58
Tehri Garhwal,TehriGarhwal_S4,2005-08-01,231.7,59.35,0.58
Tehri Garhwal,TehriGarhwal_S4,2005-09-01,184.7,52.21,0.58
Tehri Garhwal,TehriGarhwal_S4,2005-10-01,82.1,48.81,0.58
Tehri Garhwal,TehriGarhwal_S4,2005-11-01,41.2,37.96,0.58
Tehri Garhwal,TehriGarhwal_S4,2005-12-01,44.2,34.23,0.58
Tehri Garhwal,TehriGarhwal_S4,2006-01-01,16.7,35.23,0.58
Tehri Garhwal,TehriGarhwal_S4,2006-02-01,20.2,33.07,0.58
Tehri Garhwal,TehriGarhwal_S4,2006-03-01,29.7,35.67,0.58
Tehri Garhwal,TehriGarhwal_S4,2006-04-01,40.1,36.65,0.58
Tehri Garhwal,TehriGarhwal_S4,2006-05-01,57.2,35.37,0.58
Tehri Garhwal,TehriGarhwal_S4,2006-06-01,166.8,39.47,0.58
Tehri Garhwal,TehriGarhwal_S4,2006-07-01,234.0,47.93,0.58
Tehri Garhwal,TehriGarhwal_S4,2006-08-01,205.6,50.33,0.58
Tehri Garhwal,TehriGarhwal_S4,2006-09-01,126.0,45.58,0.58
Tehri Garhwal,TehriGarhwal_S4,2006-10-01,49.4,44.86,0.58
Tehri Garhwal,TehriGarhwal_S4,2006-11-01,31.5,35.77,0.58
Tehri Garhwal,TehriGarhwal_S4,2006-12-01,32.6,34.71,0.58
Tehri Garhwal,TehriGarhwal_S4,2007-01-01,28.5,33.91,0.58
Tehri Garhwal,TehriGarhwal_S4,2007-02-01,32.4,32.61,0.58
Tehri Garhwal,TehriGarhwal_S4,2007-03-01,49.2,31.81,0.58
Tehri Garhwal,TehriGarhwal_S4,2007-04-01,69.1,36.61,0.58
Tehri Garhwal,TehriGarhwal_S4,2007-05-01,85.7,35.4,0.58
Tehri Garhwal,TehriGarhwal_S4,2007-06-01,241.2,43.77,0.58
Tehri Garhwal,TehriGarhwal_S4,2007-07-01,358.0,46.42,0.58
Tehri Garhwal,TehriGarhwal_S4,2007-08-01,308.5,53.77,0.58
Tehri Garhwal,TehriGarhwal_S4,2007-09-01,181.8,55.08,0.58
Tehri Garhwal,TehriGarhwal_S4,2007-10-01,95.2,47.92,0.58
Tehri Garhwal,TehriGarhwal_S4,2007-11-01,48.2,38.36,0.58
Tehri Garhwal,TehriGarhwal_S4,2007-12-01,46.4,35.8,0.58
Tehri Garhwal,TehriGarhwal_S4,2008-01-01,28.3,31.42,0.58
Tehri Garhwal,TehriGarhwal_S4,2008-02-01,32.3,32.12,0.58
Tehri Garhwal,TehriGarhwal_S4,2008-03-01,40.3,31.67,0.58
Tehri Garhwal,TehriGarhwal_S4,2008-04-01,55.1,30.73,0.58
Tehri Garhwal,TehriGarhwal_S4,2008-05-01,86.8,35.13,0.58
Tehri Garhwal,TehriGarhwal_S4,2008-06-01,247.6,32.93,0.58
Tehri Garhwal,TehriGarhwal_S4,2008-07-01,280.0,45.11,0.58
Tehri Garhwal,TehriGarhwal_S4,2008-08-01,258.9,49.11,0.58
Tehri Garhwal,TehriGarhwal_S4,2008-09-01,157.3,46.85,0.58
Tehri Garhwal,TehriGarhwal_S4,2008-10-01,87.0,42.52,0.58
Tehri Garhwal,TehriGarhwal_S4,2008-11-01,39.5,37.26,0.58
Tehri Garhwal,TehriGarhwal_S4,2008-12-01,42.0,34.81,0.58
Tehri Garhwal,TehriGarhwal_S4,2009-01-01,29.2,34.69,0.58
Tehri Garhwal,TehriGarhwal_S4,2009-02-01,31.3,34.32,0.58
Tehri Garhwal,TehriGarhwal_S4,2009-03-01,45.1,32.54,0.58
Tehri Garhwal,TehriGarhwal_S4,2009-04-01,64.9,33.93,0.58
Tehri Garhwal,TehriGarhwal_S4,2009-05-01,95.8,35.6,0.58
Tehri Garhwal,TehriGarhwal_S4,2009-06-01,232.6,37.02,0.58
Tehri Garhwal,TehriGarhwal_S4,2009-07-01,334.0,45.13,0.58
Tehri Garhwal,TehriGarhwal_S4,2009-08-01,333.5,52.0,0.58
Tehri Garhwal,TehriGarhwal_S4,2009-09-01,206.4,50.57,0.58
Tehri Garhwal,TehriGarhwal_S4,2009-10-01,82.0,44.9,0.58
Tehri Garhwal,TehriGarhwal_S4,2009-11-01,48.6,35.27,0.58
Tehri Garhwal,TehriGarhwal_S4,2009-12-01,42.2,32.0,0.58
Tehri Garhwal,TehriGarhwal_S4,2010-01-01,36.7,31.51,0.58
Tehri Garhwal,TehriGarhwal_S4,2010-02-01,34.7,30.21,0.58
Tehri Garhwal,TehriGarhwal_S4,2010-03-01,51.5,33.51,0.58
Tehri Garhwal,TehriGarhwal_S4,2010-04-01,66.7,33.14,0.58
Tehri Garhwal,TehriGarhwal_S4,2010-05-01,107.3,32.49,0.58
Tehri Garhwal,TehriGarhwal_S4,2010-06-01,263.4,38.08,0.58
Tehri Garhwal,TehriGarhwal_S4,2010-07-01,380.3,45.62,0.58
Tehri Garhwal,TehriGarhwal_S4,2010-08-01,363.0,50.78,0.58
Tehri Garhwal,TehriGarhwal_S4,2010-09-01,210.6,56.08,0.58
Tehri Garhwal,TehriGarhwal_S4,2010-10-01,96.8,41.98,0.58
Tehri Garhwal,TehriGarhwal_S4,2010-11-01,46.0,34.79,0.58
Tehri Garhwal,TehriGarhwal_S4,2010-12-01,46.6,32.16,0.58
Tehri Garhwal,TehriGarhwal_S4,2011-01-01,21.5,33.89,0.58
Tehri Garhwal,TehriGarhwal_S4,2011-02-01,23.3,30.37,0.58
Tehri Garhwal,TehriGarhwal_S4,2011-03-01,34.0,28.57,0.58
Tehri Garhwal,TehriGarhwal_S4,2011-04-01,35.4,31.87,0.58
Tehri Garhwal,TehriGarhwal_S4,2011-05-01,64.5,30.3,0.58
Tehri Garhwal,TehriGarhwal_S4,2011-06-01,181.1,35.99,0.58
Tehri Garhwal,TehriGarhwal_S4,2011-07-01,215.4,40.39,0.58
Tehri Garhwal,TehriGarhwal_S4,2011-08-01,204.9,37.78,0.58
Tehri Garhwal,TehriGarhwal_S4,2011-09-01,110.9,42.51,0.58
Tehri Garhwal,TehriGarhwal_S4,2011-10-01,62.3,39.06,0.58
Tehri Garhwal,TehriGarhwal_S4,2011-11-01,27.9,34.94,0.58
Tehri Garhwal,TehriGarhwal_S4,2011-12-01,31.0,32.87,0.58
Tehri Garhwal,TehriGarhwal_S4,2012-01-01,22.4,28.7,0.58
Tehri Garhwal,TehriGarhwal_S4,2012-02-01,23.2,30.98,0.58
Tehri Garhwal,TehriGarhwal_S4,2012-03-01,30.1,28.55,0.58
Tehri Garhwal,TehriGarhwal_S4,2012-04-01,39.0,30.33,0.58
Tehri Garhwal,TehriGarhwal_S4,2012-05-01,53.2,28.56,0.58
Tehri Garhwal,TehriGarhwal_S4,2012-06-01,167.9,30.33,0.58
Tehri Garhwal,TehriGarhwal_S4,2012-07-01,224.9,37.24,0.58
Tehri Garhwal,TehriGarhwal_S4,2012-08-01,187.8,43.95,0.58
Tehri Garhwal,TehriGarhwal_S4,2012-09-01,144.4,41.22,0.58
Tehri Garhwal,TehriGarhwal_S4,2012-10-01,62.0,37.32,0.58
Tehri Garhwal,TehriGarhwal_S4,2012-11-01,29.4,29.42,0.58
Tehri Garhwal,TehriGarhwal_S4,2012-12-01,30.7,28.98,0.58
Tehri Garhwal,TehriGarhwal_S4,2013-01-01,34.1,28.36,0.58
Tehri Garhwal,TehriGarhwal_S4,2013-02-01,32.2,30.9,0.58
Tehri Garhwal,TehriGarhwal_S4,2013-03-01,51.2,31.16,0.58
Tehri Garhwal,TehriGarhwal_S4,2013-04-01,59.0,32.16,0.58
Tehri Garhwal,TehriGarhwal_S4,2013-05-01,97.8,29.8,0.58
Tehri Garhwal,TehriGarhwal_S4,2013-06-01,263.1,28.74,0.58
Tehri Garhwal,TehriGarhwal_S4,2013-07-01,344.1,39.61,0.58
Tehri Garhwal,TehriGarhwal_S4,2013-08-01,336.3,51.78,0.58
Tehri Garhwal,TehriGarhwal_S4,2013-09-01,198.1,46.81,0.58
Tehri Garhwal,TehriGarhwal_S4,2013-10-01,101.5,37.71,0.58
Tehri Garhwal,TehriGarhwal_S4,2013-11-01,50.9,35.9,0.58
Tehri Garhwal,TehriGarhwal_S4,2013-12-01,37.4,31.91,0.58
Tehri Garhwal,TehriGarhwal_S4,2014-01-01,25.0,29.16,0.58
Tehri Garhwal,TehriGarhwal_S4,2014-02-01,31.4,27.89,0.58
Tehri Garhwal,TehriGarhwal_S4,2014-03-01,53.6,28.45,0.58
Tehri Garhwal,TehriGarhwal_S4,2014-04-01,64.3,30.26,0.58
Tehri Garhwal,TehriGarhwal_S4,2014-05-01,87.4,32.95,0.58
Tehri Garhwal,TehriGarhwal_S4,2014-06-01,240.9,32.5,0.58
Tehri Garhwal,TehriGarhwal_S4,2014-07-01,392.8,42.5,0.58
Tehri Garhwal,TehriGarhwal_S4,2014-08-01,279.3,52.98,0.58
Tehri Garhwal,TehriGarhwal_S4,2014-09-01,233.9,40.61,0.58
Tehri Garhwal,TehriGarhwal_S4,2014-10-01,98.6,41.85,0.58
Tehri Garhwal,TehriGarhwal_S4,2014-11-01,44.8,31.69,0.58
Tehri Garhwal,TehriGarhwal_S4,2014-12-01,47.2,25.25,0.58
Tehri Garhwal,TehriGarhwal_S4,2015-01-01,25.4,25.89,0.58
Tehri Garhwal,TehriGarhwal_S4,2015-02-01,25.1,26.21,0.58
Tehri Garhwal,TehriGarhwal_S4,2015-03-01,30.7,28.27,0.58
Tehri Garhwal,TehriGarhwal_S4,2015-04-01,45.9,27.97,0.58
Tehri Garhwal,TehriGarhwal_S4,2015-05-01,66.3,28.91,0.58
Tehri Garhwal,TehriGarhwal_S4,2015-06-01,209.5,32.69,0.58
Tehri Garhwal,TehriGarhwal_S4,2015-07-01,232.8,35.71,0.58
Tehri Garhwal,TehriGarhwal_S4,2015-08-01,267.7,39.36,0.58
Tehri Garhwal,TehriGarhwal_S4,2015-09-01,153.8,42.0,0.58
Tehri Garhwal,TehriGarhwal_S4,2015-10-01,64.6,33.36,0.58
Tehri Garhwal,TehriGarhwal_S4,2015-11-01,33.7,29.41,0.58
Tehri Garhwal,TehriGarhwal_S4,2015-12-01,33.3,25.31,0.58
Tehri Garhwal,TehriGarhwal_S4,2016-01-01,22.8,29.37,0.58
Tehri Garhwal,TehriGarhwal_S4,2016-02-01,20.4,25.85,0.58
Tehri Garhwal,TehriGarhwal_S4,2016-03-01,28.0,29.27,0.58
Tehri Garhwal,TehriGarhwal_S4,2016-04-01,43.9,26.91,0.58
Tehri Garhwal,TehriGarhwal_S4,2016-05-01,58.1,29.24,0.58
Tehri Garhwal,TehriGarhwal_S4,2016-06-01,170.3,28.49,0.58
Tehri Garhwal,TehriGarhwal_S4,2016-07-01,231.0,34.87,0.58
Tehri Garhwal,TehriGarhwal_S4,2016-08-01,210.7,37.19,0.58
Tehri Garhwal,TehriGarhwal_S4,2016-09-01,170.8,37.29,0.58
Tehri Garhwal,TehriGarhwal_S4,2016-10-01,68.2,35.28,0.58
Tehri Garhwal,TehriGarhwal_S4,2016-11-01,34.6,27.7,0.58
Tehri Garhwal,TehriGarhwal_S4,2016-12-01,29.1,26.7,0.58
Tehri Garhwal,TehriGarhwal_S4,2017-01-01,25.7,25.69,0.58
Tehri Garhwal,TehriGarhwal_S4,2017-02-01,23.2,29.27,0.58
Tehri Garhwal,TehriGarhwal_S4,2017-03-01,40.6,25.94,0.58
Tehri Garhwal,TehriGarhwal_S4,2017-04-01,45.6,29.06,0.58
Tehri Garhwal,TehriGarhwal_S4,2017-05-01,74.0,26.94,0.58
Tehri Garhwal,TehriGarhwal_S4,2017-06-01,192.6,29.1,0.58
Tehri Garhwal,TehriGarhwal_S4,2017-07-01,281.4,32.95,0.58
Tehri Garhwal,TehriGarhwal_S4,2017-08-01,239.6,39.25,0.58
Tehri Garhwal,TehriGarhwal_S4,2017-09-01,160.6,38.14,0.58
Tehri Garhwal,TehriGarhwal_S4,2017-10-01,74.3,35.92,0.58
Tehri Garhwal,TehriGarhwal_S4,2017-11-01,35.7,28.76,0.58
Tehri Garhwal,TehriGarhwal_S4,2017-12-01,39.4,28.06,0.58
Tehri Garhwal,TehriGarhwal_S4,2018-01-01,28.8,27.24,0.58
Tehri Garhwal,TehriGarhwal_S4,2018-02-01,28.0,27.85,0.58
Tehri Garhwal,TehriGarhwal_S4,2018-03-01,46.3,25.58,0.58
Tehri Garhwal,TehriGarhwal_S4,2018-04-01,56.9,29.78,0.58
Tehri Garhwal,TehriGarhwal_S4,2018-05-01,84.9,26.47,0.58
Tehri Garhwal,TehriGarhwal_S4,2018-06-01,234.0,27.5,0.58
Tehri Garhwal,TehriGarhwal_S4,2018-07-01,362.3,34.42,0.58
Tehri Garhwal,TehriGarhwal_S4,2018-08-01,258.9,48.59,0.58
Tehri Garhwal,TehriGarhwal_S4,2018-09-01,200.1,39.38,0.58
Tehri Garhwal,TehriGarhwal_S4,2018-10-01,73.8,34.0,0.58
Tehri Garhwal,TehriGarhwal_S4,2018-11-01,44.3,29.42,0.58
Tehri Garhwal,TehriGarhwal_S4,2018-12-01,49.0,26.94,0.58
Tehri Garhwal,TehriGarhwal_S4,2019-01-01,30.5,28.82,0.58
Tehri Garhwal,TehriGarhwal_S4,2019-02-01,28.7,23.25,0.58
Tehri Garhwal,TehriGarhwal_S4,2019-03-01,45.2,24.72,0.58
Tehri Garhwal,TehriGarhwal_S4,2019-04-01,58.9,25.28,0.58
Tehri Garhwal,TehriGarhwal_S4,2019-05-01,84.5,23.93,0.58
Tehri Garhwal,TehriGarhwal_S4,2019-06-01,234.8,29.33,0.58
Tehri Garhwal,TehriGarhwal_S4,2019-07-01,335.8,35.27,0.58
Tehri Garhwal,TehriGarhwal_S4,2019-08-01,282.1,42.54,0.58
Tehri Garhwal,TehriGarhwal_S4,2019-09-01,182.7,42.59,0.58
Tehri Garhwal,TehriGarhwal_S4,2019-10-01,80.3,32.21,0.58
Tehri Garhwal,TehriGarhwal_S4,2019-11-01,46.5,26.76,0.58
Tehri Garhwal,TehriGarhwal_S4,2019-12-01,47.0,25.65,0.58
Tehri Garhwal,TehriGarhwal_S4,2020-01-01,31.2,26.74,0.58
Tehri Garhwal,TehriGarhwal_S4,2020-02-01,29.2,23.9,0.58
Tehri Garhwal,TehriGarhwal_S4,2020-03-01,44.8,23.67,0.58
Tehri Garhwal,TehriGarhwal_S4,2020-04-01,59.4,26.53,0.58
Tehri Garhwal,TehriGarhwal_S4,2020-05-01,86.3,26.39,0.58
Tehri Garhwal,TehriGarhwal_S4,2020-06-01,221.9,24.45,0.58
Tehri Garhwal,TehriGarhwal_S4,2020-07-01,375.2,32.09,0.58
Tehri Garhwal,TehriGarhwal_S4,2020-08-01,279.3,45.16,0.58
Tehri Garhwal,TehriGarhwal_S4,2020-09-01,178.3,37.73,0.58
Tehri Garhwal,TehriGarhwal_S4,2020-10-01,89.9,30.52,0.58
Tehri Garhwal,TehriGarhwal_S4,2020-11-01,44.3,26.9,0.58
Tehri Garhwal,TehriGarhwal_S4,2020-12-01,38.6,24.76,0.58
Tehri Garhwal,TehriGarhwal_S4,2021-01-01,32.5,25.3,0.58
Tehri Garhwal,TehriGarhwal_S4,2021-02-01,29.8,22.41,0.58
Tehri Garhwal,TehriGarhwal_S4,2021-03-01,53.7,22.85,0.58
Tehri Garhwal,TehriGarhwal_S4,2021-04-01,68.7,25.36,0.58
Tehri Garhwal,TehriGarhwal_S4,2021-05-01,88.2,25.59,0.58
Tehri Garhwal,TehriGarhwal_S4,2021-06-01,298.9,27.41,0.58
Tehri Garhwal,TehriGarhwal_S4,2021-07-01,378.8,34.91,0.58
Tehri Garhwal,TehriGarhwal_S4,2021-08-01,326.9,41.87,0.58
Tehri Garhwal,TehriGarhwal_S4,2021-09-01,239.7,40.54,0.58
Tehri Garhwal,TehriGarhwal_S4,2021-10-01,99.4,34.82,0.58
Tehri Garhwal,TehriGarhwal_S4,2021-11-01,49.0,27.11,0.58
Tehri Garhwal,TehriGarhwal_S4,2021-12-01,46.5,24.24,0.58
Tehri Garhwal,TehriGarhwal_S4,2022-01-01,31.6,23.17,0.58
Tehri Garhwal,TehriGarhwal_S4,2022-02-01,30.5,23.3,0.58
Tehri Garhwal,TehriGarhwal_S4,2022-03-01,42.8,24.75,0.58
Tehri Garhwal,TehriGarhwal_S4,2022-04-01,61.5,23.7,0.58
Tehri Garhwal,TehriGarhwal_S4,2022-05-01,90.8,23.61,0.58
Tehri Garhwal,TehriGarhwal_S4,2022-06-01,217.6,25.46,0.58
Tehri Garhwal,TehriGarhwal_S4,2022-07-01,295.5,32.59,0.58
Tehri Garhwal,TehriGarhwal_S4,2022-08-01,318.2,35.34,0.58
Tehri Garhwal,TehriGarhwal_S4,2022-09-01,156.7,37.94,0.58
Tehri Garhwal,TehriGarhwal_S4,2022-10-01,92.8,29.85,0.58
Tehri Garhwal,TehriGarhwal_S4,2022-11-01,43.9,27.07,0.58
Tehri Garhwal,TehriGarhwal_S4,2022-12-01,50.4,25.16,0.58
Tehri Garhwal,TehriGarhwal_S4,2023-01-01,27.3,24.94,0.58
Tehri Garhwal,TehriGarhwal_S4,2023-02-01,25.1,21.53,0.58
Tehri Garhwal,TehriGarhwal_S4,2023-03-01,39.2,21.42,0.58
Tehri Garhwal,TehriGarhwal_S4,2023-04-01,54.9,22.98,0.58
Tehri Garhwal,TehriGarhwal_S4,2023-05-01,74.9,23.23,0.58
Tehri Garhwal,TehriGarhwal_S4,2023-06-01,224.0,23.27,0.58
Tehri Garhwal,TehriGarhwal_S4,2023-07-01,262.5,31.05,0.58
Tehri Garhwal,TehriGarhwal_S4,2023-08-01,265.4,32.73,0.58
Tehri Garhwal,TehriGarhwal_S4,2023-09-01,181.0,32.46,0.58
Tehri Garhwal,TehriGarhwal_S4,2023-10-01,81.9,29.04,0.58
Tehri Garhwal,TehriGarhwal_S4,2023-11-01,44.9,26.2,0.58
Tehri Garhwal,TehriGarhwal_S4,2023-12-01,36.5,23.17,0.58
Tehri Garhwal,TehriGarhwal_S4,2024-01-01,20.4,25.28,0.58
Tehri Garhwal,TehriGarhwal_S4,2024-02-01,23.4,21.88,0.58
Tehri Garhwal,TehriGarhwal_S4,2024-03-01,34.6,21.47,0.58
Tehri Garhwal,TehriGarhwal_S4,2024-04-01,44.8,22.27,0.58
Tehri Garhwal,TehriGarhwal_S4,2024-05-01,60.6,22.99,0.58
Tehri Garhwal,TehriGarhwal_S4,2024-06-01,188.6,23.9,0.58
Tehri Garhwal,TehriGarhwal_S4,2024-07-01,220.3,32.34,0.58
Tehri Garhwal,TehriGarhwal_S4,2024-08-01,242.7,29.42,0.58
Tehri Garhwal,TehriGarhwal_S4,2024-09-01,177.3,33.05,0.58
Tehri Garhwal,TehriGarhwal_S4,2024-10-01,68.6,28.89,0.58
Tehri Garhwal,TehriGarhwal_S4,2024-11-01,34.9,21.66,0.58
Tehri Garhwal,TehriGarhwal_S4,2024-12-01,32.0,22.74,0.58
Tehri Garhwal,TehriGarhwal_S4,2025-01-01,19.4,23.1,0.58
Tehri Garhwal,TehriGarhwal_S4,2025-02-01,18.6,20.19,0.58
Tehri Garhwal,TehriGarhwal_S4,2025-03-01,27.1,21.01,0.58
Tehri Garhwal,TehriGarhwal_S4,2025-04-01,46.4,19.51,0.58
Tehri Garhwal,TehriGarhwal_S4,2025-05-01,62.5,20.8,0.58
Tehri Garhwal,TehriGarhwal_S4,2025-06-01,168.1,24.08,0.58
Tehri Garhwal,TehriGarhwal_S4,2025-07-01,218.8,26.99,0.58
Tehri Garhwal,TehriGarhwal_S4,2025-08-01,201.2,28.21,0.58
Tehri Garhwal,TehriGarhwal_S4,2025-09-01,142.8,29.34,0.58
Tehri Garhwal,TehriGarhwal_S4,2025-10-01,61.0,25.62,0.58
Tehri Garhwal,TehriGarhwal_S4,2025-11-01,31.9,22.04,0.58
Tehri Garhwal,TehriGarhwal_S4,2025-12-01,30.1,22.0,0.58
Tehri Garhwal,TehriGarhwal_S5,2005-01-01,26.1,32.95,0.58
Tehri Garhwal,TehriGarhwal_S5,2005-02-01,26.4,28.88,0.58
Tehri Garhwal,TehriGarhwal_S5,2005-03-01,40.9,29.21,0.58
Tehri Garhwal,TehriGarhwal_S5,2005-04-01,56.7,27.36,0.58
Tehri Garhwal,TehriGarhwal_S5,2005-05-01,80.1,30.53,0.58
Tehri Garhwal,TehriGarhwal_S5,2005-06-01,211.8,29.28,0.58
Tehri Garhwal,TehriGarhwal_S5,2005-07-01,303.4,41.58,0.58
Tehri Garhwal,TehriGarhwal_S5,2005-08-01,231.7,40.9,0.58
Tehri Garhwal,TehriGarhwal_S5,2005-09-01,184.7,41.69,0.58
Tehri Garhwal,TehriGarhwal_S5,2005-10-01,82.1,35.09,0.58
Tehri Garhwal,TehriGarhwal_S5,2005-11-01,41.2,33.3,0.58
Tehri Garhwal,TehriGarhwal_S5,2005-12-01,44.2,28.64,0.58
Tehri Garhwal,TehriGarhwal_S5,2006-01-01,16.7,26.52,0.58
Tehri Garhwal,TehriGarhwal_S5,2006-02-01,20.2,25.6,0.58
Tehri Garhwal,TehriGarhwal_S5,2006-03-01,29.7,27.47,0.58
Tehri Garhwal,TehriGarhwal_S5,2006-04-01,40.1,28.34,0.58
Tehri Garhwal,TehriGarhwal_S5,2006-05-01,57.2,27.36,0.58
Tehri Garhwal,TehriGarhwal_S5,2006-06-01,166.8,28.44,0.58
Tehri Garhwal,TehriGarhwal_S5,2006-07-01,234.0,35.86,0.58
Tehri Garhwal,TehriGarhwal_S5,2006-08-01,205.6,38.55,0.58
Tehri Garhwal,TehriGarhwal_S5,2006-09-01,126.0,34.24,0.58
Tehri Garhwal,TehriGarhwal_S5,2006-10-01,49.4,30.72,0.58
Tehri Garhwal,TehriGarhwal_S5,2006-11-01,31.5,27.95,0.58
Tehri Garhwal,TehriGarhwal_S5,2006-12-01,32.6,28.17,0.58
Tehri Garhwal,TehriGarhwal_S5,2007-01-01,28.5,28.71,0.58
Tehri Garhwal,TehriGarhwal_S5,2007-02-01,32.4,27.3,0.58
Tehri Garhwal,TehriGarhwal_S5,2007-03-01,49.2,26.81,0.58
Tehri Garhwal,TehriGarhwal_S5,2007-04-01,69.1,28.34,0.58
Tehri Garhwal,TehriGarhwal_S5,2007-05-01,85.7,27.42,0.58
Tehri Garhwal,TehriGarhwal_S5,2007-06-01,241.2,29.0,0.58
Tehri Garhwal,TehriGarhwal_S5,2007-07-01,358.0,36.23,0.58
Tehri Garhwal,TehriGarhwal_S5,2007-08-01,308.5,41.41,0.58
Tehri Garhwal,TehriGarhwal_S5,2007-09-01,181.8,42.03,0.58
Tehri Garhwal,TehriGarhwal_S5,2007-10-01,95.2,34.58,0.58
Tehri Garhwal,TehriGarhwal_S5,2007-11-01,48.2,30.44,0.58
Tehri Garhwal,TehriGarhwal_S5,2007-12-01,46.4,27.52,0.58
Tehri Garhwal,TehriGarhwal_S5,2008-01-01,28.3,26.95,0.58
Tehri Garhwal,TehriGarhwal_S5,2008-02-01,32.3,26.3,0.58
Tehri Garhwal,TehriGarhwal_S5,2008-03-01,40.3,25.69,0.58
Tehri Garhwal,TehriGarhwal_S5,2008-04-01,55.1,26.66,0.58
Tehri Garhwal,TehriGarhwal_S5,2008-05-01,86.8,25.9,0.58
Tehri Garhwal,TehriGarhwal_S5,2008-06-01,247.6,29.06,0.58
Tehri Garhwal,TehriGarhwal_S5,2008-07-01,280.0,38.4,0.58
Tehri Garhwal,TehriGarhwal_S5,2008-08-01,258.9,37.52,0.58
Tehri Garhwal,TehriGarhwal_S5,2008-09-01,157.3,37.7,0.58
Tehri Garhwal,TehriGarhwal_S5,2008-10-01,87.0,31.07,0.58
Tehri Garhwal,TehriGarhwal_S5,2008-11-01,39.5,27.48,0.58
Tehri Garhwal,TehriGarhwal_S5,2008-12-01,42.0,24.19,0.58
Tehri Garhwal,TehriGarhwal_S5,2009-01-01,29.2,27.34,0.58
Tehri Garhwal,TehriGarhwal_S5,2009-02-01,31.3,26.3,0.58
Tehri Garhwal,TehriGarhwal_S5,2009-03-01,45.1,25.7,0.58
Tehri Garhwal,TehriGarhwal_S5,2009-04-01,64.9,28.23,0.58
Tehri Garhwal,TehriGarhwal_S5,2009-05-01,95.8,26.44,0.58
Tehri Garhwal,TehriGarhwal_S5,2009-06-01,232.6,32.55,0.58
Tehri Garhwal,TehriGarhwal_S5,2009-07-01,334.0,35.0,0.58
Tehri Garhwal,TehriGarhwal_S5,2009-08-01,333.5,41.17,0.58
Tehri Garhwal,TehriGarhwal_S5,2009-09-01,206.4,39.73,0.58
Tehri Garhwal,TehriGarhwal_S5,2009-10-01,82.0,34.43,0.58
Tehri Garhwal,TehriGarhwal_S5,2009-11-01,48.6,28.38,0.58
Tehri Garhwal,TehriGarhwal_S5,2009-12-01,42.2,25.29,0.58
Tehri Garhwal,TehriGarhwal_S5,2010-01-01,36.7,27.27,0.58
Tehri Garhwal,TehriGarhwal_S5,2010-02-01,34.7,25.01,0.58
Tehri Garhwal,TehriGarhwal_S5,2010-03-01,51.5,24.89,0.58
Tehri Garhwal,TehriGarhwal_S5,2010-04-01,66.7,24.22,0.58
Tehri Garhwal,TehriGarhwal_S5,2010-05-01,107.3,26.64,0.58
Tehri Garhwal,TehriGarhwal_S5,2010-06-01,263.4,27.94,0.58
Tehri Garhwal,TehriGarhwal_S5,2010-07-01,380.3,34.97,0.58
Tehri Garhwal,TehriGarhwal_S5,2010-08-01,363.0,40.34,0.58
Tehri Garhwal,TehriGarhwal_S5,2010-09-01,210.6,46.47,0.58
Tehri Garhwal,TehriGarhwal_S5,2010-10-01,96.8,32.71,0.58
Tehri Garhwal,TehriGarhwal_S5,2010-11-01,46.0,25.3,0.58
Tehri Garhwal,TehriGarhwal_S5,2010-12-01,46.6,23.79,0.58
Tehri Garhwal,TehriGarhwal_S5,2011-01-01,21.5,24.56,0.58
Tehri Garhwal,TehriGarhwal_S5,2011-02-01,23.3,23.94,0.58
Tehri Garhwal,TehriGarhwal_S5,2011-03-01,34.0,23.99,0.58
Tehri Garhwal,TehriGarhwal_S5,2011-04-01,35.4,24.64,0.58
Tehri Garhwal,TehriGarhwal_S5,2011-05-01,64.5,23.08,0.58
Tehri Garhwal,TehriGarhwal_S5,2011-06-01,181.1,25.68,0.58
Tehri Garhwal,TehriGarhwal_S5,2011-07-01,215.4,29.66,0.58
Tehri Garhwal,TehriGarhwal_S5,2011-08-01,204.9,31.65,0.58
Tehri Garhwal,TehriGarhwal_S5,2011-09-01,110.9,30.6,0.58
Tehri Garhwal,TehriGarhwal_S5,2011-10-01,62.3,25.71,0.58
Tehri Garhwal,TehriGarhwal_S5,2011-11-01,27.9,26.19,0.58
Tehri Garhwal,TehriGarhwal_S5,2011-12-01,31.0,23.91,0.58
Tehri Garhwal,TehriGarhwal_S5,2012-01-01,22.4,24.35,0.58
Tehri Garhwal,TehriGarhwal_S5,2012-02-01,23.2,22.79,0.58
Tehri Garhwal,TehriGarhwal_S5,2012-03-01,30.1,23.62,0.58
Tehri Garhwal,TehriGarhwal_S5,2012-04-01,39.0,21.0,0.58
Tehri Garhwal,TehriGarhwal_S5,2012-05-01,53.2,24.42,0.58
Tehri Garhwal,TehriGarhwal_S5,2012-06-01,167.9,24.26,0.58
Tehri Garhwal,TehriGarhwal_S5,2012-07-01,224.9,30.51,0.58
Tehri Garhwal,TehriGarhwal_S5,2012-08-01,187.8,32.89,0.58
Tehri Garhwal,TehriGarhwal_S5,2012-09-01,144.4,28.91,0.58
Tehri Garhwal,TehriGarhwal_S5,2012-10-01,62.0,26.13,0.58
Tehri Garhwal,TehriGarhwal_S5,2012-11-01,29.4,23.35,0.58
Tehri Garhwal,TehriGarhwal_S5,2012-12-01,30.7,23.23,0.58
Tehri Garhwal,TehriGarhwal_S5,2013-01-01,34.1,23.39,0.58
Tehri Garhwal,TehriGarhwal_S5,2013-02-01,32.2,21.16,0.58
Tehri Garhwal,TehriGarhwal_S5,2013-03-01,51.2,21.47,0.58
Tehri Garhwal,TehriGarhwal_S5,2013-04-01,59.0,22.59,0.58
Tehri Garhwal,TehriGarhwal_S5,2013-05-01,97.8,23.33,0.58
Tehri Garhwal,TehriGarhwal_S5,2013-06-01,263.1,23.8,0.58
Tehri Garhwal,TehriGarhwal_S5,2013-07-01,344.1,30.95,0.58
Tehri Garhwal,TehriGarhwal_S5,2013-08-01,336.3,35.56,0.58
Tehri Garhwal,TehriGarhwal_S5,2013-09-01,198.1,36.79,0.58
Tehri Garhwal,TehriGarhwal_S5,2013-10-01,101.5,28.27,0.58
Tehri Garhwal,TehriGarhwal_S5,2013-11-01,50.9,25.29,0.58
Tehri Garhwal,TehriGarhwal_S5,2013-12-01,37.4,24.23,0.58
Tehri Garhwal,TehriGarhwal_S5,2014-01-01,25.0,20.88,0.58
Tehri Garhwal,TehriGarhwal_S5,2014-02-01,31.4,21.48,0.58
Tehri Garhwal,TehriGarhwal_S5,2014-03-01,53.6,23.08,0.58
Tehri Garhwal,TehriGarhwal_S5,2014-04-01,64.3,22.46,0.58
Tehri Garhwal,TehriGarhwal_S5,2014-05-01,87.4,22.72,0.58
Tehri Garhwal,TehriGarhwal_S5,2014-06-01,240.9,25.82,0.58
Tehri Garhwal,TehriGarhwal_S5,2014-07-01,392.8,30.96,0.58
Tehri Garhwal,TehriGarhwal_S5,2014-08-01,279.3,40.49,0.58
Tehri Garhwal,TehriGarhwal_S5,2014-09-01,233.9,33.77,0.58
Tehri Garhwal,TehriGarhwal_S5,2014-10-01,98.6,30.38,0.58
Tehri Garhwal,TehriGarhwal_S5,2014-11-01,44.8,25.24,0.58
Tehri Garhwal,TehriGarhwal_S5,2014-12-01,47.2,22.49,0.58
Tehri Garhwal,TehriGarhwal_S5,2015-01-01,25.4,23.34,0.58
Tehri Garhwal,TehriGarhwal_S5,2015-02-01,25.1,20.58,0.58
Tehri Garhwal,TehriGarhwal_S5,2015-03-01,30.7,21.15,0.58
Tehri Garhwal,TehriGarhwal_S5,2015-04-01,45.9,21.24,0.58
Tehri Garhwal,TehriGarhwal_S5,2015-05-01,66.3,22.72,0.58
Tehri Garhwal,TehriGarhwal_S5,2015-06-01,209.5,21.65,0.58
Tehri Garhwal,TehriGarhwal_S5,2015-07-01,232.8,30.7,0.58
Tehri Garhwal,TehriGarhwal_S5,2015-08-01,267.7,30.9,0.58
Tehri Garhwal,TehriGarhwal_S5,2015-09-01,153.8,29.61,0.58
Tehri Garhwal,TehriGarhwal_S5,2015-10-01,64.6,28.14,0.58
Tehri Garhwal,TehriGarhwal_S5,2015-11-01,33.7,25.01,0.58
Tehri Garhwal,TehriGarhwal_S5,2015-12-01,33.3,22.13,0.58
Tehri Garhwal,TehriGarhwal_S5,2016-01-01,22.8,22.51,0.58
Tehri Garhwal,TehriGarhwal_S5,2016-02-01,20.4,20.59,0.58
Tehri Garhwal,TehriGarhwal_S5,2016-03-01,28.0,18.66,0.58
Tehri Garhwal,TehriGarhwal_S5,2016-04-01,43.9,18.74,0.58
Tehri Garhwal,TehriGarhwal_S5,2016-05-01,58.1,21.57,0.58
Tehri Garhwal,TehriGarhwal_S5,2016-06-01,170.3,21.23,0.58
Tehri Garhwal,TehriGarhwal_S5,2016-07-01,231.0,25.52,0.58
Tehri Garhwal,TehriGarhwal_S5,2016-08-01,210.7,29.24,0.58
Tehri Garhwal,TehriGarhwal_S5,2016-09-01,170.8,29.26,0.58
Tehri Garhwal,TehriGarhwal_S5,2016-10-01,68.2,24.65,0.58
Tehri Garhwal,TehriGarhwal_S5,2016-11-01,34.6,21.58,0.58
Tehri Garhwal,TehriGarhwal_S5,2016-12-01,29.1,22.12,0.58
Tehri Garhwal,TehriGarhwal_S5,2017-01-01,25.7,19.2,0.58
Tehri Garhwal,TehriGarhwal_S5,2017-02-01,23.2,20.97,0.58
Tehri Garhwal,TehriGarhwal_S5,2017-03-01,40.6,19.46,0.58
Tehri Garhwal,TehriGarhwal_S5,2017-04-01,45.6,21.21,0.58
Tehri Garhwal,TehriGarhwal_S5,2017-05-01,74.0,21.96,0.58
Tehri Garhwal,TehriGarhwal_S5,2017-06-01,192.6,22.8,0.58
Tehri Garhwal,TehriGarhwal_S5,2017-07-01,281.4,28.23,0.58
Tehri Garhwal,TehriGarhwal_S5,2017-08-01,239.6,28.96,0.58
Tehri Garhwal,TehriGarhwal_S5,2017-09-01,160.6,30.49,0.58
Tehri Garhwal,TehriGarhwal_S5,2017-10-01,74.3,24.38,0.58
Tehri Garhwal,TehriGarhwal_S5,2017-11-01,35.7,22.04,0.58
Tehri Garhwal,TehriGarhwal_S5,2017-12-01,39.4,20.34,0.58
Tehri Garhwal,TehriGarhwal_S5,2018-01-01,28.8,20.68,0.58
Tehri Garhwal,TehriGarhwal_S5,2018-02-01,28.0,20.04,0.58
Tehri Garhwal,TehriGarhwal_S5,2018-03-01,46.3,18.8,0.58
Tehri Garhwal,TehriGarhwal_S5,2018-04-01,56.9,18.98,0.58
Tehri Garhwal,TehriGarhwal_S5,2018-05-01,84.9,21.66,0.58
Tehri Garhwal,TehriGarhwal_S5,2018-06-01,234.0,22.07,0.58
Tehri Garhwal,TehriGarhwal_S5,2018-07-01,362.3,29.63,0.58
Tehri Garhwal,TehriGarhwal_S5,2018-08-01,258.9,33.21,0.58
Tehri Garhwal,TehriGarhwal_S5,2018-09-01,200.1,26.9,0.58
Tehri Garhwal,TehriGarhwal_S5,2018-10-01,73.8,27.72,0.58
Tehri Garhwal,TehriGarhwal_S5,2018-11-01,44.3,20.79,0.58
Tehri Garhwal,TehriGarhwal_S5,2018-12-01,49.0,20.26,0.58
Tehri Garhwal,TehriGarhwal_S5,2019-01-01,30.5,19.42,0.58
Tehri Garhwal,TehriGarhwal_S5,2019-02-01,28.7,20.85,0.58
Tehri Garhwal,TehriGarhwal_S5,2019-03-01,45.2,18.31,0.58
Tehri Garhwal,TehriGarhwal_S5,2019-04-01,58.9,19.45,0.58
Tehri Garhwal,TehriGarhwal_S5,2019-05-01,84.5,20.4,0.58
Tehri Garhwal,TehriGarhwal_S5,2019-06-01,234.8,20.13,0.58
Tehri Garhwal,TehriGarhwal_S5,2019-07-01,335.8,27.78,0.58
Tehri Garhwal,TehriGarhwal_S5,2019-08-01,282.1,33.88,0.58
Tehri Garhwal,TehriGarhwal_S5,2019-09-01,182.7,28.4,0.58
Tehri Garhwal,TehriGarhwal_S5,2019-10-01,80.3,25.55,0.58
Tehri Garhwal,TehriGarhwal_S5,2019-11-01,46.5,18.02,0.58
Tehri Garhwal,TehriGarhwal_S5,2019-12-01,47.0,19.45,0.58
Tehri Garhwal,TehriGarhwal_S5,2020-01-01,31.2,19.16,0.58
Tehri Garhwal,TehriGarhwal_S5,2020-02-01,29.2,18.03,0.58
Tehri Garhwal,TehriGarhwal_S5,2020-03-01,44.8,19.68,0.58
Tehri Garhwal,TehriGarhwal_S5,2020-04-01,59.4,18.94,0.58
Tehri Garhwal,TehriGarhwal_S5,2020-05-01,86.3,19.61,0.58
Tehri Garhwal,TehriGarhwal_S5,2020-06-01,221.9,20.42,0.58
Tehri Garhwal,TehriGarhwal_S5,2020-07-01,375.2,23.61,0.58
Tehri Garhwal,TehriGarhwal_S5,2020-08-01,279.3,30.27,0.58
Tehri Garhwal,TehriGarhwal_S5,2020-09-01,178.3,29.61,0.58
Tehri Garhwal,TehriGarhwal_S5,2020-10-01,89.9,21.68,0.58
Tehri Garhwal,TehriGarhwal_S5,2020-11-01,44.3,19.93,0.58
Tehri Garhwal,TehriGarhwal_S5,2020-12-01,38.6,18.52,0.58
Tehri Garhwal,TehriGarhwal_S5,2021-01-01,32.5,20.26,0.58
Tehri Garhwal,TehriGarhwal_S5,2021-02-01,29.8,19.06,0.58
Tehri Garhwal,TehriGarhwal_S5,2021-03-01,53.7,17.71,0.58
Tehri Garhwal,TehriGarhwal_S5,2021-04-01,68.7,20.35,0.58
Tehri Garhwal,TehriGarhwal_S5,2021-05-01,88.2,18.91,0.58
Tehri Garhwal,TehriGarhwal_S5,2021-06-01,298.9,21.37,0.58
Tehri Garhwal,TehriGarhwal_S5,2021-07-01,378.8,26.47,0.58
Tehri Garhwal,TehriGarhwal_S5,2021-08-01,326.9,33.09,0.58
Tehri Garhwal,TehriGarhwal_S5,2021-09-01,239.7,28.75,0.58
Tehri Garhwal,TehriGarhwal_S5,2021-10-01,99.4,24.62,0.58
Tehri Garhwal,TehriGarhwal_S5,2021-11-01,49.0,20.33,0.58
Tehri Garhwal,TehriGarhwal_S5,2021-12-01,46.5,18.85,0.58
Tehri Garhwal,TehriGarhwal_S5,2022-01-01,31.6,18.0,0.58
Tehri Garhwal,TehriGarhwal_S5,2022-02-01,30.5,18.35,0.58
Tehri Garhwal,TehriGarhwal_S5,2022-03-01,42.8,17.25,0.58
Tehri Garhwal,TehriGarhwal_S5,2022-04-01,61.5,18.76,0.58
Tehri Garhwal,TehriGarhwal_S5,2022-05-01,90.8,19.28,0.58
Tehri Garhwal,TehriGarhwal_S5,2022-06-01,217.6,19.86,0.58
Tehri Garhwal,TehriGarhwal_S5,2022-07-01,295.5,24.08,0.58
Tehri Garhwal,TehriGarhwal_S5,2022-08-01,318.2,27.68,0.58
Tehri Garhwal,TehriGarhwal_S5,2022-09-01,156.7,29.04,0.58
Tehri Garhwal,TehriGarhwal_S5,2022-10-01,92.8,24.48,0.58
Tehri Garhwal,TehriGarhwal_S5,2022-11-01,43.9,20.7,0.58
Tehri Garhwal,TehriGarhwal_S5,2022-12-01,50.4,18.8,0.58
Tehri Garhwal,TehriGarhwal_S5,2023-01-01,27.3,20.92,0.58
Tehri Garhwal,TehriGarhwal_S5,2023-02-01,25.1,17.67,0.58
Tehri Garhwal,TehriGarhwal_S5,2023-03-01,39.2,17.53,0.58
Tehri Garhwal,TehriGarhwal_S5,2023-04-01,54.9,18.21,0.58
Tehri Garhwal,TehriGarhwal_S5,2023-05-01,74.9,17.21,0.58
Tehri Garhwal,TehriGarhwal_S5,2023-06-01,224.0,18.4,0.58
Tehri Garhwal,TehriGarhwal_S5,2023-07-01,262.5,23.6,0.58
Tehri Garhwal,TehriGarhwal_S5,2023-08-01,265.4,26.39,0.58
Tehri Garhwal,TehriGarhwal_S5,2023-09-01,181.0,25.39,0.58
Tehri Garhwal,TehriGarhwal_S5,2023-10-01,81.9,22.66,0.58
Tehri Garhwal,TehriGarhwal_S5,2023-11-01,44.9,19.89,0.58
Tehri Garhwal,TehriGarhwal_S5,2023-12-01,36.5,18.25,0.58
Tehri Garhwal,TehriGarhwal_S5,2024-01-01,20.4,17.01,0.58
Tehri Garhwal,TehriGarhwal_S5,2024-02-01,23.4,15.98,0.58
Tehri Garhwal,TehriGarhwal_S5,2024-03-01,34.6,17.55,0.58
Tehri Garhwal,TehriGarhwal_S5,2024-04-01,44.8,17.63,0.58
Tehri Garhwal,TehriGarhwal_S5,2024-05-01,60.6,15.91,0.58
Tehri Garhwal,TehriGarhwal_S5,2024-06-01,188.6,17.55,0.58
Tehri Garhwal,TehriGarhwal_S5,2024-07-01,220.3,22.52,0.58
Tehri Garhwal,TehriGarhwal_S5,2024-08-01,242.7,24.32,0.58
Tehri Garhwal,TehriGarhwal_S5,2024-09-01,177.3,25.25,0.58
Tehri Garhwal,TehriGarhwal_S5,2024-10-01,68.6,22.1,0.58
Tehri Garhwal,TehriGarhwal_S5,2024-11-01,34.9,18.44,0.58
Tehri Garhwal,TehriGarhwal_S5,2024-12-01,32.0,16.74,0.58
Tehri Garhwal,TehriGarhwal_S5,2025-01-01,19.4,15.99,0.58
Tehri Garhwal,TehriGarhwal_S5,2025-02-01,18.6,15.86,0.58
Tehri Garhwal,TehriGarhwal_S5,2025-03-01,27.1,16.03,0.58
Tehri Garhwal,TehriGarhwal_S5,2025-04-01,46.4,16.24,0.58
Tehri Garhwal,TehriGarhwal_S5,2025-05-01,62.5,15.31,0.58
Tehri Garhwal,TehriGarhwal_S5,2025-06-01,168.1,17.08,0.58
Tehri Garhwal,TehriGarhwal_S5,2025-07-01,218.8,21.11,0.58
Tehri Garhwal,TehriGarhwal_S5,2025-08-01,201.2,22.43,0.58
Tehri Garhwal,TehriGarhwal_S5,2025-09-01,142.8,21.82,0.58
Tehri Garhwal,TehriGarhwal_S5,2025-10-01,61.0,20.53,0.58
Tehri Garhwal,TehriGarhwal_S5,2025-11-01,31.9,16.26,0.58
Tehri Garhwal,TehriGarhwal_S5,2025-12-01,30.1,14.84,0.58
Tehri Garhwal,TehriGarhwal_S6,2005-01-01,26.1,39.48,0.58
Tehri Garhwal,TehriGarhwal_S6,2005-02-01,26.4,31.84,0.58
Tehri Garhwal,TehriGarhwal_S6,2005-03-01,40.9,28.32,0.58
Tehri Garhwal,TehriGarhwal_S6,2005-04-01,56.7,31.06,0.58
Tehri Garhwal,TehriGarhwal_S6,2005-05-01,80.1,32.77,0.58
Tehri Garhwal,TehriGarhwal_S6,2005-06-01,211.8,34.08,0.58
Tehri Garhwal,TehriGarhwal_S6,2005-07-01,303.4,43.34,0.58
Tehri Garhwal,TehriGarhwal_S6,2005-08-01,231.7,45.78,0.58
Tehri Garhwal,TehriGarhwal_S6,2005-09-01,184.7,43.36,0.58
Tehri Garhwal,TehriGarhwal_S6,2005-10-01,82.1,40.92,0.58
Tehri Garhwal,TehriGarhwal_S6,2005-11-01,41.2,34.77,0.58
Tehri Garhwal,TehriGarhwal_S6,2005-12-01,44.2,29.44,0.58
Tehri Garhwal,TehriGarhwal_S6,2006-01-01,16.7,30.24,0.58
Tehri Garhwal,TehriGarhwal_S6,2006-02-01,20.2,25.02,0.58
Tehri Garhwal,TehriGarhwal_S6,2006-03-01,29.7,28.17,0.58
Tehri Garhwal,TehriGarhwal_S6,2006-04-01,40.1,28.8,0.58
Tehri Garhwal,TehriGarhwal_S6,2006-05-01,57.2,28.61,0.58
Tehri Garhwal,TehriGarhwal_S6,2006-06-01,166.8,31.37,0.58
Tehri Garhwal,TehriGarhwal_S6,2006-07-01,234.0,37.75,0.58
Tehri Garhwal,TehriGarhwal_S6,2006-08-01,205.6,37.19,0.58
Tehri Garhwal,TehriGarhwal_S6,2006-09-01,126.0,40.47,0.58
Tehri Garhwal,TehriGarhwal_S6,2006-10-01,49.4,33.37,0.58
Tehri Garhwal,TehriGarhwal_S6,2006-11-01,31.5,30.89,0.58
Tehri Garhwal,TehriGarhwal_S6,2006-12-01,32.6,27.11,0.58
Tehri Garhwal,TehriGarhwal_S6,2007-01-01,28.5,28.99,0.58
Tehri Garhwal,TehriGarhwal_S6,2007-02-01,32.4,28.21,0.58
Tehri Garhwal,TehriGarhwal_S6,2007-03-01,49.2,29.19,0.58
Tehri Garhwal,TehriGarhwal_S6,2007-04-01,69.1,29.88,0.58
Tehri Garhwal,TehriGarhwal_S6,2007-05-01,85.7,30.41,0.58
Tehri Garhwal,TehriGarhwal_S6,2007-06-01,241.2,29.27,0.58
Tehri Garhwal,TehriGarhwal_S6,2007-07-01,358.0,37.94,0.58
Tehri Garhwal,TehriGarhwal_S6,2007-08-01,308.5,46.44,0.58
Tehri Garhwal,TehriGarhwal_S6,2007-09-01,181.8,44.71,0.58
Tehri Garhwal,TehriGarhwal_S6,2007-10-01,95.2,35.92,0.58
Tehri Garhwal,TehriGarhwal_S6,2007-11-01,48.2,32.78,0.58
Tehri Garhwal,TehriGarhwal_S6,2007-12-01,46.4,28.51,0.58
Tehri Garhwal,TehriGarhwal_S6,2008-01-01,28.3,27.33,0.58
Tehri Garhwal,TehriGarhwal_S6,2008-02-01,32.3,27.18,0.58
Tehri Garhwal,TehriGarhwal_S6,2008-03-01,40.3,28.03,0.58
Tehri Garhwal,TehriGarhwal_S6,2008-04-01,55.1,28.55,0.58
Tehri Garhwal,TehriGarhwal_S6,2008-05-01,86.8,31.58,0.58
Tehri Garhwal,TehriGarhwal_S6,2008-06-01,247.6,29.6,0.58
Tehri Garhwal,TehriGarhwal_S6,2008-07-01,280.0,39.71,0.58
Tehri Garhwal,TehriGarhwal_S6,2008-08-01,258.9,42.49,0.58
Tehri Garhwal,TehriGarhwal_S6,2008-09-01,157.3,40.21,0.58
Tehri Garhwal,TehriGarhwal_S6,2008-10-01,87.0,33.44,0.58
Tehri Garhwal,TehriGarhwal_S6,2008-11-01,39.5,27.83,0.58
Tehri Garhwal,TehriGarhwal_S6,2008-12-01,42.0,26.67,0.58
Tehri Garhwal,TehriGarhwal_S6,2009-01-01,29.2,25.95,0.58
Tehri Garhwal,TehriGarhwal_S6,2009-02-01,31.3,24.32,0.58
Tehri Garhwal,TehriGarhwal_S6,2009-03-01,45.1,25.59,0.58
Tehri Garhwal,TehriGarhwal_S6,2009-04-01,64.9,25.91,0.58
Tehri Garhwal,TehriGarhwal_S6,2009-05-01,95.8,29.2,0.58
Tehri Garhwal,TehriGarhwal_S6,2009-06-01,232.6,30.92,0.58
Tehri Garhwal,TehriGarhwal_S6,2009-07-01,334.0,35.87,0.58
Tehri Garhwal,TehriGarhwal_S6,2009-08-01,333.5,42.54,0.58
Tehri Garhwal,TehriGarhwal_S6,2009-09-01,206.4,38.95,0.58
Tehri Garhwal,TehriGarhwal_S6,2009-10-01,82.0,34.89,0.58
Tehri Garhwal,TehriGarhwal_S6,2009-11-01,48.6,29.38,0.58
Tehri Garhwal,TehriGarhwal_S6,2009-12-01,42.2,27.98,0.58
Tehri Garhwal,TehriGarhwal_S6,2010-01-01,36.7,25.5,0.58
Tehri Garhwal,TehriGarhwal_S6,2010-02-01,34.7,27.43,0.58
Tehri Garhwal,TehriGarhwal_S6,2010-03-01,51.5,23.91,0.58
Tehri Garhwal,TehriGarhwal_S6,2010-04-01,66.7,25.04,0.58
Tehri Garhwal,TehriGarhwal_S6,2010-05-01,107.3,28.42,0.58
Tehri Garhwal,TehriGarhwal_S6,2010-06-01,263.4,32.02,0.58
Tehri Garhwal,TehriGarhwal_S6,2010-07-01,380.3,38.8,0.58
Tehri Garhwal,TehriGarhwal_S6,2010-08-01,363.0,43.93,0.58
Tehri Garhwal,TehriGarhwal_S6,2010-09-01,210.6,38.25,0.58
Tehri Garhwal,TehriGarhwal_S6,2010-10-01,96.8,31.2,0.58
Tehri Garhwal,TehriGarhwal_S6,2010-11-01,46.0,28.73,0.58
Tehri Garhwal,TehriGarhwal_S6,2010-12-01,46.6,25.3,0.58
Tehri Garhwal,TehriGarhwal_S6,2011-01-01,21.5,24.29,0.58
Tehri Garhwal,TehriGarhwal_S6,2011-02-01,23.3,24.4,0.58
Tehri Garhwal,TehriGarhwal_S6,2011-03-01,34.0,24.47,0.58
Tehri Garhwal,TehriGarhwal_S6,2011-04-01,35.4,25.99,0.58
Tehri Garhwal,TehriGarhwal_S6,2011-05-01,64.5,24.98,0.58
Tehri Garhwal,TehriGarhwal_S6,2011-06-01,181.1,27.87,0.58
Tehri Garhwal,TehriGarhwal_S6,2011-07-01,215.4,32.24,0.58
Tehri Garhwal,TehriGarhwal_S6,2011-08-01,204.9,33.7,0.58
Tehri Garhwal,TehriGarhwal_S6,2011-09-01,110.9,35.02,0.58
Tehri Garhwal,TehriGarhwal_S6,2011-10-01,62.3,26.93,0.58
Tehri Garhwal,TehriGarhwal_S6,2011-11-01,27.9,29.36,0.58
Tehri Garhwal,TehriGarhwal_S6,2011-12-01,31.0,24.35,0.58
Tehri Garhwal,TehriGarhwal_S6,2012-01-01,22.4,24.45,0.58
Tehri Garhwal,TehriGarhwal_S6,2012-02-01,23.2,24.1,0.58
Tehri Garhwal,TehriGarhwal_S6,2012-03-01,30.1,25.65,0.58
Tehri Garhwal,TehriGarhwal_S6,2012-04-01,39.0,24.67,0.58
Tehri Garhwal,TehriGarhwal_S6,2012-05-01,53.2,22.17,0.58
Tehri Garhwal,TehriGarhwal_S6,2012-06-01,167.9,26.48,0.58
Tehri Garhwal,TehriGarhwal_S6,2012-07-01,224.9,29.88,0.58
Tehri Garhwal,TehriGarhwal_S6,2012-08-01,187.8,33.32,0.58
Tehri Garhwal,TehriGarhwal_S6,2012-09-01,144.4,29.21,0.58
Tehri Garhwal,TehriGarhwal_S6,2012-10-01,62.0,29.72,0.58
Tehri Garhwal,TehriGarhwal_S6,2012-11-01,29.4,23.99,0.58
Tehri Garhwal,TehriGarhwal_S6,2012-12-01,30.7,23.23,0.58
Tehri Garhwal,TehriGarhwal_S6,2013-01-01,34.1,22.78,0.58
Tehri Garhwal,TehriGarhwal_S6,2013-02-01,32.2,25.43,0.58
Tehri Garhwal,TehriGarhwal_S6,2013-03-01,51.2,25.32,0.58
Tehri Garhwal,TehriGarhwal_S6,2013-04-01,59.0,23.95,0.58
Tehri Garhwal,TehriGarhwal_S6,2013-05-01,97.8,24.27,0.58
Tehri Garhwal,TehriGarhwal_S6,2013-06-01,263.1,25.51,0.58
Tehri Garhwal,TehriGarhwal_S6,2013-07-01,344.1,35.76,0.58
Tehri Garhwal,TehriGarhwal_S6,2013-08-01,336.3,37.05,0.58
Tehri Garhwal,TehriGarhwal_S6,2013-09-01,198.1,36.4,0.58
Tehri Garhwal,TehriGarhwal_S6,2013-10-01,101.5,31.96,0.58
Tehri Garhwal,TehriGarhwal_S6,2013-11-01,50.9,25.08,0.58
Tehri Garhwal,TehriGarhwal_S6,2013-12-01,37.4,23.25,0.58
Tehri Garhwal,TehriGarhwal_S6,2014-01-01,25.0,20.8,0.58
Tehri Garhwal,TehriGarhwal_S6,2014-02-01,31.4,22.7,0.58
Tehri Garhwal,TehriGarhwal_S6,2014-03-01,53.6,24.32,0.58
Tehri Garhwal,TehriGarhwal_S6,2014-04-01,64.3,23.97,0.58
Tehri Garhwal,TehriGarhwal_S6,2014-05-01,87.4,25.29,0.58
Tehri Garhwal,TehriGarhwal_S6,2014-06-01,240.9,23.53,0.58
Tehri Garhwal,TehriGarhwal_S6,2014-07-01,392.8,32.0,0.58
Tehri Garhwal,TehriGarhwal_S6,2014-08-01,279.3,36.74,0.58
Tehri Garhwal,TehriGarhwal_S6,2014-09-01,233.9,32.83,0.58
Tehri Garhwal,TehriGarhwal_S6,2014-10-01,98.6,32.21,0.58
Tehri Garhwal,TehriGarhwal_S6,2014-11-01,44.8,24.84,0.58
Tehri Garhwal,TehriGarhwal_S6,2014-12-01,47.2,20.61,0.58
Tehri Garhwal,TehriGarhwal_S6,2015-01-01,25.4,20.75,0.58
Tehri Garhwal,TehriGarhwal_S6,2015-02-01,25.1,19.69,0.58
Tehri Garhwal,TehriGarhwal_S6,2015-03-01,30.7,21.6,0.58
Tehri Garhwal,TehriGarhwal_S6,2015-04-01,45.9,23.46,0.58
Tehri Garhwal,TehriGarhwal_S6,2015-05-01,66.3,23.38,0.58
Tehri Garhwal,TehriGarhwal_S6,2015-06-01,209.5,20.58,0.58
Tehri Garhwal,TehriGarhwal_S6,2015-07-01,232.8,31.14,0.58
Tehri Garhwal,TehriGarhwal_S6,2015-08-01,267.7,31.43,0.58
Tehri Garhwal,TehriGarhwal_S6,2015-09-01,153.8,29.05,0.58
Tehri Garhwal,TehriGarhwal_S6,2015-10-01,64.6,25.94,0.58
Tehri Garhwal,TehriGarhwal_S6,2015-11-01,33.7,23.53,0.58
Tehri Garhwal,TehriGarhwal_S6,2015-12-01,33.3,21.46,0.58
Tehri Garhwal,TehriGarhwal_S6,2016-01-01,22.8,19.44,0.58
Tehri Garhwal,TehriGarhwal_S6,2016-02-01,20.4,20.9,0.58
Tehri Garhwal,TehriGarhwal_S6,2016-03-01,28.0,17.96,0.58
Tehri Garhwal,TehriGarhwal_S6,2016-04-01,43.9,20.15,0.58
Tehri Garhwal,TehriGarhwal_S6,2016-05-01,58.1,22.2,0.58
Tehri Garhwal,TehriGarhwal_S6,2016-06-01,170.3,21.58,0.58
Tehri Garhwal,TehriGarhwal_S6,2016-07-01,231.0,25.67,0.58
Tehri Garhwal,TehriGarhwal_S6,2016-08-01,210.7,30.14,0.58
Tehri Garhwal,TehriGarhwal_S6,2016-09-01,170.8,29.26,0.58
Tehri Garhwal,TehriGarhwal_S6,2016-10-01,68.2,27.82,0.58
Tehri Garhwal,TehriGarhwal_S6,2016-11-01,34.6,22.61,0.58
Tehri Garhwal,TehriGarhwal_S6,2016-12-01,29.1,21.26,0.58
Tehri Garhwal,TehriGarhwal_S6,2017-01-01,25.7,20.6,0.58
Tehri Garhwal,TehriGarhwal_S6,2017-02-01,23.2,19.93,0.58
Tehri Garhwal,TehriGarhwal_S6,2017-03-01,40.6,19.59,0.58
Tehri Garhwal,TehriGarhwal_S6,2017-04-01,45.6,19.93,0.58
Tehri Garhwal,TehriGarhwal_S6,2017-05-01,74.0,19.09,0.58
Tehri Garhwal,TehriGarhwal_S6,2017-06-01,192.6,20.42,0.58
Tehri Garhwal,TehriGarhwal_S6,2017-07-01,281.4,25.93,0.58
Tehri Garhwal,TehriGarhwal_S6,2017-08-01,239.6,30.27,0.58
Tehri Garhwal,TehriGarhwal_S6,2017-09-01,160.6,30.11,0.58
Tehri Garhwal,TehriGarhwal_S6,2017-10-01,74.3,24.69,0.58
Tehri Garhwal,TehriGarhwal_S6,2017-11-01,35.7,22.19,0.58
Tehri Garhwal,TehriGarhwal_S6,2017-12-01,39.4,20.53,0.58
Tehri Garhwal,TehriGarhwal_S6,2018-01-01,28.8,19.34,0.58
Tehri Garhwal,TehriGarhwal_S6,2018-02-01,28.0,19.65,0.58
Tehri Garhwal,TehriGarhwal_S6,2018-03-01,46.3,18.76,0.58
Tehri Garhwal,TehriGarhwal_S6,2018-04-01,56.9,20.97,0.58
Tehri Garhwal,TehriGarhwal_S6,2018-05-01,84.9,20.67,0.58
Tehri Garhwal,TehriGarhwal_S6,2018-06-01,234.0,19.84,0.58
Tehri Garhwal,TehriGarhwal_S6,2018-07-01,362.3,27.23,0.58
Tehri Garhwal,TehriGarhwal_S6,2018-08-01,258.9,34.7,0.58
Tehri Garhwal,TehriGarhwal_S6,2018-09-01,200.1,27.59,0.58
Tehri Garhwal,TehriGarhwal_S6,2018-10-01,73.8,25.99,0.58
Tehri Garhwal,TehriGarhwal_S6,2018-11-01,44.3,20.9,0.58
Tehri Garhwal,TehriGarhwal_S6,2018-12-01,49.0,18.12,0.58
Tehri Garhwal,TehriGarhwal_S6,2019-01-01,30.5,19.73,0.58
Tehri Garhwal,TehriGarhwal_S6,2019-02-01,28.7,17.17,0.58
Tehri Garhwal,TehriGarhwal_S6,2019-03-01,45.2,17.75,0.58
Tehri Garhwal,TehriGarhwal_S6,2019-04-01,58.9,19.93,0.58
Tehri Garhwal,TehriGarhwal_S6,2019-05-01,84.5,19.73,0.58
Tehri Garhwal,TehriGarhwal_S6,2019-06-01,234.8,20.01,0.58
Tehri Garhwal,TehriGarhwal_S6,2019-07-01,335.8,26.65,0.58
Tehri Garhwal,TehriGarhwal_S6,2019-08-01,282.1,29.78,0.58
Tehri Garhwal,TehriGarhwal_S6,2019-09-01,182.7,27.74,0.58
Tehri Garhwal,TehriGarhwal_S6,2019-10-01,80.3,24.61,0.58
Tehri Garhwal,TehriGarhwal_S6,2019-11-01,46.5,19.13,0.58
Tehri Garhwal,TehriGarhwal_S6,2019-12-01,47.0,18.54,0.58
Tehri Garhwal,TehriGarhwal_S6,2020-01-01,31.2,18.18,0.58
Tehri Garhwal,TehriGarhwal_S6,2020-02-01,29.2,16.4,0.58
Tehri Garhwal,TehriGarhwal_S6,2020-03-01,44.8,16.87,0.58
Tehri Garhwal,TehriGarhwal_S6,2020-04-01,59.4,19.64,0.58
Tehri Garhwal,TehriGarhwal_S6,2020-05-01,86.3,19.06,0.58
Tehri Garhwal,TehriGarhwal_S6,2020-06-01,221.9,18.35,0.58
Tehri Garhwal,TehriGarhwal_S6,2020-07-01,375.2,22.74,0.58
Tehri Garhwal,TehriGarhwal_S6,2020-08-01,279.3,30.08,0.58
Tehri Garhwal,TehriGarhwal_S6,2020-09-01,178.3,28.69,0.58
Tehri Garhwal,TehriGarhwal_S6,2020-10-01,89.9,22.59,0.58
Tehri Garhwal,TehriGarhwal_S6,2020-11-01,44.3,20.76,0.58
Tehri Garhwal,TehriGarhwal_S6,2020-12-01,38.6,18.07,0.58
Tehri Garhwal,TehriGarhwal_S6,2021-01-01,32.5,17.9,0.58
Tehri Garhwal,TehriGarhwal_S6,2021-02-01,29.8,16.06,0.58
Tehri Garhwal,TehriGarhwal_S6,2021-03-01,53.7,17.86,0.58
Tehri Garhwal,TehriGarhwal_S6,2021-04-01,68.7,17.58,0.58
Tehri Garhwal,TehriGarhwal_S6,2021-05-01,88.2,19.16,0.58
Tehri Garhwal,TehriGarhwal_S6,2021-06-01,298.9,18.24,0.58
Tehri Garhwal,TehriGarhwal_S6,2021-07-01,378.8,26.75,0.58
Tehri Garhwal,TehriGarhwal_S6,2021-08-01,326.9,29.8,0.58
Tehri Garhwal,TehriGarhwal_S6,2021-09-01,239.7,27.13,0.58
Tehri Garhwal,TehriGarhwal_S6,2021-10-01,99.4,24.65,0.58
Tehri Garhwal,TehriGarhwal_S6,2021-11-01,49.0,18.86,0.58
Tehri Garhwal,TehriGarhwal_S6,2021-12-01,46.5,16.71,0.58
Tehri Garhwal,TehriGarhwal_S6,2022-01-01,31.6,18.51,0.58
Tehri Garhwal,TehriGarhwal_S6,2022-02-01,30.5,17.43,0.58
Tehri Garhwal,TehriGarhwal_S6,2022-03-01,42.8,15.84,0.58
Tehri Garhwal,TehriGarhwal_S6,2022-04-01,61.5,17.33,0.58
Tehri Garhwal,TehriGarhwal_S6,2022-05-01,90.8,16.8,0.58
Tehri Garhwal,TehriGarhwal_S6,2022-06-01,217.6,17.32,0.58
Tehri Garhwal,TehriGarhwal_S6,2022-07-01,295.5,23.91,0.58
Tehri Garhwal,TehriGarhwal_S6,2022-08-01,318.2,23.19,0.58
Tehri Garhwal,TehriGarhwal_S6,2022-09-01,156.7,27.26,0.58
Tehri Garhwal,TehriGarhwal_S6,2022-10-01,92.8,20.18,0.58
Tehri Garhwal,TehriGarhwal_S6,2022-11-01,43.9,18.01,0.58
Tehri Garhwal,TehriGarhwal_S6,2022-12-01,50.4,16.82,0.58
Tehri Garhwal,TehriGarhwal_S6,2023-01-01,27.3,17.13,0.58
Tehri Garhwal,TehriGarhwal_S6,2023-02-01,25.1,15.16,0.58
Tehri Garhwal,TehriGarhwal_S6,2023-03-01,39.2,16.25,0.58
Tehri Garhwal,TehriGarhwal_S6,2023-04-01,54.9,16.21,0.58
Tehri Garhwal,TehriGarhwal_S6,2023-05-01,74.9,15.55,0.58
Tehri Garhwal,TehriGarhwal_S6,2023-06-01,224.0,17.07,0.58
Tehri Garhwal,TehriGarhwal_S6,2023-07-01,262.5,23.65,0.58
Tehri Garhwal,TehriGarhwal_S6,2023-08-01,265.4,25.3,0.58
Tehri Garhwal,TehriGarhwal_S6,2023-09-01,181.0,24.2,0.58
Tehri Garhwal,TehriGarhwal_S6,2023-10-01,81.9,19.28,0.58
Tehri Garhwal,TehriGarhwal_S6,2023-11-01,44.9,17.6,0.58
Tehri Garhwal,TehriGarhwal_S6,2023-12-01,36.5,16.59,0.58
Tehri Garhwal,TehriGarhwal_S6,2024-01-01,20.4,16.16,0.58
Tehri Garhwal,TehriGarhwal_S6,2024-02-01,23.4,15.61,0.58
Tehri Garhwal,TehriGarhwal_S6,2024-03-01,34.6,15.34,0.58
Tehri Garhwal,TehriGarhwal_S6,2024-04-01,44.8,15.33,0.58
Tehri Garhwal,TehriGarhwal_S6,2024-05-01,60.6,15.19,0.58
Tehri Garhwal,TehriGarhwal_S6,2024-06-01,188.6,14.6,0.58
Tehri Garhwal,TehriGarhwal_S6,2024-07-01,220.3,20.53,0.58
Tehri Garhwal,TehriGarhwal_S6,2024-08-01,242.7,21.34,0.58
Tehri Garhwal,TehriGarhwal_S6,2024-09-01,177.3,22.4,0.58
Tehri Garhwal,TehriGarhwal_S6,2024-10-01,68.6,18.33,0.58
Tehri Garhwal,TehriGarhwal_S6,2024-11-01,34.9,16.66,0.58
Tehri Garhwal,TehriGarhwal_S6,2024-12-01,32.0,16.56,0.58
Tehri Garhwal,TehriGarhwal_S6,2025-01-01,19.4,14.94,0.58
Tehri Garhwal,TehriGarhwal_S6,2025-02-01,18.6,14.4,0.58
Tehri Garhwal,TehriGarhwal_S6,2025-03-01,27.1,14.59,0.58
Tehri Garhwal,TehriGarhwal_S6,2025-04-01,46.4,16.07,0.58
Tehri Garhwal,TehriGarhwal_S6,2025-05-01,62.5,14.37,0.58
Tehri Garhwal,TehriGarhwal_S6,2025-06-01,168.1,15.76,0.58
Tehri Garhwal,TehriGarhwal_S6,2025-07-01,218.8,18.07,0.58
Tehri Garhwal,TehriGarhwal_S6,2025-08-01,201.2,19.78,0.58
Tehri Garhwal,TehriGarhwal_S6,2025-09-01,142.8,19.68,0.58
Tehri Garhwal,TehriGarhwal_S6,2025-10-01,61.0,19.08,0.58
Tehri Garhwal,TehriGarhwal_S6,2025-11-01,31.9,16.7,0.58
Tehri Garhwal,TehriGarhwal_S6,2025-12-01,30.1,14.71,0.58
Almora,Almora_S1,2005-01-01,24.9,37.0,0.48
Almora,Almora_S1,2005-02-01,20.0,30.45,0.48
Almora,Almora_S1,2005-03-01,29.7,28.41,0.48
Almora,Almora_S1,2005-04-01,35.6,29.85,0.48
Almora,Almora_S1,2005-05-01,69.2,29.08,0.48
Almora,Almora_S1,2005-06-01,178.9,31.34,0.48
Almora,Almora_S1,2005-07-01,272.5,42.73,0.48
Almora,Almora_S1,2005-08-01,184.5,46.25,0.48
Almora,Almora_S1,2005-09-01,150.7,42.71,0.48
Almora,Almora_S1,2005-10-01,62.6,36.74,0.48
Almora,Almora_S1,2005-11-01,33.1,32.89,0.48
Almora,Almora_S1,2005-12-01,27.0,29.31,0.48
Almora,Almora_S1,2006-01-01,28.5,31.56,0.48
Almora,Almora_S1,2006-02-01,26.8,29.97,0.48
Almora,Almora_S1,2006-03-01,42.3,31.07,0.48
Almora,Almora_S1,2006-04-01,50.4,29.19,0.48
Almora,Almora_S1,2006-05-01,76.8,30.93,0.48
Almora,Almora_S1,2006-06-01,206.8,31.11,0.48
Almora,Almora_S1,2006-07-01,251.5,41.44,0.48
Almora,Almora_S1,2006-08-01,287.0,44.9,0.48
Almora,Almora_S1,2006-09-01,191.1,46.23,0.48
Almora,Almora_S1,2006-10-01,76.0,38.25,0.48
Almora,Almora_S1,2006-11-01,41.4,29.84,0.48
Almora,Almora_S1,2006-12-01,39.4,26.02,0.48
Almora,Almora_S1,2007-01-01,21.9,27.68,0.48
Almora,Almora_S1,2007-02-01,21.5,28.72,0.48
Almora,Almora_S1,2007-03-01,37.5,25.5,0.48
Almora,Almora_S1,2007-04-01,45.9,26.82,0.48
Almora,Almora_S1,2007-05-01,80.5,31.92,0.48
Almora,Almora_S1,2007-06-01,185.4,30.68,0.48
Almora,Almora_S1,2007-07-01,235.1,39.73,0.48
Almora,Almora_S1,2007-08-01,253.5,43.89,0.48
Almora,Almora_S1,2007-09-01,157.6,45.14,0.48
Almora,Almora_S1,2007-10-01,73.3,33.94,0.48
Almora,Almora_S1,2007-11-01,37.9,30.3,0.48
Almora,Almora_S1,2007-12-01,32.8,25.78,0.48
Almora,Almora_S1,2008-01-01,21.3,30.98,0.48
Almora,Almora_S1,2008-02-01,19.4,24.57,0.48
Almora,Almora_S1,2008-03-01,31.7,25.09,0.48
Almora,Almora_S1,2008-04-01,47.8,25.83,0.48
Almora,Almora_S1,2008-05-01,66.0,26.15,0.48
Almora,Almora_S1,2008-06-01,154.0,31.42,0.48
Almora,Almora_S1,2008-07-01,207.8,39.68,0.48
Almora,Almora_S1,2008-08-01,244.5,38.04,0.48
Almora,Almora_S1,2008-09-01,139.3,38.62,0.48
Almora,Almora_S1,2008-10-01,61.4,30.23,0.48
Almora,Almora_S1,2008-11-01,31.7,28.28,0.48
Almora,Almora_S1,2008-12-01,28.5,26.1,0.48
Almora,Almora_S1,2009-01-01,25.9,25.37,0.48
Almora,Almora_S1,2009-02-01,29.6,26.24,0.48
Almora,Almora_S1,2009-03-01,40.2,26.63,0.48
Almora,Almora_S1,2009-04-01,59.5,27.17,0.48
Almora,Almora_S1,2009-05-01,81.7,27.49,0.48
Almora,Almora_S1,2009-06-01,228.1,27.7,0.48
Almora,Almora_S1,2009-07-01,310.6,40.19,0.48
Almora,Almora_S1,2009-08-01,280.3,44.22,0.48
Almora,Almora_S1,2009-09-01,178.4,43.93,0.48
Almora,Almora_S1,2009-10-01,78.6,36.64,0.48
Almora,Almora_S1,2009-11-01,46.2,26.58,0.48
Almora,Almora_S1,2009-12-01,37.1,24.52,0.48
Almora,Almora_S1,2010-01-01,22.0,24.77,0.48
Almora,Almora_S1,2010-02-01,22.7,23.37,0.48
Almora,Almora_S1,2010-03-01,31.9,25.57,0.48
Almora,Almora_S1,2010-04-01,45.1,25.58,0.48
Almora,Almora_S1,2010-05-01,65.2,27.33,0.48
Almora,Almora_S1,2010-06-01,153.8,27.63,0.48
Almora,Almora_S1,2010-07-01,242.3,32.98,0.48
Almora,Almora_S1,2010-08-01,200.8,40.42,0.48
Almora,Almora_S1,2010-09-01,123.2,36.21,0.48
Almora,Almora_S1,2010-10-01,66.8,30.49,0.48
Almora,Almora_S1,2010-11-01,34.3,28.72,0.48
Almora,Almora_S1,2010-12-01,34.4,24.77,0.48
Almora,Almora_S1,2011-01-01,20.2,24.18,0.48
Almora,Almora_S1,2011-02-01,21.3,22.6,0.48
Almora,Almora_S1,2011-03-01,41.5,24.4,0.48
Almora,Almora_S1,2011-04-01,43.7,26.27,0.48
Almora,Almora_S1,2011-05-01,75.1,24.73,0.48
Almora,Almora_S1,2011-06-01,180.5,28.37,0.48
Almora,Almora_S1,2011-07-01,264.3,29.72,0.48
Almora,Almora_S1,2011-08-01,226.6,37.85,0.48
Almora,Almora_S1,2011-09-01,162.1,35.47,0.48
Almora,Almora_S1,2011-10-01,72.4,30.38,0.48
Almora,Almora_S1,2011-11-01,34.5,29.13,0.48
Almora,Almora_S1,2011-12-01,32.8,23.59,0.48
Almora,Almora_S1,2012-01-01,20.7,23.0,0.48
Almora,Almora_S1,2012-02-01,23.7,22.71,0.48
Almora,Almora_S1,2012-03-01,41.5,20.5,0.48
Almora,Almora_S1,2012-04-01,50.7,22.86,0.48
Almora,Almora_S1,2012-05-01,72.6,25.42,0.48
Almora,Almora_S1,2012-06-01,181.8,24.63,0.48
Almora,Almora_S1,2012-07-01,212.7,30.43,0.48
Almora,Almora_S1,2012-08-01,204.6,35.63,0.48
Almora,Almora_S1,2012-09-01,164.0,35.06,0.48
Almora,Almora_S1,2012-10-01,64.3,31.18,0.48
Almora,Almora_S1,2012-11-01,32.4,23.97,0.48
Almora,Almora_S1,2012-12-01,33.9,22.33,0.48
Almora,Almora_S1,2013-01-01,16.7,21.7,0.48
Almora,Almora_S1,2013-02-01,18.4,20.48,0.48
Almora,Almora_S1,2013-03-01,25.8,20.45,0.48
Almora,Almora_S1,2013-04-01,34.8,21.25,0.48
Almora,Almora_S1,2013-05-01,52.0,21.21,0.48
Almora,Almora_S1,2013-06-01,154.1,21.44,0.48
Almora,Almora_S1,2013-07-01,199.7,29.25,0.48
Almora,Almora_S1,2013-08-01,182.3,31.75,0.48
Almora,Almora_S1,2013-09-01,126.0,32.89,0.48
Almora,Almora_S1,2013-10-01,54.9,26.16,0.48
Almora,Almora_S1,2013-11-01,27.1,23.37,0.48
Almora,Almora_S1,2013-12-01,28.8,21.75,0.48
Almora,Almora_S1,2014-01-01,23.9,21.17,0.48
Almora,Almora_S1,2014-02-01,24.4,21.88,0.48
Almora,Almora_S1,2014-03-01,34.0,21.87,0.48
Almora,Almora_S1,2014-04-01,45.1,21.86,0.48
Almora,Almora_S1,2014-05-01,77.1,21.76,0.48
Almora,Almora_S1,2014-06-01,200.5,23.28,0.48
Almora,Almora_S1,2014-07-01,276.0,28.22,0.48
Almora,Almora_S1,2014-08-01,247.5,32.87,0.48
Almora,Almora_S1,2014-09-01,157.9,31.59,0.48
Almora,Almora_S1,2014-10-01,76.7,26.15,0.48
Almora,Almora_S1,2014-11-01,39.0,23.79,0.48
Almora,Almora_S1,2014-12-01,39.0,22.47,0.48
Almora,Almora_S1,2015-01-01,24.1,20.17,0.48
Almora,Almora_S1,2015-02-01,22.1,20.56,0.48
Almora,Almora_S1,2015-03-01,34.1,19.06,0.48
Almora,Almora_S1,2015-04-01,44.3,20.35,0.48
Almora,Almora_S1,2015-05-01,66.3,20.4,0.48
Almora,Almora_S1,2015-06-01,163.1,22.87,0.48
Almora,Almora_S1,2015-07-01,251.7,26.23,0.48
Almora,Almora_S1,2015-08-01,266.0,33.24,0.48
Almora,Almora_S1,2015-09-01,136.6,31.87,0.48
Almora,Almora_S1,2015-10-01,65.4,24.69,0.48
Almora,Almora_S1,2015-11-01,31.3,20.42,0.48
Almora,Almora_S1,2015-12-01,31.2,20.22,0.48
Almora,Almora_S1,2016-01-01,25.6,20.79,0.48
Almora,Almora_S1,2016-02-01,26.1,19.82,0.48
Almora,Almora_S1,2016-03-01,35.5,21.69,0.48
Almora,Almora_S1,2016-04-01,50.9,21.34,0.48
Almora,Almora_S1,2016-05-01,70.2,20.3,0.48
Almora,Almora_S1,2016-06-01,227.7,21.17,0.48
Almora,Almora_S1,2016-07-01,364.8,29.98,0.48
Almora,Almora_S1,2016-08-01,263.0,34.5,0.48
Almora,Almora_S1,2016-09-01,152.6,32.64,0.48
Almora,Almora_S1,2016-10-01,87.1,25.75,0.48
Almora,Almora_S1,2016-11-01,38.3,22.27,0.48
Almora,Almora_S1,2016-12-01,44.9,20.19,0.48
Almora,Almora_S1,2017-01-01,20.0,21.48,0.48
Almora,Almora_S1,2017-02-01,20.8,18.66,0.48
Almora,Almora_S1,2017-03-01,33.5,18.37,0.48
Almora,Almora_S1,2017-04-01,41.4,20.46,0.48
Almora,Almora_S1,2017-05-01,60.7,20.28,0.48
Almora,Almora_S1,2017-06-01,165.9,19.88,0.48
Almora,Almora_S1,2017-07-01,208.2,25.18,0.48
Almora,Almora_S1,2017-08-01,217.4,27.37,0.48
Almora,Almora_S1,2017-09-01,117.4,27.95,0.48
Almora,Almora_S1,2017-10-01,61.0,21.09,0.48
Almora,Almora_S1,2017-11-01,33.5,18.35,0.48
Almora,Almora_S1,2017-12-01,32.4,17.7,0.48
Almora,Almora_S1,2018-01-01,23.8,17.52,0.48
Almora,Almora_S1,2018-02-01,26.2,17.37,0.48
Almora,Almora_S1,2018-03-01,38.6,18.57,0.48
Almora,Almora_S1,2018-04-01,49.6,18.35,0.48
Almora,Almora_S1,2018-05-01,77.2,19.15,0.48
Almora,Almora_S1,2018-06-01,203.1,18.93,0.48
Almora,Almora_S1,2018-07-01,254.2,25.29,0.48
Almora,Almora_S1,2018-08-01,213.7,28.97,0.48
Almora,Almora_S1,2018-09-01,160.9,26.98,0.48
Almora,Almora_S1,2018-10-01,75.0,22.85,0.48
Almora,Almora_S1,2018-11-01,39.1,19.89,0.48
Almora,Almora_S1,2018-12-01,33.2,20.02,0.48
Almora,Almora_S1,2019-01-01,19.7,17.7,0.48
Almora,Almora_S1,2019-02-01,18.9,16.46,0.48
Almora,Almora_S1,2019-03-01,24.2,16.81,0.48
Almora,Almora_S1,2019-04-01,39.2,17.22,0.48
Almora,Almora_S1,2019-05-01,48.6,17.61,0.48
Almora,Almora_S1,2019-06-01,140.6,18.07,0.48
Almora,Almora_S1,2019-07-01,231.7,20.51,0.48
Almora,Almora_S1,2019-08-01,217.8,24.79,0.48
Almora,Almora_S1,2019-09-01,111.5,25.15,0.48
Almora,Almora_S1,2019-10-01,55.5,20.44,0.48
Almora,Almora_S1,2019-11-01,28.6,17.59,0.48
Almora,Almora_S1,2019-12-01,32.6,16.72,0.48
Almora,Almora_S1,2020-01-01,19.6,17.04,0.48
Almora,Almora_S1,2020-02-01,22.9,17.1,0.48
Almora,Almora_S1,2020-03-01,29.6,16.38,0.48
Almora,Almora_S1,2020-04-01,43.1,17.02,0.48
Almora,Almora_S1,2020-05-01,53.9,16.74,0.48
Almora,Almora_S1,2020-06-01,160.8,18.12,0.48
Almora,Almora_S1,2020-07-01,194.4,22.5,0.48
Almora,Almora_S1,2020-08-01,186.5,24.44,0.48
Almora,Almora_S1,2020-09-01,141.3,23.84,0.48
Almora,Almora_S1,2020-10-01,60.9,21.67,0.48
Almora,Almora_S1,2020-11-01,29.8,17.52,0.48
Almora,Almora_S1,2020-12-01,28.7,16.45,0.48
Almora,Almora_S1,2021-01-01,21.8,17.01,0.48
Almora,Almora_S1,2021-02-01,22.9,15.3,0.48
Almora,Almora_S1,2021-03-01,25.2,15.31,0.48
Almora,Almora_S1,2021-04-01,39.7,15.99,0.48
Almora,Almora_S1,2021-05-01,64.6,16.73,0.48
Almora,Almora_S1,2021-06-01,168.8,16.64,0.48
Almora,Almora_S1,2021-07-01,241.5,21.46,0.48
Almora,Almora_S1,2021-08-01,217.3,24.3,0.48
Almora,Almora_S1,2021-09-01,134.9,20.77,0.48
Almora,Almora_S1,2021-10-01,61.1,19.73,0.48
Almora,Almora_S1,2021-11-01,31.3,16.79,0.48
Almora,Almora_S1,2021-12-01,34.8,15.54,0.48
Almora,Almora_S1,2022-01-01,19.5,16.88,0.48
Almora,Almora_S1,2022-02-01,19.9,14.18,0.48
Almora,Almora_S1,2022-03-01,33.0,14.44,0.48
Almora,Almora_S1,2022-04-01,38.2,13.5,0.48
Almora,Almora_S1,2022-05-01,63.3,15.31,0.48
Almora,Almora_S1,2022-06-01,172.1,16.28,0.48
Almora,Almora_S1,2022-07-01,214.3,20.28,0.48
Almora,Almora_S1,2022-08-01,192.5,23.63,0.48
Almora,Almora_S1,2022-09-01,123.9,22.39,0.48
Almora,Almora_S1,2022-10-01,57.6,18.81,0.48
Almora,Almora_S1,2022-11-01,31.4,15.82,0.48
Almora,Almora_S1,2022-12-01,29.9,15.83,0.48
Almora,Almora_S1,2023-01-01,20.7,14.93,0.48
Almora,Almora_S1,2023-02-01,21.0,13.95,0.48
Almora,Almora_S1,2023-03-01,40.0,13.26,0.48
Almora,Almora_S1,2023-04-01,44.9,14.85,0.48
Almora,Almora_S1,2023-05-01,64.1,15.89,0.48
Almora,Almora_S1,2023-06-01,203.1,17.81,0.48
Almora,Almora_S1,2023-07-01,256.2,21.22,0.48
Almora,Almora_S1,2023-08-01,238.3,22.19,0.48
Almora,Almora_S1,2023-09-01,146.4,21.0,0.48
Almora,Almora_S1,2023-10-01,66.6,19.35,0.48
Almora,Almora_S1,2023-11-01,33.7,14.42,0.48
Almora,Almora_S1,2023-12-01,30.4,14.94,0.48
Almora,Almora_S1,2024-01-01,22.2,14.96,0.48
Almora,Almora_S1,2024-02-01,24.9,14.33,0.48
Almora,Almora_S1,2024-03-01,32.8,13.92,0.48
Almora,Almora_S1,2024-04-01,35.3,14.72,0.48
Almora,Almora_S1,2024-05-01,64.6,14.48,0.48
Almora,Almora_S1,2024-06-01,211.7,14.77,0.48
Almora,Almora_S1,2024-07-01,255.4,22.54,0.48
Almora,Almora_S1,2024-08-01,203.0,21.74,0.48
Almora,Almora_S1,2024-09-01,147.8,20.96,0.48
Almora,Almora_S1,2024-10-01,61.3,15.94,0.48
Almora,Almora_S1,2024-11-01,29.0,15.95,0.48
Almora,Almora_S1,2024-12-01,31.7,14.82,0.48
Almora,Almora_S1,2025-01-01,19.0,13.87,0.48
Almora,Almora_S1,2025-02-01,20.3,13.73,0.48
Almora,Almora_S1,2025-03-01,33.5,13.73,0.48
Almora,Almora_S1,2025-04-01,43.1,13.33,0.48
Almora,Almora_S1,2025-05-01,69.0,14.45,0.48
Almora,Almora_S1,2025-06-01,161.1,14.31,0.48
Almora,Almora_S1,2025-07-01,259.3,17.51,0.48
Almora,Almora_S1,2025-08-01,201.9,22.59,0.48
Almora,Almora_S1,2025-09-01,164.0,20.28,0.48
Almora,Almora_S1,2025-10-01,57.7,17.34,0.48
Almora,Almora_S1,2025-11-01,30.5,13.76,0.48
Almora,Almora_S1,2025-12-01,34.6,12.88,0.48
Almora,Almora_S2,2005-01-01,24.9,33.22,0.48
Almora,Almora_S2,2005-02-01,20.0,28.64,0.48
Almora,Almora_S2,2005-03-01,29.7,27.08,0.48
Almora,Almora_S2,2005-04-01,35.6,29.22,0.48
Almora,Almora_S2,2005-05-01,69.2,27.74,0.48
Almora,Almora_S2,2005-06-01,178.9,30.16,0.48
Almora,Almora_S2,2005-07-01,272.5,36.31,0.48
Almora,Almora_S2,2005-08-01,184.5,46.97,0.48
Almora,Almora_S2,2005-09-01,150.7,36.91,0.48
Almora,Almora_S2,2005-10-01,62.6,36.53,0.48
Almora,Almora_S2,2005-11-01,33.1,29.53,0.48
Almora,Almora_S2,2005-12-01,27.0,26.05,0.48
Almora,Almora_S2,2006-01-01,28.5,26.18,0.48
Almora,Almora_S2,2006-02-01,26.8,28.91,0.48
Almora,Almora_S2,2006-03-01,42.3,27.12,0.48
Almora,Almora_S2,2006-04-01,50.4,26.45,0.48
Almora,Almora_S2,2006-05-01,76.8,28.78,0.48
Almora,Almora_S2,2006-06-01,206.8,29.87,0.48
Almora,Almora_S2,2006-07-01,251.5,45.68,0.48
Almora,Almora_S2,2006-08-01,287.0,42.51,0.48
Almora,Almora_S2,2006-09-01,191.1,43.39,0.48
Almora,Almora_S2,2006-10-01,76.0,40.25,0.48
Almora,Almora_S2,2006-11-01,41.4,26.93,0.48
Almora,Almora_S2,2006-12-01,39.4,27.36,0.48
Almora,Almora_S2,2007-01-01,21.9,29.73,0.48
Almora,Almora_S2,2007-02-01,21.5,25.63,0.48
Almora,Almora_S2,2007-03-01,37.5,23.46,0.48
Almora,Almora_S2,2007-04-01,45.9,26.17,0.48
Almora,Almora_S2,2007-05-01,80.5,29.18,0.48
Almora,Almora_S2,2007-06-01,185.4,29.99,0.48
Almora,Almora_S2,2007-07-01,235.1,34.83,0.48
Almora,Almora_S2,2007-08-01,253.5,38.21,0.48
Almora,Almora_S2,2007-09-01,157.6,39.55,0.48
Almora,Almora_S2,2007-10-01,73.3,34.86,0.48
Almora,Almora_S2,2007-11-01,37.9,30.5,0.48
Almora,Almora_S2,2007-12-01,32.8,27.57,0.48
Almora,Almora_S2,2008-01-01,21.3,26.38,0.48
Almora,Almora_S2,2008-02-01,19.4,23.31,0.48
Almora,Almora_S2,2008-03-01,31.7,23.14,0.48
Almora,Almora_S2,2008-04-01,47.8,26.2,0.48
Almora,Almora_S2,2008-05-01,66.0,24.72,0.48
Almora,Almora_S2,2008-06-01,154.0,27.3,0.48
Almora,Almora_S2,2008-07-01,207.8,33.75,0.48
Almora,Almora_S2,2008-08-01,244.5,34.54,0.48
Almora,Almora_S2,2008-09-01,139.3,36.9,0.48
Almora,Almora_S2,2008-10-01,61.4,31.89,0.48
Almora,Almora_S2,2008-11-01,31.7,27.65,0.48
Almora,Almora_S2,2008-12-01,28.5,26.34,0.48
Almora,Almora_S2,2009-01-01,25.9,25.5,0.48
Almora,Almora_S2,2009-02-01,29.6,24.6,0.48
Almora,Almora_S2,2009-03-01,40.2,23.77,0.48
Almora,Almora_S2,2009-04-01,59.5,23.94,0.48
Almora,Almora_S2,2009-05-01,81.7,25.77,0.48
Almora,Almora_S2,2009-06-01,228.1,28.35,0.48
Almora,Almora_S2,2009-07-01,310.6,37.51,0.48
Almora,Almora_S2,2009-08-01,280.3,37.55,0.48
Almora,Almora_S2,2009-09-01,178.4,38.39,0.48
Almora,Almora_S2,2009-10-01,78.6,35.53,0.48
Almora,Almora_S2,2009-11-01,46.2,27.34,0.48
Almora,Almora_S2,2009-12-01,37.1,23.38,0.48
Almora,Almora_S2,2010-01-01,22.0,27.43,0.48
Almora,Almora_S2,2010-02-01,22.7,23.51,0.48
Almora,Almora_S2,2010-03-01,31.9,23.98,0.48
Almora,Almora_S2,2010-04-01,45.1,24.51,0.48
Almora,Almora_S2,2010-05-01,65.2,24.32,0.48
Almora,Almora_S2,2010-06-01,153.8,24.99,0.48
Almora,Almora_S2,2010-07-01,242.3,34.58,0.48
Almora,Almora_S2,2010-08-01,200.8,38.39,0.48
Almora,Almora_S2,2010-09-01,123.2,35.35,0.48
Almora,Almora_S2,2010-10-01,66.8,30.02,0.48
Almora,Almora_S2,2010-11-01,34.3,24.42,0.48
Almora,Almora_S2,2010-12-01,34.4,25.21,0.48
Almora,Almora_S2,2011-01-01,20.2,22.64,0.48
Almora,Almora_S2,2011-02-01,21.3,23.05,0.48
Almora,Almora_S2,2011-03-01,41.5,20.87,0.48
Almora,Almora_S2,2011-04-01,43.7,21.44,0.48
Almora,Almora_S2,2011-05-01,75.1,24.33,0.48
Almora,Almora_S2,2011-06-01,180.5,24.71,0.48
Almora,Almora_S2,2011-07-01,264.3,28.73,0.48
Almora,Almora_S2,2011-08-01,226.6,37.75,0.48
Almora,Almora_S2,2011-09-01,162.1,38.1,0.48
Almora,Almora_S2,2011-10-01,72.4,32.71,0.48
Almora,Almora_S2,2011-11-01,34.5,24.94,0.48
Almora,Almora_S2,2011-12-01,32.8,23.01,0.48
Almora,Almora_S2,2012-01-01,20.7,23.85,0.48
Almora,Almora_S2,2012-02-01,23.7,23.31,0.48
Almora,Almora_S2,2012-03-01,41.5,21.81,0.48
Almora,Almora_S2,2012-04-01,50.7,23.21,0.48
Almora,Almora_S2,2012-05-01,72.6,23.99,0.48
Almora,Almora_S2,2012-06-01,181.8,25.52,0.48
Almora,Almora_S2,2012-07-01,212.7,30.82,0.48
Almora,Almora_S2,2012-08-01,204.6,32.51,0.48
Almora,Almora_S2,2012-09-01,164.0,34.39,0.48
Almora,Almora_S2,2012-10-01,64.3,31.58,0.48
Almora,Almora_S2,2012-11-01,32.4,24.63,0.48
Almora,Almora_S2,2012-12-01,33.9,24.09,0.48
Almora,Almora_S2,2013-01-01,16.7,21.78,0.48
Almora,Almora_S2,2013-02-01,18.4,22.91,0.48
Almora,Almora_S2,2013-03-01,25.8,21.81,0.48
Almora,Almora_S2,2013-04-01,34.8,25.12,0.48
Almora,Almora_S2,2013-05-01,52.0,20.73,0.48
Almora,Almora_S2,2013-06-01,154.1,22.15,0.48
Almora,Almora_S2,2013-07-01,199.7,29.16,0.48
Almora,Almora_S2,2013-08-01,182.3,31.62,0.48
Almora,Almora_S2,2013-09-01,126.0,32.89,0.48
Almora,Almora_S2,2013-10-01,54.9,25.89,0.48
Almora,Almora_S2,2013-11-01,27.1,23.84,0.48
Almora,Almora_S2,2013-12-01,28.8,22.47,0.48
Almora,Almora_S2,2014-01-01,23.9,22.02,0.48
Almora,Almora_S2,2014-02-01,24.4,19.94,0.48
Almora,Almora_S2,2014-03-01,34.0,22.39,0.48
Almora,Almora_S2,2014-04-01,45.1,22.71,0.48
Almora,Almora_S2,2014-05-01,77.1,22.6,0.48
Almora,Almora_S2,2014-06-01,200.5,23.85,0.48
Almora,Almora_S2,2014-07-01,276.0,30.54,0.48
Almora,Almora_S2,2014-08-01,247.5,34.05,0.48
Almora,Almora_S2,2014-09-01,157.9,33.61,0.48
Almora,Almora_S2,2014-10-01,76.7,27.74,0.48
Almora,Almora_S2,2014-11-01,39.0,22.3,0.48
Almora,Almora_S2,2014-12-01,39.0,20.12,0.48
Almora,Almora_S2,2015-01-01,24.1,20.38,0.48
Almora,Almora_S2,2015-02-01,22.1,20.56,0.48
Almora,Almora_S2,2015-03-01,34.1,20.15,0.48
Almora,Almora_S2,2015-04-01,44.3,20.98,0.48
Almora,Almora_S2,2015-05-01,66.3,21.77,0.48
Almora,Almora_S2,2015-06-01,163.1,21.64,0.48
Almora,Almora_S2,2015-07-01,251.7,29.35,0.48
Almora,Almora_S2,2015-08-01,266.0,31.47,0.48
Almora,Almora_S2,2015-09-01,136.6,31.85,0.48
Almora,Almora_S2,2015-10-01,65.4,26.38,0.48
Almora,Almora_S2,2015-11-01,31.3,19.99,0.48
Almora,Almora_S2,2015-12-01,31.2,19.4,0.48
Almora,Almora_S2,2016-01-01,25.6,21.13,0.48
Almora,Almora_S2,2016-02-01,26.1,18.08,0.48
Almora,Almora_S2,2016-03-01,35.5,20.88,0.48
Almora,Almora_S2,2016-04-01,50.9,21.73,0.48
Almora,Almora_S2,2016-05-01,70.2,20.55,0.48
Almora,Almora_S2,2016-06-01,227.7,22.19,0.48
Almora,Almora_S2,2016-07-01,364.8,31.47,0.48
Almora,Almora_S2,2016-08-01,263.0,35.8,0.48
Almora,Almora_S2,2016-09-01,152.6,32.79,0.48
Almora,Almora_S2,2016-10-01,87.1,24.93,0.48
Almora,Almora_S2,2016-11-01,38.3,21.91,0.48
Almora,Almora_S2,2016-12-01,44.9,19.14,0.48
Almora,Almora_S2,2017-01-01,20.0,20.57,0.48
Almora,Almora_S2,2017-02-01,20.8,20.03,0.48
Almora,Almora_S2,2017-03-01,33.5,18.75,0.48
Almora,Almora_S2,2017-04-01,41.4,18.26,0.48
Almora,Almora_S2,2017-05-01,60.7,18.77,0.48
Almora,Almora_S2,2017-06-01,165.9,21.15,0.48
Almora,Almora_S2,2017-07-01,208.2,28.25,0.48
Almora,Almora_S2,2017-08-01,217.4,28.42,0.48
Almora,Almora_S2,2017-09-01,117.4,27.71,0.48
Almora,Almora_S2,2017-10-01,61.0,24.2,0.48
Almora,Almora_S2,2017-11-01,33.5,20.25,0.48
Almora,Almora_S2,2017-12-01,32.4,18.75,0.48
Almora,Almora_S2,2018-01-01,23.8,18.1,0.48
Almora,Almora_S2,2018-02-01,26.2,19.85,0.48
Almora,Almora_S2,2018-03-01,38.6,16.25,0.48
Almora,Almora_S2,2018-04-01,49.6,19.93,0.48
Almora,Almora_S2,2018-05-01,77.2,19.19,0.48
Almora,Almora_S2,2018-06-01,203.1,20.48,0.48
Almora,Almora_S2,2018-07-01,254.2,29.14,0.48
Almora,Almora_S2,2018-08-01,213.7,28.19,0.48
Almora,Almora_S2,2018-09-01,160.9,26.31,0.48
Almora,Almora_S2,2018-10-01,75.0,24.51,0.48
Almora,Almora_S2,2018-11-01,39.1,20.97,0.48
Almora,Almora_S2,2018-12-01,33.2,18.39,0.48
Almora,Almora_S2,2019-01-01,19.7,17.03,0.48
Almora,Almora_S2,2019-02-01,18.9,17.03,0.48
Almora,Almora_S2,2019-03-01,24.2,18.85,0.48
Almora,Almora_S2,2019-04-01,39.2,17.99,0.48
Almora,Almora_S2,2019-05-01,48.6,18.99,0.48
Almora,Almora_S2,2019-06-01,140.6,18.71,0.48
Almora,Almora_S2,2019-07-01,231.7,22.41,0.48
Almora,Almora_S2,2019-08-01,217.8,29.61,0.48
Almora,Almora_S2,2019-09-01,111.5,26.36,0.48
Almora,Almora_S2,2019-10-01,55.5,21.18,0.48
Almora,Almora_S2,2019-11-01,28.6,20.08,0.48
Almora,Almora_S2,2019-12-01,32.6,17.12,0.48
Almora,Almora_S2,2020-01-01,19.6,17.36,0.48
Almora,Almora_S2,2020-02-01,22.9,17.27,0.48
Almora,Almora_S2,2020-03-01,29.6,17.37,0.48
Almora,Almora_S2,2020-04-01,43.1,17.86,0.48
Almora,Almora_S2,2020-05-01,53.9,20.09,0.48
Almora,Almora_S2,2020-06-01,160.8,18.94,0.48
Almora,Almora_S2,2020-07-01,194.4,20.6,0.48
Almora,Almora_S2,2020-08-01,186.5,25.23,0.48
Almora,Almora_S2,2020-09-01,141.3,24.46,0.48
Almora,Almora_S2,2020-10-01,60.9,22.39,0.48
Almora,Almora_S2,2020-11-01,29.8,18.94,0.48
Almora,Almora_S2,2020-12-01,28.7,17.26,0.48
Almora,Almora_S2,2021-01-01,21.8,17.15,0.48
Almora,Almora_S2,2021-02-01,22.9,17.36,0.48
Almora,Almora_S2,2021-03-01,25.2,16.39,0.48
Almora,Almora_S2,2021-04-01,39.7,16.1,0.48
Almora,Almora_S2,2021-05-01,64.6,20.14,0.48
Almora,Almora_S2,2021-06-01,168.8,17.88,0.48
Almora,Almora_S2,2021-07-01,241.5,23.15,0.48
Almora,Almora_S2,2021-08-01,217.3,24.18,0.48
Almora,Almora_S2,2021-09-01,134.9,25.16,0.48
Almora,Almora_S2,2021-10-01,61.1,20.39,0.48
Almora,Almora_S2,2021-11-01,31.3,17.76,0.48
Almora,Almora_S2,2021-12-01,34.8,17.71,0.48
Almora,Almora_S2,2022-01-01,19.5,17.34,0.48
Almora,Almora_S2,2022-02-01,19.9,16.7,0.48
Almora,Almora_S2,2022-03-01,33.0,14.78,0.48
Almora,Almora_S2,2022-04-01,38.2,18.27,0.48
Almora,Almora_S2,2022-05-01,63.3,15.9,0.48
Almora,Almora_S2,2022-06-01,172.1,19.3,0.48
Almora,Almora_S2,2022-07-01,214.3,23.63,0.48
Almora,Almora_S2,2022-08-01,192.5,24.9,0.48
Almora,Almora_S2,2022-09-01,123.9,22.23,0.48
Almora,Almora_S2,2022-10-01,57.6,20.45,0.48
Almora,Almora_S2,2022-11-01,31.4,17.05,0.48
Almora,Almora_S2,2022-12-01,29.9,16.35,0.48
Almora,Almora_S2,2023-01-01,20.7,16.02,0.48
Almora,Almora_S2,2023-02-01,21.0,14.19,0.48
Almora,Almora_S2,2023-03-01,40.0,16.66,0.48
Almora,Almora_S2,2023-04-01,44.9,16.45,0.48
Almora,Almora_S2,2023-05-01,64.1,16.28,0.48
Almora,Almora_S2,2023-06-01,203.1,16.94,0.48
Almora,Almora_S2,2023-07-01,256.2,23.49,0.48
Almora,Almora_S2,2023-08-01,238.3,24.07,0.48
Almora,Almora_S2,2023-09-01,146.4,21.65,0.48
Almora,Almora_S2,2023-10-01,66.6,21.02,0.48
Almora,Almora_S2,2023-11-01,33.7,17.76,0.48
Almora,Almora_S2,2023-12-01,30.4,15.77,0.48
Almora,Almora_S2,2024-01-01,22.2,14.85,0.48
Almora,Almora_S2,2024-02-01,24.9,15.46,0.48
Almora,Almora_S2,2024-03-01,32.8,14.33,0.48
Almora,Almora_S2,2024-04-01,35.3,14.93,0.48
Almora,Almora_S2,2024-05-01,64.6,15.2,0.48
Almora,Almora_S2,2024-06-01,211.7,17.64,0.48
Almora,Almora_S2,2024-07-01,255.4,22.32,0.48
Almora,Almora_S2,2024-08-01,203.0,23.86,0.48
Almora,Almora_S2,2024-09-01,147.8,24.45,0.48
Almora,Almora_S2,2024-10-01,61.3,20.39,0.48
Almora,Almora_S2,2024-11-01,29.0,16.86,0.48
Almora,Almora_S2,2024-12-01,31.7,14.99,0.48
Almora,Almora_S2,2025-01-01,19.0,14.88,0.48
Almora,Almora_S2,2025-02-01,20.3,13.18,0.48
Almora,Almora_S2,2025-03-01,33.5,15.53,0.48
Almora,Almora_S2,2025-04-01,43.1,15.63,0.48
Almora,Almora_S2,2025-05-01,69.0,15.49,0.48
Almora,Almora_S2,2025-06-01,161.1,16.47,0.48
Almora,Almora_S2,2025-07-01,259.3,20.84,0.48
Almora,Almora_S2,2025-08-01,201.9,21.97,0.48
Almora,Almora_S2,2025-09-01,164.0,20.93,0.48
Almora,Almora_S2,2025-10-01,57.7,18.92,0.48
Almora,Almora_S2,2025-11-01,30.5,17.36,0.48
Almora,Almora_S2,2025-12-01,34.6,15.52,0.48
Almora,Almora_S3,2005-01-01,24.9,21.92,0.48
Almora,Almora_S3,2005-02-01,20.0,18.24,0.48
Almora,Almora_S3,2005-03-01,29.7,17.18,0.48
Almora,Almora_S3,2005-04-01,35.6,20.66,0.48
Almora,Almora_S3,2005-05-01,69.2,19.37,0.48
Almora,Almora_S3,2005-06-01,178.9,21.14,0.48
Almora,Almora_S3,2005-07-01,272.5,24.97,0.48
Almora,Almora_S3,2005-08-01,184.5,31.38,0.48
Almora,Almora_S3,2005-09-01,150.7,25.52,0.48
Almora,Almora_S3,2005-10-01,62.6,24.0,0.48
Almora,Almora_S3,2005-11-01,33.1,20.72,0.48
Almora,Almora_S3,2005-12-01,27.0,17.14,0.48
Almora,Almora_S3,2006-01-01,28.5,19.8,0.48
Almora,Almora_S3,2006-02-01,26.8,18.53,0.48
Almora,Almora_S3,2006-03-01,42.3,19.41,0.48
Almora,Almora_S3,2006-04-01,50.4,17.91,0.48
Almora,Almora_S3,2006-05-01,76.8,18.38,0.48
Almora,Almora_S3,2006-06-01,206.8,19.27,0.48
Almora,Almora_S3,2006-07-01,251.5,26.82,0.48
Almora,Almora_S3,2006-08-01,287.0,28.62,0.48
Almora,Almora_S3,2006-09-01,191.1,29.41,0.48
Almora,Almora_S3,2006-10-01,76.0,24.29,0.48
Almora,Almora_S3,2006-11-01,41.4,18.92,0.48
Almora,Almora_S3,2006-12-01,39.4,18.51,0.48
Almora,Almora_S3,2007-01-01,21.9,17.99,0.48
Almora,Almora_S3,2007-02-01,21.5,16.98,0.48
Almora,Almora_S3,2007-03-01,37.5,18.87,0.48
Almora,Almora_S3,2007-04-01,45.9,18.14,0.48
Almora,Almora_S3,2007-05-01,80.5,19.74,0.48
Almora,Almora_S3,2007-06-01,185.4,19.56,0.48
Almora,Almora_S3,2007-07-01,235.1,25.13,0.48
Almora,Almora_S3,2007-08-01,253.5,26.95,0.48
Almora,Almora_S3,2007-09-01,157.6,25.44,0.48
Almora,Almora_S3,2007-10-01,73.3,25.08,0.48
Almora,Almora_S3,2007-11-01,37.9,19.42,0.48
Almora,Almora_S3,2007-12-01,32.8,18.58,0.48
Almora,Almora_S3,2008-01-01,21.3,16.98,0.48
Almora,Almora_S3,2008-02-01,19.4,16.95,0.48
Almora,Almora_S3,2008-03-01,31.7,16.23,0.48
Almora,Almora_S3,2008-04-01,47.8,18.56,0.48
Almora,Almora_S3,2008-05-01,66.0,18.44,0.48
Almora,Almora_S3,2008-06-01,154.0,19.27,0.48
Almora,Almora_S3,2008-07-01,207.8,24.34,0.48
Almora,Almora_S3,2008-08-01,244.5,26.57,0.48
Almora,Almora_S3,2008-09-01,139.3,27.7,0.48
Almora,Almora_S3,2008-10-01,61.4,20.42,0.48
Almora,Almora_S3,2008-11-01,31.7,17.87,0.48
Almora,Almora_S3,2008-12-01,28.5,16.31,0.48
Almora,Almora_S3,2009-01-01,25.9,17.62,0.48
Almora,Almora_S3,2009-02-01,29.6,16.99,0.48
Almora,Almora_S3,2009-03-01,40.2,15.79,0.48
Almora,Almora_S3,2009-04-01,59.5,17.23,0.48
Almora,Almora_S3,2009-05-01,81.7,16.83,0.48
Almora,Almora_S3,2009-06-01,228.1,19.06,0.48
Almora,Almora_S3,2009-07-01,310.6,23.29,0.48
Almora,Almora_S3,2009-08-01,280.3,29.65,0.48
Almora,Almora_S3,2009-09-01,178.4,28.04,0.48
Almora,Almora_S3,2009-10-01,78.6,25.29,0.48
Almora,Almora_S3,2009-11-01,46.2,19.56,0.48
Almora,Almora_S3,2009-12-01,37.1,16.98,0.48
Almora,Almora_S3,2010-01-01,22.0,17.61,0.48
Almora,Almora_S3,2010-02-01,22.7,15.11,0.48
Almora,Almora_S3,2010-03-01,31.9,15.45,0.48
Almora,Almora_S3,2010-04-01,45.1,16.86,0.48
Almora,Almora_S3,2010-05-01,65.2,15.26,0.48
Almora,Almora_S3,2010-06-01,153.8,17.88,0.48
Almora,Almora_S3,2010-07-01,242.3,20.5,0.48
Almora,Almora_S3,2010-08-01,200.8,25.4,0.48
Almora,Almora_S3,2010-09-01,123.2,22.21,0.48
Almora,Almora_S3,2010-10-01,66.8,20.61,0.48
Almora,Almora_S3,2010-11-01,34.3,17.8,0.48
Almora,Almora_S3,2010-12-01,34.4,17.54,0.48
Almora,Almora_S3,2011-01-01,20.2,16.37,0.48
Almora,Almora_S3,2011-02-01,21.3,15.13,0.48
Almora,Almora_S3,2011-03-01,41.5,15.55,0.48
Almora,Almora_S3,2011-04-01,43.7,15.43,0.48
Almora,Almora_S3,2011-05-01,75.1,16.94,0.48
Almora,Almora_S3,2011-06-01,180.5,18.38,0.48
Almora,Almora_S3,2011-07-01,264.3,24.86,0.48
Almora,Almora_S3,2011-08-01,226.6,24.71,0.48
Almora,Almora_S3,2011-09-01,162.1,23.59,0.48
Almora,Almora_S3,2011-10-01,72.4,20.63,0.48
Almora,Almora_S3,2011-11-01,34.5,17.73,0.48
Almora,Almora_S3,2011-12-01,32.8,16.28,0.48
Almora,Almora_S3,2012-01-01,20.7,15.83,0.48
Almora,Almora_S3,2012-02-01,23.7,16.18,0.48
Almora,Almora_S3,2012-03-01,41.5,14.96,0.48
Almora,Almora_S3,2012-04-01,50.7,16.91,0.48
Almora,Almora_S3,2012-05-01,72.6,16.89,0.48
Almora,Almora_S3,2012-06-01,181.8,17.28,0.48
Almora,Almora_S3,2012-07-01,212.7,21.26,0.48
Almora,Almora_S3,2012-08-01,204.6,25.55,0.48
Almora,Almora_S3,2012-09-01,164.0,21.5,0.48
Almora,Almora_S3,2012-10-01,64.3,21.06,0.48
Almora,Almora_S3,2012-11-01,32.4,16.14,0.48
Almora,Almora_S3,2012-12-01,33.9,16.86,0.48
Almora,Almora_S3,2013-01-01,16.7,16.19,0.48
Almora,Almora_S3,2013-02-01,18.4,14.29,0.48
Almora,Almora_S3,2013-03-01,25.8,15.2,0.48
Almora,Almora_S3,2013-04-01,34.8,15.27,0.48
Almora,Almora_S3,2013-05-01,52.0,15.0,0.48
Almora,Almora_S3,2013-06-01,154.1,16.64,0.48
Almora,Almora_S3,2013-07-01,199.7,20.35,0.48
Almora,Almora_S3,2013-08-01,182.3,21.92,0.48
Almora,Almora_S3,2013-09-01,126.0,20.92,0.48
Almora,Almora_S3,2013-10-01,54.9,19.15,0.48
Almora,Almora_S3,2013-11-01,27.1,16.15,0.48
Almora,Almora_S3,2013-12-01,28.8,14.91,0.48
Almora,Almora_S3,2014-01-01,23.9,14.42,0.48
Almora,Almora_S3,2014-02-01,24.4,15.92,0.48
Almora,Almora_S3,2014-03-01,34.0,13.89,0.48
Almora,Almora_S3,2014-04-01,45.1,15.32,0.48
Almora,Almora_S3,2014-05-01,77.1,15.14,0.48
Almora,Almora_S3,2014-06-01,200.5,18.02,0.48
Almora,Almora_S3,2014-07-01,276.0,20.24,0.48
Almora,Almora_S3,2014-08-01,247.5,23.11,0.48
Almora,Almora_S3,2014-09-01,157.9,21.76,0.48
Almora,Almora_S3,2014-10-01,76.7,19.77,0.48
Almora,Almora_S3,2014-11-01,39.0,15.24,0.48
Almora,Almora_S3,2014-12-01,39.0,14.57,0.48
Almora,Almora_S3,2015-01-01,24.1,13.29,0.48
Almora,Almora_S3,2015-02-01,22.1,14.47,0.48
Almora,Almora_S3,2015-03-01,34.1,13.84,0.48
Almora,Almora_S3,2015-04-01,44.3,13.52,0.48
Almora,Almora_S3,2015-05-01,66.3,15.77,0.48
Almora,Almora_S3,2015-06-01,163.1,14.7,0.48
Almora,Almora_S3,2015-07-01,251.7,20.03,0.48
Almora,Almora_S3,2015-08-01,266.0,21.69,0.48
Almora,Almora_S3,2015-09-01,136.6,24.79,0.48
Almora,Almora_S3,2015-10-01,65.4,18.85,0.48
Almora,Almora_S3,2015-11-01,31.3,14.74,0.48
Almora,Almora_S3,2015-12-01,31.2,13.6,0.48
Almora,Almora_S3,2016-01-01,25.6,14.65,0.48
Almora,Almora_S3,2016-02-01,26.1,13.8,0.48
Almora,Almora_S3,2016-03-01,35.5,13.85,0.48
Almora,Almora_S3,2016-04-01,50.9,15.19,0.48
Almora,Almora_S3,2016-05-01,70.2,14.25,0.48
Almora,Almora_S3,2016-06-01,227.7,15.53,0.48
Almora,Almora_S3,2016-07-01,364.8,22.08,0.48
Almora,Almora_S3,2016-08-01,263.0,26.99,0.48
Almora,Almora_S3,2016-09-01,152.6,22.07,0.48
Almora,Almora_S3,2016-10-01,87.1,18.0,0.48
Almora,Almora_S3,2016-11-01,38.3,14.51,0.48
Almora,Almora_S3,2016-12-01,44.9,13.38,0.48
Almora,Almora_S3,2017-01-01,20.0,14.56,0.48
Almora,Almora_S3,2017-02-01,20.8,13.33,0.48
Almora,Almora_S3,2017-03-01,33.5,13.47,0.48
Almora,Almora_S3,2017-04-01,41.4,14.55,0.48
Almora,Almora_S3,2017-05-01,60.7,13.24,0.48
Almora,Almora_S3,2017-06-01,165.9,14.55,0.48
Almora,Almora_S3,2017-07-01,208.2,18.54,0.48
Almora,Almora_S3,2017-08-01,217.4,19.1,0.48
Almora,Almora_S3,2017-09-01,117.4,21.51,0.48
Almora,Almora_S3,2017-10-01,61.0,17.31,0.48
Almora,Almora_S3,2017-11-01,33.5,14.78,0.48
Almora,Almora_S3,2017-12-01,32.4,14.81,0.48
Almora,Almora_S3,2018-01-01,23.8,12.51,0.48
Almora,Almora_S3,2018-02-01,26.2,13.19,0.48
Almora,Almora_S3,2018-03-01,38.6,13.49,0.48
Almora,Almora_S3,2018-04-01,49.6,13.02,0.48
Almora,Almora_S3,2018-05-01,77.2,14.2,0.48
Almora,Almora_S3,2018-06-01,203.1,14.08,0.48
Almora,Almora_S3,2018-07-01,254.2,19.81,0.48
Almora,Almora_S3,2018-08-01,213.7,21.95,0.48
Almora,Almora_S3,2018-09-01,160.9,19.69,0.48
Almora,Almora_S3,2018-10-01,75.0,15.97,0.48
Almora,Almora_S3,2018-11-01,39.1,13.96,0.48
Almora,Almora_S3,2018-12-01,33.2,13.8,0.48
Almora,Almora_S3,2019-01-01,19.7,13.21,0.48
Almora,Almora_S3,2019-02-01,18.9,11.0,0.48
Almora,Almora_S3,2019-03-01,24.2,13.45,0.48
Almora,Almora_S3,2019-04-01,39.2,12.9,0.48
Almora,Almora_S3,2019-05-01,48.6,12.74,0.48
Almora,Almora_S3,2019-06-01,140.6,14.24,0.48
Almora,Almora_S3,2019-07-01,231.7,16.02,0.48
Almora,Almora_S3,2019-08-01,217.8,18.88,0.48
Almora,Almora_S3,2019-09-01,111.5,19.4,0.48
Almora,Almora_S3,2019-10-01,55.5,16.9,0.48
Almora,Almora_S3,2019-11-01,28.6,14.75,0.48
Almora,Almora_S3,2019-12-01,32.6,12.96,0.48
Almora,Almora_S3,2020-01-01,19.6,13.13,0.48
Almora,Almora_S3,2020-02-01,22.9,12.87,0.48
Almora,Almora_S3,2020-03-01,29.6,11.68,0.48
Almora,Almora_S3,2020-04-01,43.1,13.06,0.48
Almora,Almora_S3,2020-05-01,53.9,12.58,0.48
Almora,Almora_S3,2020-06-01,160.8,13.59,0.48
Almora,Almora_S3,2020-07-01,194.4,16.61,0.48
Almora,Almora_S3,2020-08-01,186.5,18.29,0.48
Almora,Almora_S3,2020-09-01,141.3,17.66,0.48
Almora,Almora_S3,2020-10-01,60.9,13.6,0.48
Almora,Almora_S3,2020-11-01,29.8,13.58,0.48
Almora,Almora_S3,2020-12-01,28.7,12.83,0.48
Almora,Almora_S3,2021-01-01,21.8,12.65,0.48
Almora,Almora_S3,2021-02-01,22.9,12.06,0.48
Almora,Almora_S3,2021-03-01,25.2,13.13,0.48
Almora,Almora_S3,2021-04-01,39.7,12.37,0.48
Almora,Almora_S3,2021-05-01,64.6,12.89,0.48
Almora,Almora_S3,2021-06-01,168.8,14.07,0.48
Almora,Almora_S3,2021-07-01,241.5,16.91,0.48
Almora,Almora_S3,2021-08-01,217.3,18.01,0.48
Almora,Almora_S3,2021-09-01,134.9,15.85,0.48
Almora,Almora_S3,2021-10-01,61.1,15.08,0.48
Almora,Almora_S3,2021-11-01,31.3,13.61,0.48
Almora,Almora_S3,2021-12-01,34.8,11.94,0.48
Almora,Almora_S3,2022-01-01,19.5,12.73,0.48
Almora,Almora_S3,2022-02-01,19.9,11.83,0.48
Almora,Almora_S3,2022-03-01,33.0,12.48,0.48
Almora,Almora_S3,2022-04-01,38.2,11.93,0.48
Almora,Almora_S3,2022-05-01,63.3,12.52,0.48
Almora,Almora_S3,2022-06-01,172.1,13.31,0.48
Almora,Almora_S3,2022-07-01,214.3,17.5,0.48
Almora,Almora_S3,2022-08-01,192.5,16.03,0.48
Almora,Almora_S3,2022-09-01,123.9,16.44,0.48
Almora,Almora_S3,2022-10-01,57.6,15.33,0.48
Almora,Almora_S3,2022-11-01,31.4,13.64,0.48
Almora,Almora_S3,2022-12-01,29.9,11.98,0.48
Almora,Almora_S3,2023-01-01,20.7,11.6,0.48
Almora,Almora_S3,2023-02-01,21.0,11.9,0.48
Almora,Almora_S3,2023-03-01,40.0,11.95,0.48
Almora,Almora_S3,2023-04-01,44.9,11.78,0.48
Almora,Almora_S3,2023-05-01,64.1,12.32,0.48
Almora,Almora_S3,2023-06-01,203.1,13.41,0.48
Almora,Almora_S3,2023-07-01,256.2,18.36,0.48
Almora,Almora_S3,2023-08-01,238.3,19.0,0.48
Almora,Almora_S3,2023-09-01,146.4,17.78,0.48
Almora,Almora_S3,2023-10-01,66.6,14.95,0.48
Almora,Almora_S3,2023-11-01,33.7,12.95,0.48
Almora,Almora_S3,2023-12-01,30.4,11.53,0.48
Almora,Almora_S3,2024-01-01,22.2,11.59,0.48
Almora,Almora_S3,2024-02-01,24.9,10.62,0.48
Almora,Almora_S3,2024-03-01,32.8,12.0,0.48
Almora,Almora_S3,2024-04-01,35.3,10.82,0.48
Almora,Almora_S3,2024-05-01,64.6,11.27,0.48
Almora,Almora_S3,2024-06-01,211.7,12.41,0.48
Almora,Almora_S3,2024-07-01,255.4,18.24,0.48
Almora,Almora_S3,2024-08-01,203.0,17.44,0.48
Almora,Almora_S3,2024-09-01,147.8,15.72,0.48
Almora,Almora_S3,2024-10-01,61.3,14.23,0.48
Almora,Almora_S3,2024-11-01,29.0,13.12,0.48
Almora,Almora_S3,2024-12-01,31.7,9.59,0.48
Almora,Almora_S3,2025-01-01,19.0,10.65,0.48
Almora,Almora_S3,2025-02-01,20.3,12.3,0.48
Almora,Almora_S3,2025-03-01,33.5,11.16,0.48
Almora,Almora_S3,2025-04-01,43.1,10.57,0.48
Almora,Almora_S3,2025-05-01,69.0,11.42,0.48
Almora,Almora_S3,2025-06-01,161.1,12.19,0.48
Almora,Almora_S3,2025-07-01,259.3,15.35,0.48
Almora,Almora_S3,2025-08-01,201.9,19.07,0.48
Almora,Almora_S3,2025-09-01,164.0,16.11,0.48
Almora,Almora_S3,2025-10-01,57.7,14.31,0.48
Almora,Almora_S3,2025-11-01,30.5,12.16,0.48
Almora,Almora_S3,2025-12-01,34.6,10.53,0.48
Almora,Almora_S4,2005-01-01,24.9,24.22,0.48
Almora,Almora_S4,2005-02-01,20.0,21.25,0.48
Almora,Almora_S4,2005-03-01,29.7,20.63,0.48
Almora,Almora_S4,2005-04-01,35.6,22.78,0.48
Almora,Almora_S4,2005-05-01,69.2,21.36,0.48
Almora,Almora_S4,2005-06-01,178.9,20.74,0.48
Almora,Almora_S4,2005-07-01,272.5,29.22,0.48
Almora,Almora_S4,2005-08-01,184.5,35.26,0.48
Almora,Almora_S4,2005-09-01,150.7,30.08,0.48
Almora,Almora_S4,2005-10-01,62.6,31.24,0.48
Almora,Almora_S4,2005-11-01,33.1,23.24,0.48
Almora,Almora_S4,2005-12-01,27.0,23.24,0.48
Almora,Almora_S4,2006-01-01,28.5,21.85,0.48
Almora,Almora_S4,2006-02-01,26.8,21.86,0.48
Almora,Almora_S4,2006-03-01,42.3,20.86,0.48
Almora,Almora_S4,2006-04-01,50.4,22.53,0.48
Almora,Almora_S4,2006-05-01,76.8,22.12,0.48
Almora,Almora_S4,2006-06-01,206.8,24.64,0.48
Almora,Almora_S4,2006-07-01,251.5,31.26,0.48
Almora,Almora_S4,2006-08-01,287.0,32.45,0.48
Almora,Almora_S4,2006-09-01,191.1,37.74,0.48
Almora,Almora_S4,2006-10-01,76.0,31.22,0.48
Almora,Almora_S4,2006-11-01,41.4,23.6,0.48
Almora,Almora_S4,2006-12-01,39.4,22.34,0.48
Almora,Almora_S4,2007-01-01,21.9,21.93,0.48
Almora,Almora_S4,2007-02-01,21.5,20.1,0.48
Almora,Almora_S4,2007-03-01,37.5,21.02,0.48
Almora,Almora_S4,2007-04-01,45.9,21.11,0.48
Almora,Almora_S4,2007-05-01,80.5,21.15,0.48
Almora,Almora_S4,2007-06-01,185.4,22.08,0.48
Almora,Almora_S4,2007-07-01,235.1,29.17,0.48
Almora,Almora_S4,2007-08-01,253.5,33.26,0.48
Almora,Almora_S4,2007-09-01,157.6,32.12,0.48
Almora,Almora_S4,2007-10-01,73.3,31.55,0.48
Almora,Almora_S4,2007-11-01,37.9,24.44,0.48
Almora,Almora_S4,2007-12-01,32.8,22.85,0.48
Almora,Almora_S4,2008-01-01,21.3,21.97,0.48
Almora,Almora_S4,2008-02-01,19.4,22.36,0.48
Almora,Almora_S4,2008-03-01,31.7,19.52,0.48
Almora,Almora_S4,2008-04-01,47.8,18.26,0.48
Almora,Almora_S4,2008-05-01,66.0,21.27,0.48
Almora,Almora_S4,2008-06-01,154.0,23.31,0.48
Almora,Almora_S4,2008-07-01,207.8,27.52,0.48
Almora,Almora_S4,2008-08-01,244.5,30.52,0.48
Almora,Almora_S4,2008-09-01,139.3,34.1,0.48
Almora,Almora_S4,2008-10-01,61.4,26.87,0.48
Almora,Almora_S4,2008-11-01,31.7,23.09,0.48
Almora,Almora_S4,2008-12-01,28.5,19.63,0.48
Almora,Almora_S4,2009-01-01,25.9,19.27,0.48
Almora,Almora_S4,2009-02-01,29.6,21.84,0.48
Almora,Almora_S4,2009-03-01,40.2,20.47,0.48
Almora,Almora_S4,2009-04-01,59.5,20.22,0.48
Almora,Almora_S4,2009-05-01,81.7,21.16,0.48
Almora,Almora_S4,2009-06-01,228.1,22.2,0.48
Almora,Almora_S4,2009-07-01,310.6,29.41,0.48
Almora,Almora_S4,2009-08-01,280.3,32.46,0.48
Almora,Almora_S4,2009-09-01,178.4,30.58,0.48
Almora,Almora_S4,2009-10-01,78.6,27.47,0.48
Almora,Almora_S4,2009-11-01,46.2,21.88,0.48
Almora,Almora_S4,2009-12-01,37.1,22.0,0.48
Almora,Almora_S4,2010-01-01,22.0,20.63,0.48
Almora,Almora_S4,2010-02-01,22.7,19.78,0.48
Almora,Almora_S4,2010-03-01,31.9,18.79,0.48
Almora,Almora_S4,2010-04-01,45.1,19.82,0.48
Almora,Almora_S4,2010-05-01,65.2,20.95,0.48
Almora,Almora_S4,2010-06-01,153.8,22.32,0.48
Almora,Almora_S4,2010-07-01,242.3,25.87,0.48
Almora,Almora_S4,2010-08-01,200.8,32.04,0.48
Almora,Almora_S4,2010-09-01,123.2,28.26,0.48
Almora,Almora_S4,2010-10-01,66.8,25.25,0.48
Almora,Almora_S4,2010-11-01,34.3,20.88,0.48
Almora,Almora_S4,2010-12-01,34.4,17.95,0.48
Almora,Almora_S4,2011-01-01,20.2,19.97,0.48
Almora,Almora_S4,2011-02-01,21.3,19.64,0.48
Almora,Almora_S4,2011-03-01,41.5,19.52,0.48
Almora,Almora_S4,2011-04-01,43.7,20.35,0.48
Almora,Almora_S4,2011-05-01,75.1,19.66,0.48
Almora,Almora_S4,2011-06-01,180.5,20.65,0.48
Almora,Almora_S4,2011-07-01,264.3,27.41,0.48
Almora,Almora_S4,2011-08-01,226.6,31.4,0.48
Almora,Almora_S4,2011-09-01,162.1,28.02,0.48
Almora,Almora_S4,2011-10-01,72.4,27.03,0.48
Almora,Almora_S4,2011-11-01,34.5,20.23,0.48
Almora,Almora_S4,2011-12-01,32.8,18.71,0.48
Almora,Almora_S4,2012-01-01,20.7,20.71,0.48
Almora,Almora_S4,2012-02-01,23.7,19.32,0.48
Almora,Almora_S4,2012-03-01,41.5,18.29,0.48
Almora,Almora_S4,2012-04-01,50.7,19.73,0.48
Almora,Almora_S4,2012-05-01,72.6,20.01,0.48
Almora,Almora_S4,2012-06-01,181.8,18.01,0.48
Almora,Almora_S4,2012-07-01,212.7,24.91,0.48
Almora,Almora_S4,2012-08-01,204.6,27.45,0.48
Almora,Almora_S4,2012-09-01,164.0,26.59,0.48
Almora,Almora_S4,2012-10-01,64.3,25.39,0.48
Almora,Almora_S4,2012-11-01,32.4,21.41,0.48
Almora,Almora_S4,2012-12-01,33.9,18.4,0.48
Almora,Almora_S4,2013-01-01,16.7,17.74,0.48
Almora,Almora_S4,2013-02-01,18.4,18.17,0.48
Almora,Almora_S4,2013-03-01,25.8,17.63,0.48
Almora,Almora_S4,2013-04-01,34.8,18.09,0.48
Almora,Almora_S4,2013-05-01,52.0,18.35,0.48
Almora,Almora_S4,2013-06-01,154.1,21.57,0.48
Almora,Almora_S4,2013-07-01,199.7,21.45,0.48
Almora,Almora_S4,2013-08-01,182.3,25.73,0.48
Almora,Almora_S4,2013-09-01,126.0,25.37,0.48
Almora,Almora_S4,2013-10-01,54.9,21.8,0.48
Almora,Almora_S4,2013-11-01,27.1,20.2,0.48
Almora,Almora_S4,2013-12-01,28.8,18.73,0.48
Almora,Almora_S4,2014-01-01,23.9,18.0,0.48
Almora,Almora_S4,2014-02-01,24.4,17.54,0.48
Almora,Almora_S4,2014-03-01,34.0,17.66,0.48
Almora,Almora_S4,2014-04-01,45.1,18.08,0.48
Almora,Almora_S4,2014-05-01,77.1,18.57,0.48
Almora,Almora_S4,2014-06-01,200.5,19.89,0.48
Almora,Almora_S4,2014-07-01,276.0,26.02,0.48
Almora,Almora_S4,2014-08-01,247.5,30.18,0.48
Almora,Almora_S4,2014-09-01,157.9,26.02,0.48
Almora,Almora_S4,2014-10-01,76.7,22.35,0.48
Almora,Almora_S4,2014-11-01,39.0,18.12,0.48
Almora,Almora_S4,2014-12-01,39.0,18.89,0.48
Almora,Almora_S4,2015-01-01,24.1,18.29,0.48
Almora,Almora_S4,2015-02-01,22.1,17.79,0.48
Almora,Almora_S4,2015-03-01,34.1,16.0,0.48
Almora,Almora_S4,2015-04-01,44.3,19.32,0.48
Almora,Almora_S4,2015-05-01,66.3,17.6,0.48
Almora,Almora_S4,2015-06-01,163.1,19.26,0.48
Almora,Almora_S4,2015-07-01,251.7,24.39,0.48
Almora,Almora_S4,2015-08-01,266.0,25.95,0.48
Almora,Almora_S4,2015-09-01,136.6,27.12,0.48
Almora,Almora_S4,2015-10-01,65.4,22.27,0.48
Almora,Almora_S4,2015-11-01,31.3,21.56,0.48
Almora,Almora_S4,2015-12-01,31.2,17.58,0.48
Almora,Almora_S4,2016-01-01,25.6,18.67,0.48
Almora,Almora_S4,2016-02-01,26.1,18.02,0.48
Almora,Almora_S4,2016-03-01,35.5,17.3,0.48
Almora,Almora_S4,2016-04-01,50.9,16.5,0.48
Almora,Almora_S4,2016-05-01,70.2,18.96,0.48
Almora,Almora_S4,2016-06-01,227.7,17.4,0.48
Almora,Almora_S4,2016-07-01,364.8,27.7,0.48
Almora,Almora_S4,2016-08-01,263.0,31.88,0.48
Almora,Almora_S4,2016-09-01,152.6,23.48,0.48
Almora,Almora_S4,2016-10-01,87.1,21.85,0.48
Almora,Almora_S4,2016-11-01,38.3,19.98,0.48
Almora,Almora_S4,2016-12-01,44.9,17.0,0.48
Almora,Almora_S4,2017-01-01,20.0,18.07,0.48
Almora,Almora_S4,2017-02-01,20.8,15.65,0.48
Almora,Almora_S4,2017-03-01,33.5,15.28,0.48
Almora,Almora_S4,2017-04-01,41.4,16.8,0.48
Almora,Almora_S4,2017-05-01,60.7,17.18,0.48
Almora,Almora_S4,2017-06-01,165.9,17.63,0.48
Almora,Almora_S4,2017-07-01,208.2,23.76,0.48
Almora,Almora_S4,2017-08-01,217.4,23.11,0.48
Almora,Almora_S4,2017-09-01,117.4,24.86,0.48
Almora,Almora_S4,2017-10-01,61.0,20.27,0.48
Almora,Almora_S4,2017-11-01,33.5,16.39,0.48
Almora,Almora_S4,2017-12-01,32.4,15.49,0.48
Almora,Almora_S4,2018-01-01,23.8,16.51,0.48
Almora,Almora_S4,2018-02-01,26.2,17.7,0.48
Almora,Almora_S4,2018-03-01,38.6,16.64,0.48
Almora,Almora_S4,2018-04-01,49.6,15.22,0.48
Almora,Almora_S4,2018-05-01,77.2,14.43,0.48
Almora,Almora_S4,2018-06-01,203.1,18.86,0.48
Almora,Almora_S4,2018-07-01,254.2,23.28,0.48
Almora,Almora_S4,2018-08-01,213.7,26.91,0.48
Almora,Almora_S4,2018-09-01,160.9,22.69,0.48
Almora,Almora_S4,2018-10-01,75.0,21.88,0.48
Almora,Almora_S4,2018-11-01,39.1,18.68,0.48
Almora,Almora_S4,2018-12-01,33.2,16.04,0.48
Almora,Almora_S4,2019-01-01,19.7,15.79,0.48
Almora,Almora_S4,2019-02-01,18.9,15.57,0.48
Almora,Almora_S4,2019-03-01,24.2,15.9,0.48
Almora,Almora_S4,2019-04-01,39.2,15.66,0.48
Almora,Almora_S4,2019-05-01,48.6,17.03,0.48
Almora,Almora_S4,2019-06-01,140.6,16.21,0.48
Almora,Almora_S4,2019-07-01,231.7,18.94,0.48
Almora,Almora_S4,2019-08-01,217.8,26.29,0.48
Almora,Almora_S4,2019-09-01,111.5,22.62,0.48
Almora,Almora_S4,2019-10-01,55.5,18.45,0.48
Almora,Almora_S4,2019-11-01,28.6,16.65,0.48
Almora,Almora_S4,2019-12-01,32.6,15.64,0.48
Almora,Almora_S4,2020-01-01,19.6,15.41,0.48
Almora,Almora_S4,2020-02-01,22.9,15.15,0.48
Almora,Almora_S4,2020-03-01,29.6,15.23,0.48
Almora,Almora_S4,2020-04-01,43.1,15.64,0.48
Almora,Almora_S4,2020-05-01,53.9,14.12,0.48
Almora,Almora_S4,2020-06-01,160.8,17.94,0.48
Almora,Almora_S4,2020-07-01,194.4,20.44,0.48
Almora,Almora_S4,2020-08-01,186.5,22.51,0.48
Almora,Almora_S4,2020-09-01,141.3,20.04,0.48
Almora,Almora_S4,2020-10-01,60.9,19.24,0.48
Almora,Almora_S4,2020-11-01,29.8,15.95,0.48
Almora,Almora_S4,2020-12-01,28.7,16.38,0.48
Almora,Almora_S4,2021-01-01,21.8,14.74,0.48
Almora,Almora_S4,2021-02-01,22.9,15.44,0.48
Almora,Almora_S4,2021-03-01,25.2,14.41,0.48
Almora,Almora_S4,2021-04-01,39.7,14.61,0.48
Almora,Almora_S4,2021-05-01,64.6,15.29,0.48
Almora,Almora_S4,2021-06-01,168.8,17.47,0.48
Almora,Almora_S4,2021-07-01,241.5,18.47,0.48
Almora,Almora_S4,2021-08-01,217.3,21.63,0.48
Almora,Almora_S4,2021-09-01,134.9,20.02,0.48
Almora,Almora_S4,2021-10-01,61.1,17.94,0.48
Almora,Almora_S4,2021-11-01,31.3,15.46,0.48
Almora,Almora_S4,2021-12-01,34.8,13.73,0.48
Almora,Almora_S4,2022-01-01,19.5,14.49,0.48
Almora,Almora_S4,2022-02-01,19.9,12.98,0.48
Almora,Almora_S4,2022-03-01,33.0,13.68,0.48
Almora,Almora_S4,2022-04-01,38.2,15.78,0.48
Almora,Almora_S4,2022-05-01,63.3,15.35,0.48
Almora,Almora_S4,2022-06-01,172.1,16.11,0.48
Almora,Almora_S4,2022-07-01,214.3,19.02,0.48
Almora,Almora_S4,2022-08-01,192.5,19.92,0.48
Almora,Almora_S4,2022-09-01,123.9,19.53,0.48
Almora,Almora_S4,2022-10-01,57.6,18.06,0.48
Almora,Almora_S4,2022-11-01,31.4,16.26,0.48
Almora,Almora_S4,2022-12-01,29.9,15.24,0.48
Almora,Almora_S4,2023-01-01,20.7,14.95,0.48
Almora,Almora_S4,2023-02-01,21.0,13.6,0.48
Almora,Almora_S4,2023-03-01,40.0,14.12,0.48
Almora,Almora_S4,2023-04-01,44.9,14.54,0.48
Almora,Almora_S4,2023-05-01,64.1,14.78,0.48
Almora,Almora_S4,2023-06-01,203.1,17.2,0.48
Almora,Almora_S4,2023-07-01,256.2,18.86,0.48
Almora,Almora_S4,2023-08-01,238.3,22.32,0.48
Almora,Almora_S4,2023-09-01,146.4,23.21,0.48
Almora,Almora_S4,2023-10-01,66.6,17.13,0.48
Almora,Almora_S4,2023-11-01,33.7,15.04,0.48
Almora,Almora_S4,2023-12-01,30.4,13.93,0.48
Almora,Almora_S4,2024-01-01,22.2,14.0,0.48
Almora,Almora_S4,2024-02-01,24.9,12.73,0.48
Almora,Almora_S4,2024-03-01,32.8,14.32,0.48
Almora,Almora_S4,2024-04-01,35.3,14.63,0.48
Almora,Almora_S4,2024-05-01,64.6,14.58,0.48
Almora,Almora_S4,2024-06-01,211.7,14.58,0.48
Almora,Almora_S4,2024-07-01,255.4,20.57,0.48
Almora,Almora_S4,2024-08-01,203.0,21.01,0.48
Almora,Almora_S4,2024-09-01,147.8,19.76,0.48
Almora,Almora_S4,2024-10-01,61.3,20.03,0.48
Almora,Almora_S4,2024-11-01,29.0,15.04,0.48
Almora,Almora_S4,2024-12-01,31.7,12.98,0.48
Almora,Almora_S4,2025-01-01,19.0,13.99,0.48
Almora,Almora_S4,2025-02-01,20.3,12.48,0.48
Almora,Almora_S4,2025-03-01,33.5,12.6,0.48
Almora,Almora_S4,2025-04-01,43.1,13.12,0.48
Almora,Almora_S4,2025-05-01,69.0,13.84,0.48
Almora,Almora_S4,2025-06-01,161.1,15.73,0.48
Almora,Almora_S4,2025-07-01,259.3,18.74,0.48
Almora,Almora_S4,2025-08-01,201.9,22.17,0.48
Almora,Almora_S4,2025-09-01,164.0,18.49,0.48
Almora,Almora_S4,2025-10-01,57.7,17.71,0.48
Almora,Almora_S4,2025-11-01,30.5,14.68,0.48
Almora,Almora_S4,2025-12-01,34.6,13.09,0.48
Almora,Almora_S5,2005-01-01,24.9,28.49,0.48
Almora,Almora_S5,2005-02-01,20.0,24.79,0.48
Almora,Almora_S5,2005-03-01,29.7,26.04,0.48
Almora,Almora_S5,2005-04-01,35.6,24.44,0.48
Almora,Almora_S5,2005-05-01,69.2,26.41,0.48
Almora,Almora_S5,2005-06-01,178.9,27.71,0.48
Almora,Almora_S5,2005-07-01,272.5,31.26,0.48
Almora,Almora_S5,2005-08-01,184.5,37.28,0.48
Almora,Almora_S5,2005-09-01,150.7,32.44,0.48
Almora,Almora_S5,2005-10-01,62.6,30.28,0.48
Almora,Almora_S5,2005-11-01,33.1,25.97,0.48
Almora,Almora_S5,2005-12-01,27.0,24.93,0.48
Almora,Almora_S5,2006-01-01,28.5,25.22,0.48
Almora,Almora_S5,2006-02-01,26.8,24.11,0.48
Almora,Almora_S5,2006-03-01,42.3,23.03,0.48
Almora,Almora_S5,2006-04-01,50.4,21.87,0.48
Almora,Almora_S5,2006-05-01,76.8,24.91,0.48
Almora,Almora_S5,2006-06-01,206.8,26.36,0.48
Almora,Almora_S5,2006-07-01,251.5,34.35,0.48
Almora,Almora_S5,2006-08-01,287.0,40.46,0.48
Almora,Almora_S5,2006-09-01,191.1,40.98,0.48
Almora,Almora_S5,2006-10-01,76.0,34.05,0.48
Almora,Almora_S5,2006-11-01,41.4,24.59,0.48
Almora,Almora_S5,2006-12-01,39.4,23.09,0.48
Almora,Almora_S5,2007-01-01,21.9,23.39,0.48
Almora,Almora_S5,2007-02-01,21.5,21.52,0.48
Almora,Almora_S5,2007-03-01,37.5,22.84,0.48
Almora,Almora_S5,2007-04-01,45.9,23.56,0.48
Almora,Almora_S5,2007-05-01,80.5,22.27,0.48
Almora,Almora_S5,2007-06-01,185.4,26.99,0.48
Almora,Almora_S5,2007-07-01,235.1,31.59,0.48
Almora,Almora_S5,2007-08-01,253.5,31.22,0.48
Almora,Almora_S5,2007-09-01,157.6,35.02,0.48
Almora,Almora_S5,2007-10-01,73.3,29.94,0.48
Almora,Almora_S5,2007-11-01,37.9,25.82,0.48
Almora,Almora_S5,2007-12-01,32.8,22.16,0.48
Almora,Almora_S5,2008-01-01,21.3,23.09,0.48
Almora,Almora_S5,2008-02-01,19.4,21.65,0.48
Almora,Almora_S5,2008-03-01,31.7,19.87,0.48
Almora,Almora_S5,2008-04-01,47.8,20.33,0.48
Almora,Almora_S5,2008-05-01,66.0,23.98,0.48
Almora,Almora_S5,2008-06-01,154.0,25.05,0.48
Almora,Almora_S5,2008-07-01,207.8,28.88,0.48
Almora,Almora_S5,2008-08-01,244.5,33.63,0.48
Almora,Almora_S5,2008-09-01,139.3,34.95,0.48
Almora,Almora_S5,2008-10-01,61.4,28.26,0.48
Almora,Almora_S5,2008-11-01,31.7,21.93,0.48
Almora,Almora_S5,2008-12-01,28.5,23.13,0.48
Almora,Almora_S5,2009-01-01,25.9,21.61,0.48
Almora,Almora_S5,2009-02-01,29.6,20.42,0.48
Almora,Almora_S5,2009-03-01,40.2,20.26,0.48
Almora,Almora_S5,2009-04-01,59.5,21.73,0.48
Almora,Almora_S5,2009-05-01,81.7,20.54,0.48
Almora,Almora_S5,2009-06-01,228.1,24.34,0.48
Almora,Almora_S5,2009-07-01,310.6,29.72,0.48
Almora,Almora_S5,2009-08-01,280.3,36.11,0.48
Almora,Almora_S5,2009-09-01,178.4,32.86,0.48
Almora,Almora_S5,2009-10-01,78.6,27.89,0.48
Almora,Almora_S5,2009-11-01,46.2,22.08,0.48
Almora,Almora_S5,2009-12-01,37.1,21.01,0.48
Almora,Almora_S5,2010-01-01,22.0,22.59,0.48
Almora,Almora_S5,2010-02-01,22.7,21.16,0.48
Almora,Almora_S5,2010-03-01,31.9,20.1,0.48
Almora,Almora_S5,2010-04-01,45.1,20.13,0.48
Almora,Almora_S5,2010-05-01,65.2,21.64,0.48
Almora,Almora_S5,2010-06-01,153.8,22.94,0.48
Almora,Almora_S5,2010-07-01,242.3,25.07,0.48
Almora,Almora_S5,2010-08-01,200.8,30.44,0.48
Almora,Almora_S5,2010-09-01,123.2,25.77,0.48
Almora,Almora_S5,2010-10-01,66.8,25.71,0.48
Almora,Almora_S5,2010-11-01,34.3,23.64,0.48
Almora,Almora_S5,2010-12-01,34.4,19.81,0.48
Almora,Almora_S5,2011-01-01,20.2,17.58,0.48
Almora,Almora_S5,2011-02-01,21.3,19.47,0.48
Almora,Almora_S5,2011-03-01,41.5,18.03,0.48
Almora,Almora_S5,2011-04-01,43.7,19.15,0.48
Almora,Almora_S5,2011-05-01,75.1,20.48,0.48
Almora,Almora_S5,2011-06-01,180.5,21.6,0.48
Almora,Almora_S5,2011-07-01,264.3,25.75,0.48
Almora,Almora_S5,2011-08-01,226.6,29.4,0.48
Almora,Almora_S5,2011-09-01,162.1,28.63,0.48
Almora,Almora_S5,2011-10-01,72.4,24.72,0.48
Almora,Almora_S5,2011-11-01,34.5,19.67,0.48
Almora,Almora_S5,2011-12-01,32.8,18.63,0.48
Almora,Almora_S5,2012-01-01,20.7,19.11,0.48
Almora,Almora_S5,2012-02-01,23.7,17.99,0.48
Almora,Almora_S5,2012-03-01,41.5,16.94,0.48
Almora,Almora_S5,2012-04-01,50.7,19.95,0.48
Almora,Almora_S5,2012-05-01,72.6,16.73,0.48
Almora,Almora_S5,2012-06-01,181.8,19.89,0.48
Almora,Almora_S5,2012-07-01,212.7,24.6,0.48
Almora,Almora_S5,2012-08-01,204.6,26.94,0.48
Almora,Almora_S5,2012-09-01,164.0,27.02,0.48
Almora,Almora_S5,2012-10-01,64.3,25.67,0.48
Almora,Almora_S5,2012-11-01,32.4,18.91,0.48
Almora,Almora_S5,2012-12-01,33.9,18.61,0.48
Almora,Almora_S5,2013-01-01,16.7,18.26,0.48
Almora,Almora_S5,2013-02-01,18.4,15.76,0.48
Almora,Almora_S5,2013-03-01,25.8,18.89,0.48
Almora,Almora_S5,2013-04-01,34.8,16.27,0.48
Almora,Almora_S5,2013-05-01,52.0,18.25,0.48
Almora,Almora_S5,2013-06-01,154.1,18.95,0.48
Almora,Almora_S5,2013-07-01,199.7,23.44,0.48
Almora,Almora_S5,2013-08-01,182.3,24.46,0.48
Almora,Almora_S5,2013-09-01,126.0,25.22,0.48
Almora,Almora_S5,2013-10-01,54.9,19.94,0.48
Almora,Almora_S5,2013-11-01,27.1,18.34,0.48
Almora,Almora_S5,2013-12-01,28.8,16.63,0.48
Almora,Almora_S5,2014-01-01,23.9,16.54,0.48
Almora,Almora_S5,2014-02-01,24.4,17.21,0.48
Almora,Almora_S5,2014-03-01,34.0,17.72,0.48
Almora,Almora_S5,2014-04-01,45.1,16.88,0.48
Almora,Almora_S5,2014-05-01,77.1,18.28,0.48
Almora,Almora_S5,2014-06-01,200.5,18.97,0.48
Almora,Almora_S5,2014-07-01,276.0,23.1,0.48
Almora,Almora_S5,2014-08-01,247.5,26.99,0.48
Almora,Almora_S5,2014-09-01,157.9,25.64,0.48
Almora,Almora_S5,2014-10-01,76.7,21.34,0.48
Almora,Almora_S5,2014-11-01,39.0,18.98,0.48
Almora,Almora_S5,2014-12-01,39.0,17.12,0.48
Almora,Almora_S5,2015-01-01,24.1,15.52,0.48
Almora,Almora_S5,2015-02-01,22.1,14.84,0.48
Almora,Almora_S5,2015-03-01,34.1,16.38,0.48
Almora,Almora_S5,2015-04-01,44.3,15.81,0.48
Almora,Almora_S5,2015-05-01,66.3,17.11,0.48
Almora,Almora_S5,2015-06-01,163.1,18.4,0.48
Almora,Almora_S5,2015-07-01,251.7,20.28,0.48
Almora,Almora_S5,2015-08-01,266.0,23.45,0.48
Almora,Almora_S5,2015-09-01,136.6,27.89,0.48
Almora,Almora_S5,2015-10-01,65.4,20.7,0.48
Almora,Almora_S5,2015-11-01,31.3,17.0,0.48
Almora,Almora_S5,2015-12-01,31.2,15.18,0.48
Almora,Almora_S5,2016-01-01,25.6,15.46,0.48
Almora,Almora_S5,2016-02-01,26.1,14.66,0.48
Almora,Almora_S5,2016-03-01,35.5,16.23,0.48
Almora,Almora_S5,2016-04-01,50.9,15.25,0.48
Almora,Almora_S5,2016-05-01,70.2,17.33,0.48
Almora,Almora_S5,2016-06-01,227.7,16.8,0.48
Almora,Almora_S5,2016-07-01,364.8,22.13,0.48
Almora,Almora_S5,2016-08-01,263.0,28.08,0.48
Almora,Almora_S5,2016-09-01,152.6,21.35,0.48
Almora,Almora_S5,2016-10-01,87.1,20.03,0.48
Almora,Almora_S5,2016-11-01,38.3,17.37,0.48
Almora,Almora_S5,2016-12-01,44.9,16.19,0.48
Almora,Almora_S5,2017-01-01,20.0,14.27,0.48
Almora,Almora_S5,2017-02-01,20.8,15.59,0.48
Almora,Almora_S5,2017-03-01,33.5,15.32,0.48
Almora,Almora_S5,2017-04-01,41.4,16.1,0.48
Almora,Almora_S5,2017-05-01,60.7,15.36,0.48
Almora,Almora_S5,2017-06-01,165.9,16.9,0.48
Almora,Almora_S5,2017-07-01,208.2,18.57,0.48
Almora,Almora_S5,2017-08-01,217.4,22.35,0.48
Almora,Almora_S5,2017-09-01,117.4,21.01,0.48
Almora,Almora_S5,2017-10-01,61.0,16.52,0.48
Almora,Almora_S5,2017-11-01,33.5,14.93,0.48
Almora,Almora_S5,2017-12-01,32.4,14.74,0.48
Almora,Almora_S5,2018-01-01,23.8,14.04,0.48
Almora,Almora_S5,2018-02-01,26.2,14.55,0.48
Almora,Almora_S5,2018-03-01,38.6,13.02,0.48
Almora,Almora_S5,2018-04-01,49.6,13.16,0.48
Almora,Almora_S5,2018-05-01,77.2,16.12,0.48
Almora,Almora_S5,2018-06-01,203.1,16.77,0.48
Almora,Almora_S5,2018-07-01,254.2,19.51,0.48
Almora,Almora_S5,2018-08-01,213.7,22.38,0.48
Almora,Almora_S5,2018-09-01,160.9,21.9,0.48
Almora,Almora_S5,2018-10-01,75.0,19.25,0.48
Almora,Almora_S5,2018-11-01,39.1,15.8,0.48
Almora,Almora_S5,2018-12-01,33.2,15.13,0.48
Almora,Almora_S5,2019-01-01,19.7,13.57,0.48
Almora,Almora_S5,2019-02-01,18.9,13.57,0.48
Almora,Almora_S5,2019-03-01,24.2,13.47,0.48
Almora,Almora_S5,2019-04-01,39.2,13.43,0.48
Almora,Almora_S5,2019-05-01,48.6,13.83,0.48
Almora,Almora_S5,2019-06-01,140.6,14.44,0.48
Almora,Almora_S5,2019-07-01,231.7,17.59,0.48
Almora,Almora_S5,2019-08-01,217.8,19.6,0.48
Almora,Almora_S5,2019-09-01,111.5,20.94,0.48
Almora,Almora_S5,2019-10-01,55.5,15.57,0.48
Almora,Almora_S5,2019-11-01,28.6,14.22,0.48
Almora,Almora_S5,2019-12-01,32.6,13.2,0.48
Almora,Almora_S5,2020-01-01,19.6,13.73,0.48
Almora,Almora_S5,2020-02-01,22.9,11.62,0.48
Almora,Almora_S5,2020-03-01,29.6,13.65,0.48
Almora,Almora_S5,2020-04-01,43.1,12.8,0.48
Almora,Almora_S5,2020-05-01,53.9,14.5,0.48
Almora,Almora_S5,2020-06-01,160.8,13.65,0.48
Almora,Almora_S5,2020-07-01,194.4,17.49,0.48
Almora,Almora_S5,2020-08-01,186.5,20.38,0.48
Almora,Almora_S5,2020-09-01,141.3,18.02,0.48
Almora,Almora_S5,2020-10-01,60.9,17.74,0.48
Almora,Almora_S5,2020-11-01,29.8,14.0,0.48
Almora,Almora_S5,2020-12-01,28.7,13.16,0.48
Almora,Almora_S5,2021-01-01,21.8,12.86,0.48
Almora,Almora_S5,2021-02-01,22.9,13.08,0.48
Almora,Almora_S5,2021-03-01,25.2,12.11,0.48
Almora,Almora_S5,2021-04-01,39.7,11.95,0.48
Almora,Almora_S5,2021-05-01,64.6,12.58,0.48
Almora,Almora_S5,2021-06-01,168.8,13.83,0.48
Almora,Almora_S5,2021-07-01,241.5,16.89,0.48
Almora,Almora_S5,2021-08-01,217.3,20.05,0.48
Almora,Almora_S5,2021-09-01,134.9,19.73,0.48
Almora,Almora_S5,2021-10-01,61.1,15.05,0.48
Almora,Almora_S5,2021-11-01,31.3,12.92,0.48
Almora,Almora_S5,2021-12-01,34.8,11.53,0.48
Almora,Almora_S5,2022-01-01,19.5,13.76,0.48
Almora,Almora_S5,2022-02-01,19.9,12.15,0.48
Almora,Almora_S5,2022-03-01,33.0,12.22,0.48
Almora,Almora_S5,2022-04-01,38.2,11.48,0.48
Almora,Almora_S5,2022-05-01,63.3,12.43,0.48
Almora,Almora_S5,2022-06-01,172.1,13.5,0.48
Almora,Almora_S5,2022-07-01,214.3,16.28,0.48
Almora,Almora_S5,2022-08-01,192.5,18.69,0.48
Almora,Almora_S5,2022-09-01,123.9,18.97,0.48
Almora,Almora_S5,2022-10-01,57.6,14.14,0.48
Almora,Almora_S5,2022-11-01,31.4,12.11,0.48
Almora,Almora_S5,2022-12-01,29.9,11.4,0.48
Almora,Almora_S5,2023-01-01,20.7,12.79,0.48
Almora,Almora_S5,2023-02-01,21.0,12.12,0.48
Almora,Almora_S5,2023-03-01,40.0,11.41,0.48
Almora,Almora_S5,2023-04-01,44.9,12.04,0.48
Almora,Almora_S5,2023-05-01,64.1,11.63,0.48
Almora,Almora_S5,2023-06-01,203.1,13.22,0.48
Almora,Almora_S5,2023-07-01,256.2,16.42,0.48
Almora,Almora_S5,2023-08-01,238.3,18.02,0.48
Almora,Almora_S5,2023-09-01,146.4,18.21,0.48
Almora,Almora_S5,2023-10-01,66.6,14.76,0.48
Almora,Almora_S5,2023-11-01,33.7,12.36,0.48
Almora,Almora_S5,2023-12-01,30.4,11.51,0.48
Almora,Almora_S5,2024-01-01,22.2,11.82,0.48
Almora,Almora_S5,2024-02-01,24.9,12.01,0.48
Almora,Almora_S5,2024-03-01,32.8,11.46,0.48
Almora,Almora_S5,2024-04-01,35.3,11.78,0.48
Almora,Almora_S5,2024-05-01,64.6,11.24,0.48
Almora,Almora_S5,2024-06-01,211.7,11.73,0.48
Almora,Almora_S5,2024-07-01,255.4,16.85,0.48
Almora,Almora_S5,2024-08-01,203.0,17.65,0.48
Almora,Almora_S5,2024-09-01,147.8,14.82,0.48
Almora,Almora_S5,2024-10-01,61.3,14.1,0.48
Almora,Almora_S5,2024-11-01,29.0,11.81,0.48
Almora,Almora_S5,2024-12-01,31.7,10.63,0.48
Almora,Almora_S5,2025-01-01,19.0,11.76,0.48
Almora,Almora_S5,2025-02-01,20.3,10.81,0.48
Almora,Almora_S5,2025-03-01,33.5,11.28,0.48
Almora,Almora_S5,2025-04-01,43.1,11.03,0.48
Almora,Almora_S5,2025-05-01,69.0,11.16,0.48
Almora,Almora_S5,2025-06-01,161.1,11.23,0.48
Almora,Almora_S5,2025-07-01,259.3,14.27,0.48
Almora,Almora_S5,2025-08-01,201.9,16.91,0.48
Almora,Almora_S5,2025-09-01,164.0,14.23,0.48
Almora,Almora_S5,2025-10-01,57.7,13.81,0.48
Almora,Almora_S5,2025-11-01,30.5,11.1,0.48
Almora,Almora_S5,2025-12-01,34.6,10.73,0.48
Almora,Almora_S6,2005-01-01,24.9,32.4,0.48
Almora,Almora_S6,2005-02-01,20.0,26.54,0.48
Almora,Almora_S6,2005-03-01,29.7,22.59,0.48
Almora,Almora_S6,2005-04-01,35.6,26.31,0.48
Almora,Almora_S6,2005-05-01,69.2,28.77,0.48
Almora,Almora_S6,2005-06-01,178.9,27.05,0.48
Almora,Almora_S6,2005-07-01,272.5,37.18,0.48
Almora,Almora_S6,2005-08-01,184.5,46.7,0.48
Almora,Almora_S6,2005-09-01,150.7,35.74,0.48
Almora,Almora_S6,2005-10-01,62.6,34.75,0.48
Almora,Almora_S6,2005-11-01,33.1,26.8,0.48
Almora,Almora_S6,2005-12-01,27.0,28.76,0.48
Almora,Almora_S6,2006-01-01,28.5,26.0,0.48
Almora,Almora_S6,2006-02-01,26.8,26.2,0.48
Almora,Almora_S6,2006-03-01,42.3,27.71,0.48
Almora,Almora_S6,2006-04-01,50.4,27.81,0.48
Almora,Almora_S6,2006-05-01,76.8,26.18,0.48
Almora,Almora_S6,2006-06-01,206.8,28.12,0.48
Almora,Almora_S6,2006-07-01,251.5,38.53,0.48
Almora,Almora_S6,2006-08-01,287.0,39.2,0.48
Almora,Almora_S6,2006-09-01,191.1,38.16,0.48
Almora,Almora_S6,2006-10-01,76.0,36.16,0.48
Almora,Almora_S6,2006-11-01,41.4,26.49,0.48
Almora,Almora_S6,2006-12-01,39.4,28.38,0.48
Almora,Almora_S6,2007-01-01,21.9,26.29,0.48
Almora,Almora_S6,2007-02-01,21.5,23.72,0.48
Almora,Almora_S6,2007-03-01,37.5,23.88,0.48
Almora,Almora_S6,2007-04-01,45.9,23.29,0.48
Almora,Almora_S6,2007-05-01,80.5,24.75,0.48
Almora,Almora_S6,2007-06-01,185.4,29.78,0.48
Almora,Almora_S6,2007-07-01,235.1,38.89,0.48
Almora,Almora_S6,2007-08-01,253.5,39.45,0.48
Almora,Almora_S6,2007-09-01,157.6,38.96,0.48
Almora,Almora_S6,2007-10-01,73.3,32.22,0.48
Almora,Almora_S6,2007-11-01,37.9,26.17,0.48
Almora,Almora_S6,2007-12-01,32.8,27.77,0.48
Almora,Almora_S6,2008-01-01,21.3,24.55,0.48
Almora,Almora_S6,2008-02-01,19.4,26.52,0.48
Almora,Almora_S6,2008-03-01,31.7,25.46,0.48
Almora,Almora_S6,2008-04-01,47.8,22.37,0.48
Almora,Almora_S6,2008-05-01,66.0,24.59,0.48
Almora,Almora_S6,2008-06-01,154.0,25.61,0.48
Almora,Almora_S6,2008-07-01,207.8,31.76,0.48
Almora,Almora_S6,2008-08-01,244.5,35.02,0.48
Almora,Almora_S6,2008-09-01,139.3,42.88,0.48
Almora,Almora_S6,2008-10-01,61.4,29.06,0.48
Almora,Almora_S6,2008-11-01,31.7,26.15,0.48
Almora,Almora_S6,2008-12-01,28.5,24.7,0.48
Almora,Almora_S6,2009-01-01,25.9,23.7,0.48
Almora,Almora_S6,2009-02-01,29.6,23.6,0.48
Almora,Almora_S6,2009-03-01,40.2,22.4,0.48
Almora,Almora_S6,2009-04-01,59.5,24.34,0.48
Almora,Almora_S6,2009-05-01,81.7,25.95,0.48
Almora,Almora_S6,2009-06-01,228.1,27.01,0.48
Almora,Almora_S6,2009-07-01,310.6,36.29,0.48
Almora,Almora_S6,2009-08-01,280.3,42.94,0.48
Almora,Almora_S6,2009-09-01,178.4,39.98,0.48
Almora,Almora_S6,2009-10-01,78.6,32.14,0.48
Almora,Almora_S6,2009-11-01,46.2,24.49,0.48
Almora,Almora_S6,2009-12-01,37.1,23.31,0.48
Almora,Almora_S6,2010-01-01,22.0,23.17,0.48
Almora,Almora_S6,2010-02-01,22.7,22.76,0.48
Almora,Almora_S6,2010-03-01,31.9,21.91,0.48
Almora,Almora_S6,2010-04-01,45.1,21.85,0.48
Almora,Almora_S6,2010-05-01,65.2,22.23,0.48
Almora,Almora_S6,2010-06-01,153.8,22.69,0.48
Almora,Almora_S6,2010-07-01,242.3,29.45,0.48
Almora,Almora_S6,2010-08-01,200.8,32.28,0.48
Almora,Almora_S6,2010-09-01,123.2,30.73,0.48
Almora,Almora_S6,2010-10-01,66.8,27.25,0.48
Almora,Almora_S6,2010-11-01,34.3,22.84,0.48
Almora,Almora_S6,2010-12-01,34.4,22.98,0.48
Almora,Almora_S6,2011-01-01,20.2,23.33,0.48
Almora,Almora_S6,2011-02-01,21.3,21.03,0.48
Almora,Almora_S6,2011-03-01,41.5,21.15,0.48
Almora,Almora_S6,2011-04-01,43.7,23.32,0.48
Almora,Almora_S6,2011-05-01,75.1,21.96,0.48
Almora,Almora_S6,2011-06-01,180.5,23.52,0.48
Almora,Almora_S6,2011-07-01,264.3,32.13,0.48
Almora,Almora_S6,2011-08-01,226.6,36.46,0.48
Almora,Almora_S6,2011-09-01,162.1,33.7,0.48
Almora,Almora_S6,2011-10-01,72.4,30.39,0.48
Almora,Almora_S6,2011-11-01,34.5,21.61,0.48
Almora,Almora_S6,2011-12-01,32.8,23.3,0.48
Almora,Almora_S6,2012-01-01,20.7,22.09,0.48
Almora,Almora_S6,2012-02-01,23.7,22.0,0.48
Almora,Almora_S6,2012-03-01,41.5,21.45,0.48
Almora,Almora_S6,2012-04-01,50.7,22.02,0.48
Almora,Almora_S6,2012-05-01,72.6,22.09,0.48
Almora,Almora_S6,2012-06-01,181.8,23.96,0.48
Almora,Almora_S6,2012-07-01,212.7,28.93,0.48
Almora,Almora_S6,2012-08-01,204.6,32.32,0.48
Almora,Almora_S6,2012-09-01,164.0,28.04,0.48
Almora,Almora_S6,2012-10-01,64.3,27.42,0.48
Almora,Almora_S6,2012-11-01,32.4,25.08,0.48
Almora,Almora_S6,2012-12-01,33.9,20.33,0.48
Almora,Almora_S6,2013-01-01,16.7,20.76,0.48
Almora,Almora_S6,2013-02-01,18.4,19.15,0.48
Almora,Almora_S6,2013-03-01,25.8,20.41,0.48
Almora,Almora_S6,2013-04-01,34.8,19.65,0.48
Almora,Almora_S6,2013-05-01,52.0,20.63,0.48
Almora,Almora_S6,2013-06-01,154.1,22.59,0.48
Almora,Almora_S6,2013-07-01,199.7,26.02,0.48
Almora,Almora_S6,2013-08-01,182.3,30.42,0.48
Almora,Almora_S6,2013-09-01,126.0,29.45,0.48
Almora,Almora_S6,2013-10-01,54.9,26.61,0.48
Almora,Almora_S6,2013-11-01,27.1,21.67,0.48
Almora,Almora_S6,2013-12-01,28.8,23.27,0.48
Almora,Almora_S6,2014-01-01,23.9,21.11,0.48
Almora,Almora_S6,2014-02-01,24.4,20.07,0.48
Almora,Almora_S6,2014-03-01,34.0,18.85,0.48
Almora,Almora_S6,2014-04-01,45.1,20.05,0.48
Almora,Almora_S6,2014-05-01,77.1,22.13,0.48
Almora,Almora_S6,2014-06-01,200.5,24.13,0.48
Almora,Almora_S6,2014-07-01,276.0,30.53,0.48
Almora,Almora_S6,2014-08-01,247.5,33.42,0.48
Almora,Almora_S6,2014-09-01,157.9,28.71,0.48
Almora,Almora_S6,2014-10-01,76.7,26.68,0.48
Almora,Almora_S6,2014-11-01,39.0,20.54,0.48
Almora,Almora_S6,2014-12-01,39.0,18.47,0.48
Almora,Almora_S6,2015-01-01,24.1,20.13,0.48
Almora,Almora_S6,2015-02-01,22.1,19.6,0.48
Almora,Almora_S6,2015-03-01,34.1,19.8,0.48
Almora,Almora_S6,2015-04-01,44.3,19.98,0.48
Almora,Almora_S6,2015-05-01,66.3,20.47,0.48
Almora,Almora_S6,2015-06-01,163.1,19.93,0.48
Almora,Almora_S6,2015-07-01,251.7,25.52,0.48
Almora,Almora_S6,2015-08-01,266.0,27.66,0.48
Almora,Almora_S6,2015-09-01,136.6,27.47,0.48
Almora,Almora_S6,2015-10-01,65.4,25.04,0.48
Almora,Almora_S6,2015-11-01,31.3,19.85,0.48
Almora,Almora_S6,2015-12-01,31.2,19.75,0.48
Almora,Almora_S6,2016-01-01,25.6,19.91,0.48
Almora,Almora_S6,2016-02-01,26.1,17.97,0.48
Almora,Almora_S6,2016-03-01,35.5,19.06,0.48
Almora,Almora_S6,2016-04-01,50.9,18.29,0.48
Almora,Almora_S6,2016-05-01,70.2,17.79,0.48
Almora,Almora_S6,2016-06-01,227.7,20.58,0.48
Almora,Almora_S6,2016-07-01,364.8,27.21,0.48
Almora,Almora_S6,2016-08-01,263.0,33.52,0.48
Almora,Almora_S6,2016-09-01,152.6,32.28,0.48
Almora,Almora_S6,2016-10-01,87.1,22.27,0.48
Almora,Almora_S6,2016-11-01,38.3,21.37,0.48
Almora,Almora_S6,2016-12-01,44.9,17.7,0.48
Almora,Almora_S6,2017-01-01,20.0,19.74,0.48
Almora,Almora_S6,2017-02-01,20.8,17.93,0.48
Almora,Almora_S6,2017-03-01,33.5,17.99,0.48
Almora,Almora_S6,2017-04-01,41.4,17.34,0.48
Almora,Almora_S6,2017-05-01,60.7,17.8,0.48
Almora,Almora_S6,2017-06-01,165.9,20.24,0.48
Almora,Almora_S6,2017-07-01,208.2,26.25,0.48
Almora,Almora_S6,2017-08-01,217.4,26.6,0.48
Almora,Almora_S6,2017-09-01,117.4,25.15,0.48
Almora,Almora_S6,2017-10-01,61.0,22.07,0.48
Almora,Almora_S6,2017-11-01,33.5,21.4,0.48
Almora,Almora_S6,2017-12-01,32.4,17.89,0.48
Almora,Almora_S6,2018-01-01,23.8,18.99,0.48
Almora,Almora_S6,2018-02-01,26.2,16.62,0.48
Almora,Almora_S6,2018-03-01,38.6,17.28,0.48
Almora,Almora_S6,2018-04-01,49.6,18.37,0.48
Almora,Almora_S6,2018-05-01,77.2,18.63,0.48
Almora,Almora_S6,2018-06-01,203.1,18.69,0.48
Almora,Almora_S6,2018-07-01,254.2,23.96,0.48
Almora,Almora_S6,2018-08-01,213.7,28.5,0.48
Almora,Almora_S6,2018-09-01,160.9,26.8,0.48
Almora,Almora_S6,2018-10-01,75.0,24.64,0.48
Almora,Almora_S6,2018-11-01,39.1,20.79,0.48
Almora,Almora_S6,2018-12-01,33.2,17.57,0.48
Almora,Almora_S6,2019-01-01,19.7,16.88,0.48
Almora,Almora_S6,2019-02-01,18.9,17.62,0.48
Almora,Almora_S6,2019-03-01,24.2,17.01,0.48
Almora,Almora_S6,2019-04-01,39.2,15.8,0.48
Almora,Almora_S6,2019-05-01,48.6,16.32,0.48
Almora,Almora_S6,2019-06-01,140.6,18.0,0.48
Almora,Almora_S6,2019-07-01,231.7,21.27,0.48
Almora,Almora_S6,2019-08-01,217.8,25.27,0.48
Almora,Almora_S6,2019-09-01,111.5,25.96,0.48
Almora,Almora_S6,2019-10-01,55.5,20.81,0.48
Almora,Almora_S6,2019-11-01,28.6,18.79,0.48
Almora,Almora_S6,2019-12-01,32.6,14.84,0.48
Almora,Almora_S6,2020-01-01,19.6,16.76,0.48
Almora,Almora_S6,2020-02-01,22.9,16.51,0.48
Almora,Almora_S6,2020-03-01,29.6,14.83,0.48
Almora,Almora_S6,2020-04-01,43.1,15.76,0.48
Almora,Almora_S6,2020-05-01,53.9,16.1,0.48
Almora,Almora_S6,2020-06-01,160.8,17.23,0.48
Almora,Almora_S6,2020-07-01,194.4,23.35,0.48
Almora,Almora_S6,2020-08-01,186.5,25.24,0.48
Almora,Almora_S6,2020-09-01,141.3,21.62,0.48
Almora,Almora_S6,2020-10-01,60.9,21.15,0.48
Almora,Almora_S6,2020-11-01,29.8,17.74,0.48
Almora,Almora_S6,2020-12-01,28.7,16.24,0.48
Almora,Almora_S6,2021-01-01,21.8,16.16,0.48
Almora,Almora_S6,2021-02-01,22.9,15.76,0.48
Almora,Almora_S6,2021-03-01,25.2,16.84,0.48
Almora,Almora_S6,2021-04-01,39.7,16.43,0.48
Almora,Almora_S6,2021-05-01,64.6,15.26,0.48
Almora,Almora_S6,2021-06-01,168.8,17.75,0.48
Almora,Almora_S6,2021-07-01,241.5,22.15,0.48
Almora,Almora_S6,2021-08-01,217.3,24.43,0.48
Almora,Almora_S6,2021-09-01,134.9,24.32,0.48
Almora,Almora_S6,2021-10-01,61.1,19.86,0.48
Almora,Almora_S6,2021-11-01,31.3,16.86,0.48
Almora,Almora_S6,2021-12-01,34.8,15.56,0.48
Almora,Almora_S6,2022-01-01,19.5,14.0,0.48
Almora,Almora_S6,2022-02-01,19.9,14.86,0.48
Almora,Almora_S6,2022-03-01,33.0,14.39,0.48
Almora,Almora_S6,2022-04-01,38.2,14.45,0.48
Almora,Almora_S6,2022-05-01,63.3,16.64,0.48
Almora,Almora_S6,2022-06-01,172.1,16.87,0.48
Almora,Almora_S6,2022-07-01,214.3,20.6,0.48
Almora,Almora_S6,2022-08-01,192.5,21.58,0.48
Almora,Almora_S6,2022-09-01,123.9,21.62,0.48
Almora,Almora_S6,2022-10-01,57.6,19.53,0.48
Almora,Almora_S6,2022-11-01,31.4,15.35,0.48
Almora,Almora_S6,2022-12-01,29.9,14.96,0.48
Almora,Almora_S6,2023-01-01,20.7,15.51,0.48
Almora,Almora_S6,2023-02-01,21.0,13.07,0.48
Almora,Almora_S6,2023-03-01,40.0,14.4,0.48
Almora,Almora_S6,2023-04-01,44.9,14.8,0.48
Almora,Almora_S6,2023-05-01,64.1,15.16,0.48
Almora,Almora_S6,2023-06-01,203.1,15.54,0.48
Almora,Almora_S6,2023-07-01,256.2,21.25,0.48
Almora,Almora_S6,2023-08-01,238.3,25.25,0.48
Almora,Almora_S6,2023-09-01,146.4,21.94,0.48
Almora,Almora_S6,2023-10-01,66.6,19.1,0.48
Almora,Almora_S6,2023-11-01,33.7,17.39,0.48
Almora,Almora_S6,2023-12-01,30.4,14.15,0.48
Almora,Almora_S6,2024-01-01,22.2,15.7,0.48
Almora,Almora_S6,2024-02-01,24.9,14.05,0.48
Almora,Almora_S6,2024-03-01,32.8,15.37,0.48
Almora,Almora_S6,2024-04-01,35.3,14.9,0.48
Almora,Almora_S6,2024-05-01,64.6,14.63,0.48
Almora,Almora_S6,2024-06-01,211.7,15.39,0.48
Almora,Almora_S6,2024-07-01,255.4,20.08,0.48
Almora,Almora_S6,2024-08-01,203.0,22.33,0.48
Almora,Almora_S6,2024-09-01,147.8,21.21,0.48
Almora,Almora_S6,2024-10-01,61.3,18.24,0.48
Almora,Almora_S6,2024-11-01,29.0,14.86,0.48
Almora,Almora_S6,2024-12-01,31.7,13.73,0.48
Almora,Almora_S6,2025-01-01,19.0,14.65,0.48
Almora,Almora_S6,2025-02-01,20.3,14.3,0.48
Almora,Almora_S6,2025-03-01,33.5,13.03,0.48
Almora,Almora_S6,2025-04-01,43.1,13.44,0.48
Almora,Almora_S6,2025-05-01,69.0,14.48,0.48
Almora,Almora_S6,2025-06-01,161.1,16.23,0.48
Almora,Almora_S6,2025-07-01,259.3,19.31,0.48
Almora,Almora_S6,2025-08-01,201.9,20.29,0.48
Almora,Almora_S6,2025-09-01,164.0,19.33,0.48
Almora,Almora_S6,2025-10-01,57.7,17.37,0.48
Almora,Almora_S6,2025-11-01,30.5,14.29,0.48
Almora,Almora_S6,2025-12-01,34.6,14.58,0.48
Pithoragarh,Pithoragarh_S1,2005-01-01,21.9,59.18,0.66
Pithoragarh,Pithoragarh_S1,2005-02-01,23.5,47.62,0.66
Pithoragarh,Pithoragarh_S1,2005-03-01,38.6,46.58,0.66
Pithoragarh,Pithoragarh_S1,2005-04-01,52.8,50.72,0.66
Pithoragarh,Pithoragarh_S1,2005-05-01,78.2,49.22,0.66
Pithoragarh,Pithoragarh_S1,2005-06-01,220.3,53.84,0.66
Pithoragarh,Pithoragarh_S1,2005-07-01,237.8,65.62,0.66
Pithoragarh,Pithoragarh_S1,2005-08-01,275.6,65.97,0.66
Pithoragarh,Pithoragarh_S1,2005-09-01,159.5,69.12,0.66
Pithoragarh,Pithoragarh_S1,2005-10-01,79.9,58.25,0.66
Pithoragarh,Pithoragarh_S1,2005-11-01,33.8,48.23,0.66
Pithoragarh,Pithoragarh_S1,2005-12-01,37.8,49.27,0.66
Pithoragarh,Pithoragarh_S1,2006-01-01,36.2,49.19,0.66
Pithoragarh,Pithoragarh_S1,2006-02-01,28.9,50.46,0.66
Pithoragarh,Pithoragarh_S1,2006-03-01,49.8,46.42,0.66
Pithoragarh,Pithoragarh_S1,2006-04-01,60.5,54.14,0.66
Pithoragarh,Pithoragarh_S1,2006-05-01,103.4,49.37,0.66
Pithoragarh,Pithoragarh_S1,2006-06-01,281.6,51.67,0.66
Pithoragarh,Pithoragarh_S1,2006-07-01,402.0,66.19,0.66
Pithoragarh,Pithoragarh_S1,2006-08-01,317.2,73.2,0.66
Pithoragarh,Pithoragarh_S1,2006-09-01,231.3,78.12,0.66
Pithoragarh,Pithoragarh_S1,2006-10-01,110.2,69.36,0.66
Pithoragarh,Pithoragarh_S1,2006-11-01,43.2,55.81,0.66
Pithoragarh,Pithoragarh_S1,2006-12-01,52.1,46.07,0.66
Pithoragarh,Pithoragarh_S1,2007-01-01,35.8,53.37,0.66
Pithoragarh,Pithoragarh_S1,2007-02-01,33.1,46.6,0.66
Pithoragarh,Pithoragarh_S1,2007-03-01,59.0,46.48,0.66
Pithoragarh,Pithoragarh_S1,2007-04-01,66.2,52.84,0.66
Pithoragarh,Pithoragarh_S1,2007-05-01,108.2,51.48,0.66
Pithoragarh,Pithoragarh_S1,2007-06-01,291.9,59.27,0.66
Pithoragarh,Pithoragarh_S1,2007-07-01,425.7,70.05,0.66
Pithoragarh,Pithoragarh_S1,2007-08-01,347.7,79.03,0.66
Pithoragarh,Pithoragarh_S1,2007-09-01,224.9,71.52,0.66
Pithoragarh,Pithoragarh_S1,2007-10-01,110.7,57.26,0.66
Pithoragarh,Pithoragarh_S1,2007-11-01,59.3,52.43,0.66
Pithoragarh,Pithoragarh_S1,2007-12-01,64.9,51.47,0.66
Pithoragarh,Pithoragarh_S1,2008-01-01,25.4,50.55,0.66
Pithoragarh,Pithoragarh_S1,2008-02-01,22.6,45.67,0.66
Pithoragarh,Pithoragarh_S1,2008-03-01,40.2,43.05,0.66
Pithoragarh,Pithoragarh_S1,2008-04-01,45.8,47.26,0.66
Pithoragarh,Pithoragarh_S1,2008-05-01,70.3,49.52,0.66
Pithoragarh,Pithoragarh_S1,2008-06-01,188.8,50.19,0.66
Pithoragarh,Pithoragarh_S1,2008-07-01,270.7,59.6,0.66
Pithoragarh,Pithoragarh_S1,2008-08-01,254.0,63.32,0.66
Pithoragarh,Pithoragarh_S1,2008-09-01,167.2,67.22,0.66
Pithoragarh,Pithoragarh_S1,2008-10-01,74.3,48.07,0.66
Pithoragarh,Pithoragarh_S1,2008-11-01,33.2,50.01,0.66
Pithoragarh,Pithoragarh_S1,2008-12-01,39.3,51.39,0.66
Pithoragarh,Pithoragarh_S1,2009-01-01,34.7,42.51,0.66
Pithoragarh,Pithoragarh_S1,2009-02-01,29.9,44.96,0.66
Pithoragarh,Pithoragarh_S1,2009-03-01,41.5,45.02,0.66
Pithoragarh,Pithoragarh_S1,2009-04-01,63.3,44.87,0.66
Pithoragarh,Pithoragarh_S1,2009-05-01,105.1,50.15,0.66
Pithoragarh,Pithoragarh_S1,2009-06-01,257.2,52.29,0.66
Pithoragarh,Pithoragarh_S1,2009-07-01,343.6,64.13,0.66
Pithoragarh,Pithoragarh_S1,2009-08-01,295.4,73.54,0.66
Pithoragarh,Pithoragarh_S1,2009-09-01,235.4,66.66,0.66
Pithoragarh,Pithoragarh_S1,2009-10-01,87.4,71.31,0.66
Pithoragarh,Pithoragarh_S1,2009-11-01,44.9,49.58,0.66
Pithoragarh,Pithoragarh_S1,2009-12-01,49.8,46.06,0.66
Pithoragarh,Pithoragarh_S1,2010-01-01,25.4,42.02,0.66
Pithoragarh,Pithoragarh_S1,2010-02-01,24.2,42.68,0.66
Pithoragarh,Pithoragarh_S1,2010-03-01,37.1,46.21,0.66
Pithoragarh,Pithoragarh_S1,2010-04-01,48.2,41.7,0.66
Pithoragarh,Pithoragarh_S1,2010-05-01,68.4,40.61,0.66
Pithoragarh,Pithoragarh_S1,2010-06-01,169.0,47.17,0.66
Pithoragarh,Pithoragarh_S1,2010-07-01,251.2,59.0,0.66
Pithoragarh,Pithoragarh_S1,2010-08-01,212.9,61.95,0.66
Pithoragarh,Pithoragarh_S1,2010-09-01,155.9,57.62,0.66
Pithoragarh,Pithoragarh_S1,2010-10-01,73.7,48.88,0.66
Pithoragarh,Pithoragarh_S1,2010-11-01,38.7,48.21,0.66
Pithoragarh,Pithoragarh_S1,2010-12-01,35.7,45.7,0.66
Pithoragarh,Pithoragarh_S1,2011-01-01,35.6,40.0,0.66
Pithoragarh,Pithoragarh_S1,2011-02-01,35.0,46.32,0.66
Pithoragarh,Pithoragarh_S1,2011-03-01,56.7,45.39,0.66
Pithoragarh,Pithoragarh_S1,2011-04-01,70.6,47.96,0.66
Pithoragarh,Pithoragarh_S1,2011-05-01,111.7,47.79,0.66
Pithoragarh,Pithoragarh_S1,2011-06-01,266.8,51.26,0.66
Pithoragarh,Pithoragarh_S1,2011-07-01,372.5,63.58,0.66
Pithoragarh,Pithoragarh_S1,2011-08-01,382.9,73.36,0.66
Pithoragarh,Pithoragarh_S1,2011-09-01,253.6,64.56,0.66
Pithoragarh,Pithoragarh_S1,2011-10-01,100.7,56.07,0.66
Pithoragarh,Pithoragarh_S1,2011-11-01,57.6,46.59,0.66
Pithoragarh,Pithoragarh_S1,2011-12-01,52.3,44.58,0.66
Pithoragarh,Pithoragarh_S1,2012-01-01,35.7,45.24,0.66
Pithoragarh,Pithoragarh_S1,2012-02-01,34.2,43.69,0.66
Pithoragarh,Pithoragarh_S1,2012-03-01,51.2,45.19,0.66
Pithoragarh,Pithoragarh_S1,2012-04-01,74.0,46.6,0.66
Pithoragarh,Pithoragarh_S1,2012-05-01,90.8,43.79,0.66
Pithoragarh,Pithoragarh_S1,2012-06-01,236.4,47.6,0.66
Pithoragarh,Pithoragarh_S1,2012-07-01,332.5,55.9,0.66
Pithoragarh,Pithoragarh_S1,2012-08-01,314.3,65.18,0.66
Pithoragarh,Pithoragarh_S1,2012-09-01,169.2,65.31,0.66
Pithoragarh,Pithoragarh_S1,2012-10-01,94.6,43.84,0.66
Pithoragarh,Pithoragarh_S1,2012-11-01,46.0,52.62,0.66
Pithoragarh,Pithoragarh_S1,2012-12-01,51.1,44.32,0.66
Pithoragarh,Pithoragarh_S1,2013-01-01,32.1,42.13,0.66
Pithoragarh,Pithoragarh_S1,2013-02-01,35.3,45.91,0.66
Pithoragarh,Pithoragarh_S1,2013-03-01,53.5,41.33,0.66
Pithoragarh,Pithoragarh_S1,2013-04-01,63.2,43.68,0.66
Pithoragarh,Pithoragarh_S1,2013-05-01,97.1,43.0,0.66
Pithoragarh,Pithoragarh_S1,2013-06-01,221.5,50.46,0.66
Pithoragarh,Pithoragarh_S1,2013-07-01,338.3,55.81,0.66
Pithoragarh,Pithoragarh_S1,2013-08-01,316.9,65.46,0.66
Pithoragarh,Pithoragarh_S1,2013-09-01,220.3,67.03,0.66
Pithoragarh,Pithoragarh_S1,2013-10-01,93.4,57.36,0.66
Pithoragarh,Pithoragarh_S1,2013-11-01,48.5,45.83,0.66
Pithoragarh,Pithoragarh_S1,2013-12-01,45.6,44.8,0.66
Pithoragarh,Pithoragarh_S1,2014-01-01,33.9,47.51,0.66
Pithoragarh,Pithoragarh_S1,2014-02-01,33.9,41.86,0.66
Pithoragarh,Pithoragarh_S1,2014-03-01,49.3,41.37,0.66
Pithoragarh,Pithoragarh_S1,2014-04-01,57.5,42.59,0.66
Pithoragarh,Pithoragarh_S1,2014-05-01,93.6,45.59,0.66
Pithoragarh,Pithoragarh_S1,2014-06-01,254.0,44.08,0.66
Pithoragarh,Pithoragarh_S1,2014-07-01,349.4,56.66,0.66
Pithoragarh,Pithoragarh_S1,2014-08-01,330.2,59.58,0.66
Pithoragarh,Pithoragarh_S1,2014-09-01,237.7,59.27,0.66
Pithoragarh,Pithoragarh_S1,2014-10-01,104.9,54.5,0.66
Pithoragarh,Pithoragarh_S1,2014-11-01,45.3,45.79,0.66
Pithoragarh,Pithoragarh_S1,2014-12-01,51.9,45.05,0.66
Pithoragarh,Pithoragarh_S1,2015-01-01,32.8,42.93,0.66
Pithoragarh,Pithoragarh_S1,2015-02-01,37.5,38.48,0.66
Pithoragarh,Pithoragarh_S1,2015-03-01,51.9,39.12,0.66
Pithoragarh,Pithoragarh_S1,2015-04-01,62.2,44.47,0.66
Pithoragarh,Pithoragarh_S1,2015-05-01,109.1,44.69,0.66
Pithoragarh,Pithoragarh_S1,2015-06-01,285.5,45.77,0.66
Pithoragarh,Pithoragarh_S1,2015-07-01,378.8,57.37,0.66
Pithoragarh,Pithoragarh_S1,2015-08-01,349.7,69.14,0.66
Pithoragarh,Pithoragarh_S1,2015-09-01,214.9,60.07,0.66
Pithoragarh,Pithoragarh_S1,2015-10-01,110.4,54.23,0.66
Pithoragarh,Pithoragarh_S1,2015-11-01,52.4,50.59,0.66
Pithoragarh,Pithoragarh_S1,2015-12-01,53.3,41.53,0.66
Pithoragarh,Pithoragarh_S1,2016-01-01,30.6,39.51,0.66
Pithoragarh,Pithoragarh_S1,2016-02-01,31.3,40.18,0.66
Pithoragarh,Pithoragarh_S1,2016-03-01,41.6,38.44,0.66
Pithoragarh,Pithoragarh_S1,2016-04-01,70.5,37.26,0.66
Pithoragarh,Pithoragarh_S1,2016-05-01,91.3,43.56,0.66
Pithoragarh,Pithoragarh_S1,2016-06-01,272.6,45.96,0.66
Pithoragarh,Pithoragarh_S1,2016-07-01,381.9,55.71,0.66
Pithoragarh,Pithoragarh_S1,2016-08-01,353.4,63.2,0.66
Pithoragarh,Pithoragarh_S1,2016-09-01,198.0,59.26,0.66
Pithoragarh,Pithoragarh_S1,2016-10-01,100.6,50.56,0.66
Pithoragarh,Pithoragarh_S1,2016-11-01,57.3,42.61,0.66
Pithoragarh,Pithoragarh_S1,2016-12-01,57.5,38.6,0.66
Pithoragarh,Pithoragarh_S1,2017-01-01,37.7,44.45,0.66
Pithoragarh,Pithoragarh_S1,2017-02-01,33.8,40.03,0.66
Pithoragarh,Pithoragarh_S1,2017-03-01,58.3,39.88,0.66
Pithoragarh,Pithoragarh_S1,2017-04-01,72.5,42.25,0.66
Pithoragarh,Pithoragarh_S1,2017-05-01,115.2,43.01,0.66
Pithoragarh,Pithoragarh_S1,2017-06-01,279.0,43.46,0.66
Pithoragarh,Pithoragarh_S1,2017-07-01,398.5,56.72,0.66
Pithoragarh,Pithoragarh_S1,2017-08-01,372.2,63.48,0.66
Pithoragarh,Pithoragarh_S1,2017-09-01,243.5,63.74,0.66
Pithoragarh,Pithoragarh_S1,2017-10-01,114.6,54.08,0.66
Pithoragarh,Pithoragarh_S1,2017-11-01,52.6,43.13,0.66
Pithoragarh,Pithoragarh_S1,2017-12-01,49.2,36.9,0.66
Pithoragarh,Pithoragarh_S1,2018-01-01,47.7,39.52,0.66
Pithoragarh,Pithoragarh_S1,2018-02-01,41.2,38.66,0.66
Pithoragarh,Pithoragarh_S1,2018-03-01,53.4,34.9,0.66
Pithoragarh,Pithoragarh_S1,2018-04-01,74.7,40.33,0.66
Pithoragarh,Pithoragarh_S1,2018-05-01,124.3,42.72,0.66
Pithoragarh,Pithoragarh_S1,2018-06-01,352.6,49.73,0.66
Pithoragarh,Pithoragarh_S1,2018-07-01,395.3,58.82,0.66
Pithoragarh,Pithoragarh_S1,2018-08-01,394.0,61.18,0.66
Pithoragarh,Pithoragarh_S1,2018-09-01,262.7,59.2,0.66
Pithoragarh,Pithoragarh_S1,2018-10-01,127.7,54.03,0.66
Pithoragarh,Pithoragarh_S1,2018-11-01,58.1,44.47,0.66
Pithoragarh,Pithoragarh_S1,2018-12-01,52.2,37.56,0.66
Pithoragarh,Pithoragarh_S1,2019-01-01,38.1,38.34,0.66
Pithoragarh,Pithoragarh_S1,2019-02-01,34.8,33.92,0.66
Pithoragarh,Pithoragarh_S1,2019-03-01,54.2,39.08,0.66
Pithoragarh,Pithoragarh_S1,2019-04-01,67.3,37.13,0.66
Pithoragarh,Pithoragarh_S1,2019-05-01,97.8,39.39,0.66
Pithoragarh,Pithoragarh_S1,2019-06-01,302.8,38.53,0.66
Pithoragarh,Pithoragarh_S1,2019-07-01,396.7,53.81,0.66
Pithoragarh,Pithoragarh_S1,2019-08-01,363.5,60.88,0.66
Pithoragarh,Pithoragarh_S1,2019-09-01,254.7,59.35,0.66
Pithoragarh,Pithoragarh_S1,2019-10-01,96.1,53.13,0.66
Pithoragarh,Pithoragarh_S1,2019-11-01,50.2,43.98,0.66
Pithoragarh,Pithoragarh_S1,2019-12-01,53.1,39.23,0.66
Pithoragarh,Pithoragarh_S1,2020-01-01,31.1,39.82,0.66
Pithoragarh,Pithoragarh_S1,2020-02-01,28.9,39.07,0.66
Pithoragarh,Pithoragarh_S1,2020-03-01,40.4,37.26,0.66
Pithoragarh,Pithoragarh_S1,2020-04-01,58.9,36.88,0.66
Pithoragarh,Pithoragarh_S1,2020-05-01,89.1,40.05,0.66
Pithoragarh,Pithoragarh_S1,2020-06-01,251.9,42.24,0.66
Pithoragarh,Pithoragarh_S1,2020-07-01,332.3,52.59,0.66
Pithoragarh,Pithoragarh_S1,2020-08-01,303.7,52.15,0.66
Pithoragarh,Pithoragarh_S1,2020-09-01,195.3,51.95,0.66
Pithoragarh,Pithoragarh_S1,2020-10-01,86.6,46.27,0.66
Pithoragarh,Pithoragarh_S1,2020-11-01,41.4,41.14,0.66
Pithoragarh,Pithoragarh_S1,2020-12-01,45.0,36.49,0.66
Pithoragarh,Pithoragarh_S1,2021-01-01,34.5,38.79,0.66
Pithoragarh,Pithoragarh_S1,2021-02-01,33.7,38.32,0.66
Pithoragarh,Pithoragarh_S1,2021-03-01,47.9,37.99,0.66
Pithoragarh,Pithoragarh_S1,2021-04-01,62.6,38.94,0.66
Pithoragarh,Pithoragarh_S1,2021-05-01,90.6,35.68,0.66
Pithoragarh,Pithoragarh_S1,2021-06-01,218.7,40.36,0.66
Pithoragarh,Pithoragarh_S1,2021-07-01,328.6,46.31,0.66
Pithoragarh,Pithoragarh_S1,2021-08-01,306.5,50.37,0.66
Pithoragarh,Pithoragarh_S1,2021-09-01,201.2,52.59,0.66
Pithoragarh,Pithoragarh_S1,2021-10-01,94.6,49.46,0.66
Pithoragarh,Pithoragarh_S1,2021-11-01,49.0,40.26,0.66
Pithoragarh,Pithoragarh_S1,2021-12-01,43.1,39.98,0.66
Pithoragarh,Pithoragarh_S1,2022-01-01,32.1,36.19,0.66
Pithoragarh,Pithoragarh_S1,2022-02-01,30.5,39.39,0.66
Pithoragarh,Pithoragarh_S1,2022-03-01,41.7,35.25,0.66
Pithoragarh,Pithoragarh_S1,2022-04-01,56.9,35.65,0.66
Pithoragarh,Pithoragarh_S1,2022-05-01,85.5,34.2,0.66
Pithoragarh,Pithoragarh_S1,2022-06-01,230.4,40.44,0.66
Pithoragarh,Pithoragarh_S1,2022-07-01,327.9,46.39,0.66
Pithoragarh,Pithoragarh_S1,2022-08-01,345.5,52.05,0.66
Pithoragarh,Pithoragarh_S1,2022-09-01,189.5,58.34,0.66
Pithoragarh,Pithoragarh_S1,2022-10-01,90.7,47.33,0.66
Pithoragarh,Pithoragarh_S1,2022-11-01,37.3,40.51,0.66
Pithoragarh,Pithoragarh_S1,2022-12-01,41.4,34.23,0.66
Pithoragarh,Pithoragarh_S1,2023-01-01,39.1,34.98,0.66
Pithoragarh,Pithoragarh_S1,2023-02-01,24.6,34.76,0.66
Pithoragarh,Pithoragarh_S1,2023-03-01,59.9,35.21,0.66
Pithoragarh,Pithoragarh_S1,2023-04-01,87.4,38.87,0.66
Pithoragarh,Pithoragarh_S1,2023-05-01,95.5,38.45,0.66
Pithoragarh,Pithoragarh_S1,2023-06-01,340.0,41.98,0.66
Pithoragarh,Pithoragarh_S1,2023-07-01,324.4,56.0,0.66
Pithoragarh,Pithoragarh_S1,2023-08-01,407.4,51.91,0.66
Pithoragarh,Pithoragarh_S1,2023-09-01,246.2,60.05,0.66
Pithoragarh,Pithoragarh_S1,2023-10-01,92.3,51.48,0.66
Pithoragarh,Pithoragarh_S1,2023-11-01,58.9,41.46,0.66
Pithoragarh,Pithoragarh_S1,2023-12-01,62.1,37.65,0.66
Pithoragarh,Pithoragarh_S1,2024-01-01,35.3,35.73,0.66
Pithoragarh,Pithoragarh_S1,2024-02-01,32.6,33.58,0.66
Pithoragarh,Pithoragarh_S1,2024-03-01,43.1,34.7,0.66
Pithoragarh,Pithoragarh_S1,2024-04-01,71.2,37.2,0.66
Pithoragarh,Pithoragarh_S1,2024-05-01,115.4,36.8,0.66
Pithoragarh,Pithoragarh_S1,2024-06-01,294.4,39.58,0.66
Pithoragarh,Pithoragarh_S1,2024-07-01,312.2,49.85,0.66
Pithoragarh,Pithoragarh_S1,2024-08-01,296.6,49.91,0.66
Pithoragarh,Pithoragarh_S1,2024-09-01,204.5,49.3,0.66
Pithoragarh,Pithoragarh_S1,2024-10-01,88.3,44.24,0.66
Pithoragarh,Pithoragarh_S1,2024-11-01,50.8,39.87,0.66
Pithoragarh,Pithoragarh_S1,2024-12-01,52.2,33.94,0.66
Pithoragarh,Pithoragarh_S1,2025-01-01,26.7,34.47,0.66
Pithoragarh,Pithoragarh_S1,2025-02-01,26.3,31.35,0.66
Pithoragarh,Pithoragarh_S1,2025-03-01,36.0,33.86,0.66
Pithoragarh,Pithoragarh_S1,2025-04-01,49.6,35.5,0.66
Pithoragarh,Pithoragarh_S1,2025-05-01,63.6,36.76,0.66
Pithoragarh,Pithoragarh_S1,2025-06-01,195.7,35.15,0.66
Pithoragarh,Pithoragarh_S1,2025-07-01,276.6,43.99,0.66
Pithoragarh,Pithoragarh_S1,2025-08-01,254.7,47.24,0.66
Pithoragarh,Pithoragarh_S1,2025-09-01,168.3,47.42,0.66
Pithoragarh,Pithoragarh_S1,2025-10-01,76.9,41.54,0.66
Pithoragarh,Pithoragarh_S1,2025-11-01,36.9,35.42,0.66
Pithoragarh,Pithoragarh_S1,2025-12-01,38.6,33.07,0.66
Pithoragarh,Pithoragarh_S2,2005-01-01,21.9,54.16,0.66
Pithoragarh,Pithoragarh_S2,2005-02-01,23.5,49.1,0.66
Pithoragarh,Pithoragarh_S2,2005-03-01,38.6,51.45,0.66
Pithoragarh,Pithoragarh_S2,2005-04-01,52.8,43.72,0.66
Pithoragarh,Pithoragarh_S2,2005-05-01,78.2,44.65,0.66
Pithoragarh,Pithoragarh_S2,2005-06-01,220.3,47.35,0.66
Pithoragarh,Pithoragarh_S2,2005-07-01,237.8,61.37,0.66
Pithoragarh,Pithoragarh_S2,2005-08-01,275.6,65.9,0.66
Pithoragarh,Pithoragarh_S2,2005-09-01,159.5,68.12,0.66
Pithoragarh,Pithoragarh_S2,2005-10-01,79.9,56.76,0.66
Pithoragarh,Pithoragarh_S2,2005-11-01,33.8,50.8,0.66
Pithoragarh,Pithoragarh_S2,2005-12-01,37.8,43.96,0.66
Pithoragarh,Pithoragarh_S2,2006-01-01,36.2,45.24,0.66
Pithoragarh,Pithoragarh_S2,2006-02-01,28.9,45.55,0.66
Pithoragarh,Pithoragarh_S2,2006-03-01,49.8,41.36,0.66
Pithoragarh,Pithoragarh_S2,2006-04-01,60.5,43.88,0.66
Pithoragarh,Pithoragarh_S2,2006-05-01,103.4,44.75,0.66
Pithoragarh,Pithoragarh_S2,2006-06-01,281.6,52.85,0.66
Pithoragarh,Pithoragarh_S2,2006-07-01,402.0,66.43,0.66
Pithoragarh,Pithoragarh_S2,2006-08-01,317.2,77.83,0.66
Pithoragarh,Pithoragarh_S2,2006-09-01,231.3,62.08,0.66
Pithoragarh,Pithoragarh_S2,2006-10-01,110.2,56.63,0.66
Pithoragarh,Pithoragarh_S2,2006-11-01,43.2,52.76,0.66
Pithoragarh,Pithoragarh_S2,2006-12-01,52.1,39.14,0.66
Pithoragarh,Pithoragarh_S2,2007-01-01,35.8,48.95,0.66
Pithoragarh,Pithoragarh_S2,2007-02-01,33.1,40.64,0.66
Pithoragarh,Pithoragarh_S2,2007-03-01,59.0,46.29,0.66
Pithoragarh,Pithoragarh_S2,2007-04-01,66.2,44.41,0.66
Pithoragarh,Pithoragarh_S2,2007-05-01,108.2,49.45,0.66
Pithoragarh,Pithoragarh_S2,2007-06-01,291.9,58.42,0.66
Pithoragarh,Pithoragarh_S2,2007-07-01,425.7,57.83,0.66
Pithoragarh,Pithoragarh_S2,2007-08-01,347.7,78.68,0.66
Pithoragarh,Pithoragarh_S2,2007-09-01,224.9,63.29,0.66
Pithoragarh,Pithoragarh_S2,2007-10-01,110.7,60.77,0.66
Pithoragarh,Pithoragarh_S2,2007-11-01,59.3,49.63,0.66
Pithoragarh,Pithoragarh_S2,2007-12-01,64.9,46.22,0.66
Pithoragarh,Pithoragarh_S2,2008-01-01,25.4,44.19,0.66
Pithoragarh,Pithoragarh_S2,2008-02-01,22.6,44.72,0.66
Pithoragarh,Pithoragarh_S2,2008-03-01,40.2,39.65,0.66
Pithoragarh,Pithoragarh_S2,2008-04-01,45.8,46.83,0.66
Pithoragarh,Pithoragarh_S2,2008-05-01,70.3,43.56,0.66
Pithoragarh,Pithoragarh_S2,2008-06-01,188.8,43.11,0.66
Pithoragarh,Pithoragarh_S2,2008-07-01,270.7,60.22,0.66
Pithoragarh,Pithoragarh_S2,2008-08-01,254.0,62.03,0.66
Pithoragarh,Pithoragarh_S2,2008-09-01,167.2,66.61,0.66
Pithoragarh,Pithoragarh_S2,2008-10-01,74.3,57.08,0.66
Pithoragarh,Pithoragarh_S2,2008-11-01,33.2,44.47,0.66
Pithoragarh,Pithoragarh_S2,2008-12-01,39.3,42.8,0.66
Pithoragarh,Pithoragarh_S2,2009-01-01,34.7,43.67,0.66
Pithoragarh,Pithoragarh_S2,2009-02-01,29.9,46.25,0.66
Pithoragarh,Pithoragarh_S2,2009-03-01,41.5,43.46,0.66
Pithoragarh,Pithoragarh_S2,2009-04-01,63.3,43.76,0.66
Pithoragarh,Pithoragarh_S2,2009-05-01,105.1,44.57,0.66
Pithoragarh,Pithoragarh_S2,2009-06-01,257.2,48.12,0.66
Pithoragarh,Pithoragarh_S2,2009-07-01,343.6,64.03,0.66
Pithoragarh,Pithoragarh_S2,2009-08-01,295.4,66.81,0.66
Pithoragarh,Pithoragarh_S2,2009-09-01,235.4,61.67,0.66
Pithoragarh,Pithoragarh_S2,2009-10-01,87.4,56.48,0.66
Pithoragarh,Pithoragarh_S2,2009-11-01,44.9,45.19,0.66
Pithoragarh,Pithoragarh_S2,2009-12-01,49.8,40.07,0.66
Pithoragarh,Pithoragarh_S2,2010-01-01,25.4,41.78,0.66
Pithoragarh,Pithoragarh_S2,2010-02-01,24.2,44.56,0.66
Pithoragarh,Pithoragarh_S2,2010-03-01,37.1,40.87,0.66
Pithoragarh,Pithoragarh_S2,2010-04-01,48.2,43.71,0.66
Pithoragarh,Pithoragarh_S2,2010-05-01,68.4,37.69,0.66
Pithoragarh,Pithoragarh_S2,2010-06-01,169.0,45.77,0.66
Pithoragarh,Pithoragarh_S2,2010-07-01,251.2,51.77,0.66
Pithoragarh,Pithoragarh_S2,2010-08-01,212.9,57.03,0.66
Pithoragarh,Pithoragarh_S2,2010-09-01,155.9,55.9,0.66
Pithoragarh,Pithoragarh_S2,2010-10-01,73.7,49.68,0.66
Pithoragarh,Pithoragarh_S2,2010-11-01,38.7,39.84,0.66
Pithoragarh,Pithoragarh_S2,2010-12-01,35.7,43.75,0.66
Pithoragarh,Pithoragarh_S2,2011-01-01,35.6,42.03,0.66
Pithoragarh,Pithoragarh_S2,2011-02-01,35.0,40.8,0.66
Pithoragarh,Pithoragarh_S2,2011-03-01,56.7,39.35,0.66
Pithoragarh,Pithoragarh_S2,2011-04-01,70.6,39.77,0.66
Pithoragarh,Pithoragarh_S2,2011-05-01,111.7,44.41,0.66
Pithoragarh,Pithoragarh_S2,2011-06-01,266.8,50.74,0.66
Pithoragarh,Pithoragarh_S2,2011-07-01,372.5,59.21,0.66
Pithoragarh,Pithoragarh_S2,2011-08-01,382.9,61.91,0.66
Pithoragarh,Pithoragarh_S2,2011-09-01,253.6,67.94,0.66
Pithoragarh,Pithoragarh_S2,2011-10-01,100.7,57.2,0.66
Pithoragarh,Pithoragarh_S2,2011-11-01,57.6,47.74,0.66
Pithoragarh,Pithoragarh_S2,2011-12-01,52.3,43.75,0.66
Pithoragarh,Pithoragarh_S2,2012-01-01,35.7,35.73,0.66
Pithoragarh,Pithoragarh_S2,2012-02-01,34.2,41.8,0.66
Pithoragarh,Pithoragarh_S2,2012-03-01,51.2,38.48,0.66
Pithoragarh,Pithoragarh_S2,2012-04-01,74.0,38.75,0.66
Pithoragarh,Pithoragarh_S2,2012-05-01,90.8,42.94,0.66
Pithoragarh,Pithoragarh_S2,2012-06-01,236.4,45.45,0.66
Pithoragarh,Pithoragarh_S2,2012-07-01,332.5,50.73,0.66
Pithoragarh,Pithoragarh_S2,2012-08-01,314.3,64.5,0.66
Pithoragarh,Pithoragarh_S2,2012-09-01,169.2,63.18,0.66
Pithoragarh,Pithoragarh_S2,2012-10-01,94.6,50.16,0.66
Pithoragarh,Pithoragarh_S2,2012-11-01,46.0,42.54,0.66
Pithoragarh,Pithoragarh_S2,2012-12-01,51.1,38.82,0.66
Pithoragarh,Pithoragarh_S2,2013-01-01,32.1,43.24,0.66
Pithoragarh,Pithoragarh_S2,2013-02-01,35.3,36.67,0.66
Pithoragarh,Pithoragarh_S2,2013-03-01,53.5,41.96,0.66
Pithoragarh,Pithoragarh_S2,2013-04-01,63.2,40.76,0.66
Pithoragarh,Pithoragarh_S2,2013-05-01,97.1,41.55,0.66
Pithoragarh,Pithoragarh_S2,2013-06-01,221.5,40.39,0.66
Pithoragarh,Pithoragarh_S2,2013-07-01,338.3,52.76,0.66
Pithoragarh,Pithoragarh_S2,2013-08-01,316.9,63.45,0.66
Pithoragarh,Pithoragarh_S2,2013-09-01,220.3,55.91,0.66
Pithoragarh,Pithoragarh_S2,2013-10-01,93.4,54.13,0.66
Pithoragarh,Pithoragarh_S2,2013-11-01,48.5,43.74,0.66
Pithoragarh,Pithoragarh_S2,2013-12-01,45.6,38.93,0.66
Pithoragarh,Pithoragarh_S2,2014-01-01,33.9,41.67,0.66
Pithoragarh,Pithoragarh_S2,2014-02-01,33.9,34.76,0.66
Pithoragarh,Pithoragarh_S2,2014-03-01,49.3,39.67,0.66
Pithoragarh,Pithoragarh_S2,2014-04-01,57.5,43.28,0.66
Pithoragarh,Pithoragarh_S2,2014-05-01,93.6,43.49,0.66
Pithoragarh,Pithoragarh_S2,2014-06-01,254.0,43.92,0.66
Pithoragarh,Pithoragarh_S2,2014-07-01,349.4,53.66,0.66
Pithoragarh,Pithoragarh_S2,2014-08-01,330.2,59.26,0.66
Pithoragarh,Pithoragarh_S2,2014-09-01,237.7,58.84,0.66
Pithoragarh,Pithoragarh_S2,2014-10-01,104.9,54.51,0.66
Pithoragarh,Pithoragarh_S2,2014-11-01,45.3,41.79,0.66
Pithoragarh,Pithoragarh_S2,2014-12-01,51.9,40.74,0.66
Pithoragarh,Pithoragarh_S2,2015-01-01,32.8,43.89,0.66
Pithoragarh,Pithoragarh_S2,2015-02-01,37.5,38.13,0.66
Pithoragarh,Pithoragarh_S2,2015-03-01,51.9,35.93,0.66
Pithoragarh,Pithoragarh_S2,2015-04-01,62.2,36.82,0.66
Pithoragarh,Pithoragarh_S2,2015-05-01,109.1,41.7,0.66
Pithoragarh,Pithoragarh_S2,2015-06-01,285.5,43.24,0.66
Pithoragarh,Pithoragarh_S2,2015-07-01,378.8,58.11,0.66
Pithoragarh,Pithoragarh_S2,2015-08-01,349.7,60.47,0.66
Pithoragarh,Pithoragarh_S2,2015-09-01,214.9,62.48,0.66
Pithoragarh,Pithoragarh_S2,2015-10-01,110.4,50.08,0.66
Pithoragarh,Pithoragarh_S2,2015-11-01,52.4,41.54,0.66
Pithoragarh,Pithoragarh_S2,2015-12-01,53.3,38.24,0.66
Pithoragarh,Pithoragarh_S2,2016-01-01,30.6,36.68,0.66
Pithoragarh,Pithoragarh_S2,2016-02-01,31.3,41.1,0.66
Pithoragarh,Pithoragarh_S2,2016-03-01,41.6,37.19,0.66
Pithoragarh,Pithoragarh_S2,2016-04-01,70.5,39.25,0.66
Pithoragarh,Pithoragarh_S2,2016-05-01,91.3,38.89,0.66
Pithoragarh,Pithoragarh_S2,2016-06-01,272.6,39.16,0.66
Pithoragarh,Pithoragarh_S2,2016-07-01,381.9,53.12,0.66
Pithoragarh,Pithoragarh_S2,2016-08-01,353.4,64.54,0.66
Pithoragarh,Pithoragarh_S2,2016-09-01,198.0,57.59,0.66
Pithoragarh,Pithoragarh_S2,2016-10-01,100.6,46.28,0.66
Pithoragarh,Pithoragarh_S2,2016-11-01,57.3,41.97,0.66
Pithoragarh,Pithoragarh_S2,2016-12-01,57.5,39.59,0.66
Pithoragarh,Pithoragarh_S2,2017-01-01,37.7,41.75,0.66
Pithoragarh,Pithoragarh_S2,2017-02-01,33.8,37.83,0.66
Pithoragarh,Pithoragarh_S2,2017-03-01,58.3,38.03,0.66
Pithoragarh,Pithoragarh_S2,2017-04-01,72.5,39.83,0.66
Pithoragarh,Pithoragarh_S2,2017-05-01,115.2,37.09,0.66
Pithoragarh,Pithoragarh_S2,2017-06-01,279.0,40.15,0.66
Pithoragarh,Pithoragarh_S2,2017-07-01,398.5,50.3,0.66
Pithoragarh,Pithoragarh_S2,2017-08-01,372.2,57.09,0.66
Pithoragarh,Pithoragarh_S2,2017-09-01,243.5,61.65,0.66
Pithoragarh,Pithoragarh_S2,2017-10-01,114.6,51.28,0.66
Pithoragarh,Pithoragarh_S2,2017-11-01,52.6,41.97,0.66
Pithoragarh,Pithoragarh_S2,2017-12-01,49.2,32.71,0.66
Pithoragarh,Pithoragarh_S2,2018-01-01,47.7,41.14,0.66
Pithoragarh,Pithoragarh_S2,2018-02-01,41.2,35.48,0.66
Pithoragarh,Pithoragarh_S2,2018-03-01,53.4,40.41,0.66
Pithoragarh,Pithoragarh_S2,2018-04-01,74.7,34.69,0.66
Pithoragarh,Pithoragarh_S2,2018-05-01,124.3,37.19,0.66
Pithoragarh,Pithoragarh_S2,2018-06-01,352.6,37.37,0.66
Pithoragarh,Pithoragarh_S2,2018-07-01,395.3,58.1,0.66
Pithoragarh,Pithoragarh_S2,2018-08-01,394.0,56.51,0.66
Pithoragarh,Pithoragarh_S2,2018-09-01,262.7,56.43,0.66
Pithoragarh,Pithoragarh_S2,2018-10-01,127.7,47.38,0.66
Pithoragarh,Pithoragarh_S2,2018-11-01,58.1,43.52,0.66
Pithoragarh,Pithoragarh_S2,2018-12-01,52.2,38.57,0.66
Pithoragarh,Pithoragarh_S2,2019-01-01,38.1,40.14,0.66
Pithoragarh,Pithoragarh_S2,2019-02-01,34.8,34.6,0.66
Pithoragarh,Pithoragarh_S2,2019-03-01,54.2,35.94,0.66
Pithoragarh,Pithoragarh_S2,2019-04-01,67.3,34.39,0.66
Pithoragarh,Pithoragarh_S2,2019-05-01,97.8,36.93,0.66
Pithoragarh,Pithoragarh_S2,2019-06-01,302.8,38.47,0.66
Pithoragarh,Pithoragarh_S2,2019-07-01,396.7,53.99,0.66
Pithoragarh,Pithoragarh_S2,2019-08-01,363.5,61.77,0.66
Pithoragarh,Pithoragarh_S2,2019-09-01,254.7,59.34,0.66
Pithoragarh,Pithoragarh_S2,2019-10-01,96.1,47.32,0.66
Pithoragarh,Pithoragarh_S2,2019-11-01,50.2,41.02,0.66
Pithoragarh,Pithoragarh_S2,2019-12-01,53.1,35.96,0.66
Pithoragarh,Pithoragarh_S2,2020-01-01,31.1,35.59,0.66
Pithoragarh,Pithoragarh_S2,2020-02-01,28.9,33.48,0.66
Pithoragarh,Pithoragarh_S2,2020-03-01,40.4,33.54,0.66
Pithoragarh,Pithoragarh_S2,2020-04-01,58.9,38.26,0.66
Pithoragarh,Pithoragarh_S2,2020-05-01,89.1,36.88,0.66
Pithoragarh,Pithoragarh_S2,2020-06-01,251.9,38.53,0.66
Pithoragarh,Pithoragarh_S2,2020-07-01,332.3,47.89,0.66
Pithoragarh,Pithoragarh_S2,2020-08-01,303.7,60.13,0.66
Pithoragarh,Pithoragarh_S2,2020-09-01,195.3,55.05,0.66
Pithoragarh,Pithoragarh_S2,2020-10-01,86.6,43.09,0.66
Pithoragarh,Pithoragarh_S2,2020-11-01,41.4,37.22,0.66
Pithoragarh,Pithoragarh_S2,2020-12-01,45.0,34.44,0.66
Pithoragarh,Pithoragarh_S2,2021-01-01,34.5,35.24,0.66
Pithoragarh,Pithoragarh_S2,2021-02-01,33.7,33.07,0.66
Pithoragarh,Pithoragarh_S2,2021-03-01,47.9,34.91,0.66
Pithoragarh,Pithoragarh_S2,2021-04-01,62.6,37.55,0.66
Pithoragarh,Pithoragarh_S2,2021-05-01,90.6,33.52,0.66
Pithoragarh,Pithoragarh_S2,2021-06-01,218.7,35.46,0.66
Pithoragarh,Pithoragarh_S2,2021-07-01,328.6,44.44,0.66
Pithoragarh,Pithoragarh_S2,2021-08-01,306.5,51.21,0.66
Pithoragarh,Pithoragarh_S2,2021-09-01,201.2,55.97,0.66
Pithoragarh,Pithoragarh_S2,2021-10-01,94.6,46.46,0.66
Pithoragarh,Pithoragarh_S2,2021-11-01,49.0,39.31,0.66
Pithoragarh,Pithoragarh_S2,2021-12-01,43.1,34.18,0.66
Pithoragarh,Pithoragarh_S2,2022-01-01,32.1,33.73,0.66
Pithoragarh,Pithoragarh_S2,2022-02-01,30.5,31.05,0.66
Pithoragarh,Pithoragarh_S2,2022-03-01,41.7,34.63,0.66
Pithoragarh,Pithoragarh_S2,2022-04-01,56.9,34.81,0.66
Pithoragarh,Pithoragarh_S2,2022-05-01,85.5,37.1,0.66
Pithoragarh,Pithoragarh_S2,2022-06-01,230.4,36.17,0.66
Pithoragarh,Pithoragarh_S2,2022-07-01,327.9,45.09,0.66
Pithoragarh,Pithoragarh_S2,2022-08-01,345.5,51.76,0.66
Pithoragarh,Pithoragarh_S2,2022-09-01,189.5,54.66,0.66
Pithoragarh,Pithoragarh_S2,2022-10-01,90.7,39.56,0.66
Pithoragarh,Pithoragarh_S2,2022-11-01,37.3,37.94,0.66
Pithoragarh,Pithoragarh_S2,2022-12-01,41.4,33.24,0.66
Pithoragarh,Pithoragarh_S2,2023-01-01,39.1,31.71,0.66
Pithoragarh,Pithoragarh_S2,2023-02-01,24.6,29.82,0.66
Pithoragarh,Pithoragarh_S2,2023-03-01,59.9,32.13,0.66
Pithoragarh,Pithoragarh_S2,2023-04-01,87.4,36.94,0.66
Pithoragarh,Pithoragarh_S2,2023-05-01,95.5,39.07,0.66
Pithoragarh,Pithoragarh_S2,2023-06-01,340.0,37.14,0.66
Pithoragarh,Pithoragarh_S2,2023-07-01,324.4,56.21,0.66
Pithoragarh,Pithoragarh_S2,2023-08-01,407.4,50.06,0.66
Pithoragarh,Pithoragarh_S2,2023-09-01,246.2,57.7,0.66
Pithoragarh,Pithoragarh_S2,2023-10-01,92.3,44.28,0.66
Pithoragarh,Pithoragarh_S2,2023-11-01,58.9,35.08,0.66
Pithoragarh,Pithoragarh_S2,2023-12-01,62.1,32.8,0.66
Pithoragarh,Pithoragarh_S2,2024-01-01,35.3,30.58,0.66
Pithoragarh,Pithoragarh_S2,2024-02-01,32.6,34.53,0.66
Pithoragarh,Pithoragarh_S2,2024-03-01,43.1,31.19,0.66
Pithoragarh,Pithoragarh_S2,2024-04-01,71.2,31.48,0.66
Pithoragarh,Pithoragarh_S2,2024-05-01,115.4,32.39,0.66
Pithoragarh,Pithoragarh_S2,2024-06-01,294.4,36.61,0.66
Pithoragarh,Pithoragarh_S2,2024-07-01,312.2,51.72,0.66
Pithoragarh,Pithoragarh_S2,2024-08-01,296.6,53.58,0.66
Pithoragarh,Pithoragarh_S2,2024-09-01,204.5,43.56,0.66
Pithoragarh,Pithoragarh_S2,2024-10-01,88.3,41.26,0.66
Pithoragarh,Pithoragarh_S2,2024-11-01,50.8,33.29,0.66
Pithoragarh,Pithoragarh_S2,2024-12-01,52.2,34.47,0.66
Pithoragarh,Pithoragarh_S2,2025-01-01,26.7,33.35,0.66
Pithoragarh,Pithoragarh_S2,2025-02-01,26.3,30.33,0.66
Pithoragarh,Pithoragarh_S2,2025-03-01,36.0,31.37,0.66
Pithoragarh,Pithoragarh_S2,2025-04-01,49.6,31.02,0.66
Pithoragarh,Pithoragarh_S2,2025-05-01,63.6,35.14,0.66
Pithoragarh,Pithoragarh_S2,2025-06-01,195.7,34.19,0.66
Pithoragarh,Pithoragarh_S2,2025-07-01,276.6,42.28,0.66
Pithoragarh,Pithoragarh_S2,2025-08-01,254.7,39.47,0.66
Pithoragarh,Pithoragarh_S2,2025-09-01,168.3,44.05,0.66
Pithoragarh,Pithoragarh_S2,2025-10-01,76.9,43.21,0.66
Pithoragarh,Pithoragarh_S2,2025-11-01,36.9,36.03,0.66
Pithoragarh,Pithoragarh_S2,2025-12-01,38.6,28.53,0.66
Pithoragarh,Pithoragarh_S3,2005-01-01,21.9,54.33,0.66
Pithoragarh,Pithoragarh_S3,2005-02-01,23.5,41.82,0.66
Pithoragarh,Pithoragarh_S3,2005-03-01,38.6,39.79,0.66
Pithoragarh,Pithoragarh_S3,2005-04-01,52.8,42.58,0.66
Pithoragarh,Pithoragarh_S3,2005-05-01,78.2,37.88,0.66
Pithoragarh,Pithoragarh_S3,2005-06-01,220.3,43.0,0.66
Pithoragarh,Pithoragarh_S3,2005-07-01,237.8,56.52,0.66
Pithoragarh,Pithoragarh_S3,2005-08-01,275.6,60.14,0.66
Pithoragarh,Pithoragarh_S3,2005-09-01,159.5,54.67,0.66
Pithoragarh,Pithoragarh_S3,2005-10-01,79.9,50.53,0.66
Pithoragarh,Pithoragarh_S3,2005-11-01,33.8,47.6,0.66
Pithoragarh,Pithoragarh_S3,2005-12-01,37.8,38.68,0.66
Pithoragarh,Pithoragarh_S3,2006-01-01,36.2,42.44,0.66
Pithoragarh,Pithoragarh_S3,2006-02-01,28.9,41.92,0.66
Pithoragarh,Pithoragarh_S3,2006-03-01,49.8,44.71,0.66
Pithoragarh,Pithoragarh_S3,2006-04-01,60.5,42.23,0.66
Pithoragarh,Pithoragarh_S3,2006-05-01,103.4,43.11,0.66
Pithoragarh,Pithoragarh_S3,2006-06-01,281.6,48.71,0.66
Pithoragarh,Pithoragarh_S3,2006-07-01,402.0,56.24,0.66
Pithoragarh,Pithoragarh_S3,2006-08-01,317.2,68.57,0.66
Pithoragarh,Pithoragarh_S3,2006-09-01,231.3,61.36,0.66
Pithoragarh,Pithoragarh_S3,2006-10-01,110.2,55.8,0.66
Pithoragarh,Pithoragarh_S3,2006-11-01,43.2,48.92,0.66
Pithoragarh,Pithoragarh_S3,2006-12-01,52.1,42.95,0.66
Pithoragarh,Pithoragarh_S3,2007-01-01,35.8,40.83,0.66
Pithoragarh,Pithoragarh_S3,2007-02-01,33.1,41.41,0.66
Pithoragarh,Pithoragarh_S3,2007-03-01,59.0,43.91,0.66
Pithoragarh,Pithoragarh_S3,2007-04-01,66.2,41.0,0.66
Pithoragarh,Pithoragarh_S3,2007-05-01,108.2,43.57,0.66
Pithoragarh,Pithoragarh_S3,2007-06-01,291.9,45.92,0.66
Pithoragarh,Pithoragarh_S3,2007-07-01,425.7,59.91,0.66
Pithoragarh,Pithoragarh_S3,2007-08-01,347.7,64.35,0.66
Pithoragarh,Pithoragarh_S3,2007-09-01,224.9,68.66,0.66
Pithoragarh,Pithoragarh_S3,2007-10-01,110.7,52.74,0.66
Pithoragarh,Pithoragarh_S3,2007-11-01,59.3,48.63,0.66
Pithoragarh,Pithoragarh_S3,2007-12-01,64.9,41.05,0.66
Pithoragarh,Pithoragarh_S3,2008-01-01,25.4,41.39,0.66
Pithoragarh,Pithoragarh_S3,2008-02-01,22.6,42.14,0.66
Pithoragarh,Pithoragarh_S3,2008-03-01,40.2,41.43,0.66
Pithoragarh,Pithoragarh_S3,2008-04-01,45.8,41.15,0.66
Pithoragarh,Pithoragarh_S3,2008-05-01,70.3,42.66,0.66
Pithoragarh,Pithoragarh_S3,2008-06-01,188.8,42.24,0.66
Pithoragarh,Pithoragarh_S3,2008-07-01,270.7,51.55,0.66
Pithoragarh,Pithoragarh_S3,2008-08-01,254.0,55.66,0.66
Pithoragarh,Pithoragarh_S3,2008-09-01,167.2,58.8,0.66
Pithoragarh,Pithoragarh_S3,2008-10-01,74.3,48.06,0.66
Pithoragarh,Pithoragarh_S3,2008-11-01,33.2,46.06,0.66
Pithoragarh,Pithoragarh_S3,2008-12-01,39.3,39.18,0.66
Pithoragarh,Pithoragarh_S3,2009-01-01,34.7,40.24,0.66
Pithoragarh,Pithoragarh_S3,2009-02-01,29.9,41.32,0.66
Pithoragarh,Pithoragarh_S3,2009-03-01,41.5,39.46,0.66
Pithoragarh,Pithoragarh_S3,2009-04-01,63.3,39.61,0.66
Pithoragarh,Pithoragarh_S3,2009-05-01,105.1,41.69,0.66
Pithoragarh,Pithoragarh_S3,2009-06-01,257.2,46.75,0.66
Pithoragarh,Pithoragarh_S3,2009-07-01,343.6,53.93,0.66
Pithoragarh,Pithoragarh_S3,2009-08-01,295.4,61.61,0.66
Pithoragarh,Pithoragarh_S3,2009-09-01,235.4,58.44,0.66
Pithoragarh,Pithoragarh_S3,2009-10-01,87.4,56.31,0.66
Pithoragarh,Pithoragarh_S3,2009-11-01,44.9,42.97,0.66
Pithoragarh,Pithoragarh_S3,2009-12-01,49.8,43.67,0.66
Pithoragarh,Pithoragarh_S3,2010-01-01,25.4,40.04,0.66
Pithoragarh,Pithoragarh_S3,2010-02-01,24.2,38.09,0.66
Pithoragarh,Pithoragarh_S3,2010-03-01,37.1,38.08,0.66
Pithoragarh,Pithoragarh_S3,2010-04-01,48.2,36.7,0.66
Pithoragarh,Pithoragarh_S3,2010-05-01,68.4,37.96,0.66
Pithoragarh,Pithoragarh_S3,2010-06-01,169.0,40.34,0.66
Pithoragarh,Pithoragarh_S3,2010-07-01,251.2,51.37,0.66
Pithoragarh,Pithoragarh_S3,2010-08-01,212.9,54.34,0.66
Pithoragarh,Pithoragarh_S3,2010-09-01,155.9,50.37,0.66
Pithoragarh,Pithoragarh_S3,2010-10-01,73.7,50.4,0.66
Pithoragarh,Pithoragarh_S3,2010-11-01,38.7,44.78,0.66
Pithoragarh,Pithoragarh_S3,2010-12-01,35.7,41.46,0.66
Pithoragarh,Pithoragarh_S3,2011-01-01,35.6,37.09,0.66
Pithoragarh,Pithoragarh_S3,2011-02-01,35.0,37.73,0.66
Pithoragarh,Pithoragarh_S3,2011-03-01,56.7,42.1,0.66
Pithoragarh,Pithoragarh_S3,2011-04-01,70.6,40.57,0.66
Pithoragarh,Pithoragarh_S3,2011-05-01,111.7,40.47,0.66
Pithoragarh,Pithoragarh_S3,2011-06-01,266.8,45.45,0.66
Pithoragarh,Pithoragarh_S3,2011-07-01,372.5,57.54,0.66
Pithoragarh,Pithoragarh_S3,2011-08-01,382.9,60.41,0.66
Pithoragarh,Pithoragarh_S3,2011-09-01,253.6,63.52,0.66
Pithoragarh,Pithoragarh_S3,2011-10-01,100.7,56.14,0.66
Pithoragarh,Pithoragarh_S3,2011-11-01,57.6,40.34,0.66
Pithoragarh,Pithoragarh_S3,2011-12-01,52.3,39.77,0.66
Pithoragarh,Pithoragarh_S3,2012-01-01,35.7,37.13,0.66
Pithoragarh,Pithoragarh_S3,2012-02-01,34.2,36.24,0.66
Pithoragarh,Pithoragarh_S3,2012-03-01,51.2,36.88,0.66
Pithoragarh,Pithoragarh_S3,2012-04-01,74.0,40.03,0.66
Pithoragarh,Pithoragarh_S3,2012-05-01,90.8,39.98,0.66
Pithoragarh,Pithoragarh_S3,2012-06-01,236.4,40.41,0.66
Pithoragarh,Pithoragarh_S3,2012-07-01,332.5,51.98,0.66
Pithoragarh,Pithoragarh_S3,2012-08-01,314.3,55.11,0.66
Pithoragarh,Pithoragarh_S3,2012-09-01,169.2,58.35,0.66
Pithoragarh,Pithoragarh_S3,2012-10-01,94.6,49.65,0.66
Pithoragarh,Pithoragarh_S3,2012-11-01,46.0,41.6,0.66
Pithoragarh,Pithoragarh_S3,2012-12-01,51.1,37.96,0.66
Pithoragarh,Pithoragarh_S3,2013-01-01,32.1,39.37,0.66
Pithoragarh,Pithoragarh_S3,2013-02-01,35.3,33.5,0.66
Pithoragarh,Pithoragarh_S3,2013-03-01,53.5,38.46,0.66
Pithoragarh,Pithoragarh_S3,2013-04-01,63.2,44.66,0.66
Pithoragarh,Pithoragarh_S3,2013-05-01,97.1,39.05,0.66
Pithoragarh,Pithoragarh_S3,2013-06-01,221.5,41.31,0.66
Pithoragarh,Pithoragarh_S3,2013-07-01,338.3,51.9,0.66
Pithoragarh,Pithoragarh_S3,2013-08-01,316.9,62.74,0.66
Pithoragarh,Pithoragarh_S3,2013-09-01,220.3,59.19,0.66
Pithoragarh,Pithoragarh_S3,2013-10-01,93.4,44.4,0.66
Pithoragarh,Pithoragarh_S3,2013-11-01,48.5,42.21,0.66
Pithoragarh,Pithoragarh_S3,2013-12-01,45.6,42.81,0.66
Pithoragarh,Pithoragarh_S3,2014-01-01,33.9,38.86,0.66
Pithoragarh,Pithoragarh_S3,2014-02-01,33.9,34.72,0.66
Pithoragarh,Pithoragarh_S3,2014-03-01,49.3,37.32,0.66
Pithoragarh,Pithoragarh_S3,2014-04-01,57.5,35.38,0.66
Pithoragarh,Pithoragarh_S3,2014-05-01,93.6,40.67,0.66
Pithoragarh,Pithoragarh_S3,2014-06-01,254.0,38.75,0.66
Pithoragarh,Pithoragarh_S3,2014-07-01,349.4,51.67,0.66
Pithoragarh,Pithoragarh_S3,2014-08-01,330.2,55.37,0.66
Pithoragarh,Pithoragarh_S3,2014-09-01,237.7,54.94,0.66
Pithoragarh,Pithoragarh_S3,2014-10-01,104.9,53.92,0.66
Pithoragarh,Pithoragarh_S3,2014-11-01,45.3,41.41,0.66
Pithoragarh,Pithoragarh_S3,2014-12-01,51.9,36.11,0.66
Pithoragarh,Pithoragarh_S3,2015-01-01,32.8,35.39,0.66
Pithoragarh,Pithoragarh_S3,2015-02-01,37.5,32.83,0.66
Pithoragarh,Pithoragarh_S3,2015-03-01,51.9,34.2,0.66
Pithoragarh,Pithoragarh_S3,2015-04-01,62.2,37.61,0.66
Pithoragarh,Pithoragarh_S3,2015-05-01,109.1,39.91,0.66
Pithoragarh,Pithoragarh_S3,2015-06-01,285.5,39.96,0.66
Pithoragarh,Pithoragarh_S3,2015-07-01,378.8,56.94,0.66
Pithoragarh,Pithoragarh_S3,2015-08-01,349.7,56.82,0.66
Pithoragarh,Pithoragarh_S3,2015-09-01,214.9,56.25,0.66
Pithoragarh,Pithoragarh_S3,2015-10-01,110.4,45.33,0.66
Pithoragarh,Pithoragarh_S3,2015-11-01,52.4,42.97,0.66
Pithoragarh,Pithoragarh_S3,2015-12-01,53.3,40.95,0.66
Pithoragarh,Pithoragarh_S3,2016-01-01,30.6,33.81,0.66
Pithoragarh,Pithoragarh_S3,2016-02-01,31.3,34.91,0.66
Pithoragarh,Pithoragarh_S3,2016-03-01,41.6,37.77,0.66
Pithoragarh,Pithoragarh_S3,2016-04-01,70.5,33.55,0.66
Pithoragarh,Pithoragarh_S3,2016-05-01,91.3,39.09,0.66
Pithoragarh,Pithoragarh_S3,2016-06-01,272.6,41.73,0.66
Pithoragarh,Pithoragarh_S3,2016-07-01,381.9,51.36,0.66
Pithoragarh,Pithoragarh_S3,2016-08-01,353.4,59.85,0.66
Pithoragarh,Pithoragarh_S3,2016-09-01,198.0,61.27,0.66
Pithoragarh,Pithoragarh_S3,2016-10-01,100.6,50.59,0.66
Pithoragarh,Pithoragarh_S3,2016-11-01,57.3,39.57,0.66
Pithoragarh,Pithoragarh_S3,2016-12-01,57.5,35.84,0.66
Pithoragarh,Pithoragarh_S3,2017-01-01,37.7,35.09,0.66
Pithoragarh,Pithoragarh_S3,2017-02-01,33.8,37.19,0.66
Pithoragarh,Pithoragarh_S3,2017-03-01,58.3,32.74,0.66
Pithoragarh,Pithoragarh_S3,2017-04-01,72.5,36.23,0.66
Pithoragarh,Pithoragarh_S3,2017-05-01,115.2,37.77,0.66
Pithoragarh,Pithoragarh_S3,2017-06-01,279.0,39.26,0.66
Pithoragarh,Pithoragarh_S3,2017-07-01,398.5,51.51,0.66
Pithoragarh,Pithoragarh_S3,2017-08-01,372.2,65.93,0.66
Pithoragarh,Pithoragarh_S3,2017-09-01,243.5,56.33,0.66
Pithoragarh,Pithoragarh_S3,2017-10-01,114.6,47.27,0.66
Pithoragarh,Pithoragarh_S3,2017-11-01,52.6,42.02,0.66
Pithoragarh,Pithoragarh_S3,2017-12-01,49.2,36.39,0.66
Pithoragarh,Pithoragarh_S3,2018-01-01,47.7,38.27,0.66
Pithoragarh,Pithoragarh_S3,2018-02-01,41.2,35.85,0.66
Pithoragarh,Pithoragarh_S3,2018-03-01,53.4,34.66,0.66
Pithoragarh,Pithoragarh_S3,2018-04-01,74.7,32.63,0.66
Pithoragarh,Pithoragarh_S3,2018-05-01,124.3,34.13,0.66
Pithoragarh,Pithoragarh_S3,2018-06-01,352.6,36.56,0.66
Pithoragarh,Pithoragarh_S3,2018-07-01,395.3,55.75,0.66
Pithoragarh,Pithoragarh_S3,2018-08-01,394.0,53.45,0.66
Pithoragarh,Pithoragarh_S3,2018-09-01,262.7,60.79,0.66
Pithoragarh,Pithoragarh_S3,2018-10-01,127.7,48.89,0.66
Pithoragarh,Pithoragarh_S3,2018-11-01,58.1,39.72,0.66
Pithoragarh,Pithoragarh_S3,2018-12-01,52.2,34.25,0.66
Pithoragarh,Pithoragarh_S3,2019-01-01,38.1,36.45,0.66
Pithoragarh,Pithoragarh_S3,2019-02-01,34.8,33.03,0.66
Pithoragarh,Pithoragarh_S3,2019-03-01,54.2,32.48,0.66
Pithoragarh,Pithoragarh_S3,2019-04-01,67.3,37.44,0.66
Pithoragarh,Pithoragarh_S3,2019-05-01,97.8,36.76,0.66
Pithoragarh,Pithoragarh_S3,2019-06-01,302.8,37.54,0.66
Pithoragarh,Pithoragarh_S3,2019-07-01,396.7,52.4,0.66
Pithoragarh,Pithoragarh_S3,2019-08-01,363.5,56.6,0.66
Pithoragarh,Pithoragarh_S3,2019-09-01,254.7,55.48,0.66
Pithoragarh,Pithoragarh_S3,2019-10-01,96.1,45.63,0.66
Pithoragarh,Pithoragarh_S3,2019-11-01,50.2,41.53,0.66
Pithoragarh,Pithoragarh_S3,2019-12-01,53.1,33.73,0.66
Pithoragarh,Pithoragarh_S3,2020-01-01,31.1,37.59,0.66
Pithoragarh,Pithoragarh_S3,2020-02-01,28.9,33.15,0.66
Pithoragarh,Pithoragarh_S3,2020-03-01,40.4,34.62,0.66
Pithoragarh,Pithoragarh_S3,2020-04-01,58.9,35.2,0.66
Pithoragarh,Pithoragarh_S3,2020-05-01,89.1,37.06,0.66
Pithoragarh,Pithoragarh_S3,2020-06-01,251.9,35.32,0.66
Pithoragarh,Pithoragarh_S3,2020-07-01,332.3,49.38,0.66
Pithoragarh,Pithoragarh_S3,2020-08-01,303.7,56.54,0.66
Pithoragarh,Pithoragarh_S3,2020-09-01,195.3,49.29,0.66
Pithoragarh,Pithoragarh_S3,2020-10-01,86.6,43.28,0.66
Pithoragarh,Pithoragarh_S3,2020-11-01,41.4,35.53,0.66
Pithoragarh,Pithoragarh_S3,2020-12-01,45.0,33.09,0.66
Pithoragarh,Pithoragarh_S3,2021-01-01,34.5,36.74,0.66
Pithoragarh,Pithoragarh_S3,2021-02-01,33.7,31.5,0.66
Pithoragarh,Pithoragarh_S3,2021-03-01,47.9,31.51,0.66
Pithoragarh,Pithoragarh_S3,2021-04-01,62.6,36.63,0.66
Pithoragarh,Pithoragarh_S3,2021-05-01,90.6,35.84,0.66
Pithoragarh,Pithoragarh_S3,2021-06-01,218.7,40.27,0.66
Pithoragarh,Pithoragarh_S3,2021-07-01,328.6,43.15,0.66
Pithoragarh,Pithoragarh_S3,2021-08-01,306.5,51.08,0.66
Pithoragarh,Pithoragarh_S3,2021-09-01,201.2,47.72,0.66
Pithoragarh,Pithoragarh_S3,2021-10-01,94.6,43.23,0.66
Pithoragarh,Pithoragarh_S3,2021-11-01,49.0,33.19,0.66
Pithoragarh,Pithoragarh_S3,2021-12-01,43.1,34.77,0.66
Pithoragarh,Pithoragarh_S3,2022-01-01,32.1,33.76,0.66
Pithoragarh,Pithoragarh_S3,2022-02-01,30.5,32.42,0.66
Pithoragarh,Pithoragarh_S3,2022-03-01,41.7,31.75,0.66
Pithoragarh,Pithoragarh_S3,2022-04-01,56.9,31.54,0.66
Pithoragarh,Pithoragarh_S3,2022-05-01,85.5,35.12,0.66
Pithoragarh,Pithoragarh_S3,2022-06-01,230.4,33.47,0.66
Pithoragarh,Pithoragarh_S3,2022-07-01,327.9,45.3,0.66
Pithoragarh,Pithoragarh_S3,2022-08-01,345.5,55.13,0.66
Pithoragarh,Pithoragarh_S3,2022-09-01,189.5,54.71,0.66
Pithoragarh,Pithoragarh_S3,2022-10-01,90.7,38.45,0.66
Pithoragarh,Pithoragarh_S3,2022-11-01,37.3,34.69,0.66
Pithoragarh,Pithoragarh_S3,2022-12-01,41.4,33.1,0.66
Pithoragarh,Pithoragarh_S3,2023-01-01,39.1,32.51,0.66
Pithoragarh,Pithoragarh_S3,2023-02-01,24.6,30.18,0.66
Pithoragarh,Pithoragarh_S3,2023-03-01,59.9,32.15,0.66
Pithoragarh,Pithoragarh_S3,2023-04-01,87.4,33.58,0.66
Pithoragarh,Pithoragarh_S3,2023-05-01,95.5,38.54,0.66
Pithoragarh,Pithoragarh_S3,2023-06-01,340.0,35.16,0.66
Pithoragarh,Pithoragarh_S3,2023-07-01,324.4,52.89,0.66
Pithoragarh,Pithoragarh_S3,2023-08-01,407.4,45.89,0.66
Pithoragarh,Pithoragarh_S3,2023-09-01,246.2,51.04,0.66
Pithoragarh,Pithoragarh_S3,2023-10-01,92.3,45.87,0.66
Pithoragarh,Pithoragarh_S3,2023-11-01,58.9,37.1,0.66
Pithoragarh,Pithoragarh_S3,2023-12-01,62.1,31.61,0.66
Pithoragarh,Pithoragarh_S3,2024-01-01,35.3,33.38,0.66
Pithoragarh,Pithoragarh_S3,2024-02-01,32.6,29.54,0.66
Pithoragarh,Pithoragarh_S3,2024-03-01,43.1,31.25,0.66
Pithoragarh,Pithoragarh_S3,2024-04-01,71.2,33.45,0.66
Pithoragarh,Pithoragarh_S3,2024-05-01,115.4,32.97,0.66
Pithoragarh,Pithoragarh_S3,2024-06-01,294.4,35.78,0.66
Pithoragarh,Pithoragarh_S3,2024-07-01,312.2,43.94,0.66
Pithoragarh,Pithoragarh_S3,2024-08-01,296.6,46.0,0.66
Pithoragarh,Pithoragarh_S3,2024-09-01,204.5,50.67,0.66
Pithoragarh,Pithoragarh_S3,2024-10-01,88.3,41.35,0.66
Pithoragarh,Pithoragarh_S3,2024-11-01,50.8,32.71,0.66
Pithoragarh,Pithoragarh_S3,2024-12-01,52.2,31.72,0.66
Pithoragarh,Pithoragarh_S3,2025-01-01,26.7,29.69,0.66
Pithoragarh,Pithoragarh_S3,2025-02-01,26.3,29.2,0.66
Pithoragarh,Pithoragarh_S3,2025-03-01,36.0,32.79,0.66
Pithoragarh,Pithoragarh_S3,2025-04-01,49.6,31.0,0.66
Pithoragarh,Pithoragarh_S3,2025-05-01,63.6,34.98,0.66
Pithoragarh,Pithoragarh_S3,2025-06-01,195.7,32.56,0.66
Pithoragarh,Pithoragarh_S3,2025-07-01,276.6,40.16,0.66
Pithoragarh,Pithoragarh_S3,2025-08-01,254.7,46.23,0.66
Pithoragarh,Pithoragarh_S3,2025-09-01,168.3,37.68,0.66
Pithoragarh,Pithoragarh_S3,2025-10-01,76.9,38.91,0.66
Pithoragarh,Pithoragarh_S3,2025-11-01,36.9,33.18,0.66
Pithoragarh,Pithoragarh_S3,2025-12-01,38.6,33.25,0.66
Pithoragarh,Pithoragarh_S4,2005-01-01,21.9,61.62,0.66
Pithoragarh,Pithoragarh_S4,2005-02-01,23.5,47.27,0.66
Pithoragarh,Pithoragarh_S4,2005-03-01,38.6,45.81,0.66
Pithoragarh,Pithoragarh_S4,2005-04-01,52.8,49.76,0.66
Pithoragarh,Pithoragarh_S4,2005-05-01,78.2,49.98,0.66
Pithoragarh,Pithoragarh_S4,2005-06-01,220.3,56.76,0.66
Pithoragarh,Pithoragarh_S4,2005-07-01,237.8,66.51,0.66
Pithoragarh,Pithoragarh_S4,2005-08-01,275.6,67.57,0.66
Pithoragarh,Pithoragarh_S4,2005-09-01,159.5,73.34,0.66
Pithoragarh,Pithoragarh_S4,2005-10-01,79.9,62.97,0.66
Pithoragarh,Pithoragarh_S4,2005-11-01,33.8,54.58,0.66
Pithoragarh,Pithoragarh_S4,2005-12-01,37.8,51.77,0.66
Pithoragarh,Pithoragarh_S4,2006-01-01,36.2,50.11,0.66
Pithoragarh,Pithoragarh_S4,2006-02-01,28.9,48.84,0.66
Pithoragarh,Pithoragarh_S4,2006-03-01,49.8,50.68,0.66
Pithoragarh,Pithoragarh_S4,2006-04-01,60.5,49.29,0.66
Pithoragarh,Pithoragarh_S4,2006-05-01,103.4,50.48,0.66
Pithoragarh,Pithoragarh_S4,2006-06-01,281.6,58.79,0.66
Pithoragarh,Pithoragarh_S4,2006-07-01,402.0,75.47,0.66
Pithoragarh,Pithoragarh_S4,2006-08-01,317.2,80.32,0.66
Pithoragarh,Pithoragarh_S4,2006-09-01,231.3,71.12,0.66
Pithoragarh,Pithoragarh_S4,2006-10-01,110.2,69.88,0.66
Pithoragarh,Pithoragarh_S4,2006-11-01,43.2,56.56,0.66
Pithoragarh,Pithoragarh_S4,2006-12-01,52.1,49.19,0.66
Pithoragarh,Pithoragarh_S4,2007-01-01,35.8,48.36,0.66
Pithoragarh,Pithoragarh_S4,2007-02-01,33.1,48.45,0.66
Pithoragarh,Pithoragarh_S4,2007-03-01,59.0,47.3,0.66
Pithoragarh,Pithoragarh_S4,2007-04-01,66.2,47.91,0.66
Pithoragarh,Pithoragarh_S4,2007-05-01,108.2,50.44,0.66
Pithoragarh,Pithoragarh_S4,2007-06-01,291.9,54.43,0.66
Pithoragarh,Pithoragarh_S4,2007-07-01,425.7,68.33,0.66
Pithoragarh,Pithoragarh_S4,2007-08-01,347.7,84.84,0.66
Pithoragarh,Pithoragarh_S4,2007-09-01,224.9,79.09,0.66
Pithoragarh,Pithoragarh_S4,2007-10-01,110.7,66.64,0.66
Pithoragarh,Pithoragarh_S4,2007-11-01,59.3,52.85,0.66
Pithoragarh,Pithoragarh_S4,2007-12-01,64.9,50.93,0.66
Pithoragarh,Pithoragarh_S4,2008-01-01,25.4,49.69,0.66
Pithoragarh,Pithoragarh_S4,2008-02-01,22.6,43.18,0.66
Pithoragarh,Pithoragarh_S4,2008-03-01,40.2,47.26,0.66
Pithoragarh,Pithoragarh_S4,2008-04-01,45.8,47.52,0.66
Pithoragarh,Pithoragarh_S4,2008-05-01,70.3,53.77,0.66
Pithoragarh,Pithoragarh_S4,2008-06-01,188.8,53.26,0.66
Pithoragarh,Pithoragarh_S4,2008-07-01,270.7,61.85,0.66
Pithoragarh,Pithoragarh_S4,2008-08-01,254.0,67.5,0.66
Pithoragarh,Pithoragarh_S4,2008-09-01,167.2,65.69,0.66
Pithoragarh,Pithoragarh_S4,2008-10-01,74.3,54.76,0.66
Pithoragarh,Pithoragarh_S4,2008-11-01,33.2,45.34,0.66
Pithoragarh,Pithoragarh_S4,2008-12-01,39.3,44.09,0.66
Pithoragarh,Pithoragarh_S4,2009-01-01,34.7,46.45,0.66
Pithoragarh,Pithoragarh_S4,2009-02-01,29.9,41.25,0.66
Pithoragarh,Pithoragarh_S4,2009-03-01,41.5,44.4,0.66
Pithoragarh,Pithoragarh_S4,2009-04-01,63.3,45.99,0.66
Pithoragarh,Pithoragarh_S4,2009-05-01,105.1,47.83,0.66
Pithoragarh,Pithoragarh_S4,2009-06-01,257.2,50.11,0.66
Pithoragarh,Pithoragarh_S4,2009-07-01,343.6,63.49,0.66
Pithoragarh,Pithoragarh_S4,2009-08-01,295.4,77.98,0.66
Pithoragarh,Pithoragarh_S4,2009-09-01,235.4,69.87,0.66
Pithoragarh,Pithoragarh_S4,2009-10-01,87.4,60.75,0.66
Pithoragarh,Pithoragarh_S4,2009-11-01,44.9,49.83,0.66
Pithoragarh,Pithoragarh_S4,2009-12-01,49.8,46.3,0.66
Pithoragarh,Pithoragarh_S4,2010-01-01,25.4,44.93,0.66
Pithoragarh,Pithoragarh_S4,2010-02-01,24.2,42.91,0.66
Pithoragarh,Pithoragarh_S4,2010-03-01,37.1,46.72,0.66
Pithoragarh,Pithoragarh_S4,2010-04-01,48.2,44.53,0.66
Pithoragarh,Pithoragarh_S4,2010-05-01,68.4,43.82,0.66
Pithoragarh,Pithoragarh_S4,2010-06-01,169.0,47.87,0.66
Pithoragarh,Pithoragarh_S4,2010-07-01,251.2,56.6,0.66
Pithoragarh,Pithoragarh_S4,2010-08-01,212.9,56.8,0.66
Pithoragarh,Pithoragarh_S4,2010-09-01,155.9,59.64,0.66
Pithoragarh,Pithoragarh_S4,2010-10-01,73.7,57.35,0.66
Pithoragarh,Pithoragarh_S4,2010-11-01,38.7,49.19,0.66
Pithoragarh,Pithoragarh_S4,2010-12-01,35.7,50.19,0.66
Pithoragarh,Pithoragarh_S4,2011-01-01,35.6,47.65,0.66
Pithoragarh,Pithoragarh_S4,2011-02-01,35.0,48.02,0.66
Pithoragarh,Pithoragarh_S4,2011-03-01,56.7,50.93,0.66
Pithoragarh,Pithoragarh_S4,2011-04-01,70.6,48.16,0.66
Pithoragarh,Pithoragarh_S4,2011-05-01,111.7,47.86,0.66
Pithoragarh,Pithoragarh_S4,2011-06-01,266.8,53.25,0.66
Pithoragarh,Pithoragarh_S4,2011-07-01,372.5,61.63,0.66
Pithoragarh,Pithoragarh_S4,2011-08-01,382.9,72.35,0.66
Pithoragarh,Pithoragarh_S4,2011-09-01,253.6,70.36,0.66
Pithoragarh,Pithoragarh_S4,2011-10-01,100.7,63.33,0.66
Pithoragarh,Pithoragarh_S4,2011-11-01,57.6,47.94,0.66
Pithoragarh,Pithoragarh_S4,2011-12-01,52.3,44.41,0.66
Pithoragarh,Pithoragarh_S4,2012-01-01,35.7,46.45,0.66
Pithoragarh,Pithoragarh_S4,2012-02-01,34.2,43.8,0.66
Pithoragarh,Pithoragarh_S4,2012-03-01,51.2,39.68,0.66
Pithoragarh,Pithoragarh_S4,2012-04-01,74.0,41.94,0.66
Pithoragarh,Pithoragarh_S4,2012-05-01,90.8,44.32,0.66
Pithoragarh,Pithoragarh_S4,2012-06-01,236.4,46.18,0.66
Pithoragarh,Pithoragarh_S4,2012-07-01,332.5,61.23,0.66
Pithoragarh,Pithoragarh_S4,2012-08-01,314.3,68.38,0.66
Pithoragarh,Pithoragarh_S4,2012-09-01,169.2,69.61,0.66
Pithoragarh,Pithoragarh_S4,2012-10-01,94.6,56.41,0.66
Pithoragarh,Pithoragarh_S4,2012-11-01,46.0,50.9,0.66
Pithoragarh,Pithoragarh_S4,2012-12-01,51.1,45.71,0.66
Pithoragarh,Pithoragarh_S4,2013-01-01,32.1,45.18,0.66
Pithoragarh,Pithoragarh_S4,2013-02-01,35.3,45.5,0.66
Pithoragarh,Pithoragarh_S4,2013-03-01,53.5,45.32,0.66
Pithoragarh,Pithoragarh_S4,2013-04-01,63.2,45.57,0.66
Pithoragarh,Pithoragarh_S4,2013-05-01,97.1,48.33,0.66
Pithoragarh,Pithoragarh_S4,2013-06-01,221.5,42.44,0.66
Pithoragarh,Pithoragarh_S4,2013-07-01,338.3,57.04,0.66
Pithoragarh,Pithoragarh_S4,2013-08-01,316.9,66.03,0.66
Pithoragarh,Pithoragarh_S4,2013-09-01,220.3,69.04,0.66
Pithoragarh,Pithoragarh_S4,2013-10-01,93.4,62.09,0.66
Pithoragarh,Pithoragarh_S4,2013-11-01,48.5,44.03,0.66
Pithoragarh,Pithoragarh_S4,2013-12-01,45.6,46.97,0.66
Pithoragarh,Pithoragarh_S4,2014-01-01,33.9,41.04,0.66
Pithoragarh,Pithoragarh_S4,2014-02-01,33.9,40.19,0.66
Pithoragarh,Pithoragarh_S4,2014-03-01,49.3,42.06,0.66
Pithoragarh,Pithoragarh_S4,2014-04-01,57.5,43.01,0.66
Pithoragarh,Pithoragarh_S4,2014-05-01,93.6,40.85,0.66
Pithoragarh,Pithoragarh_S4,2014-06-01,254.0,48.59,0.66
Pithoragarh,Pithoragarh_S4,2014-07-01,349.4,61.56,0.66
Pithoragarh,Pithoragarh_S4,2014-08-01,330.2,70.42,0.66
Pithoragarh,Pithoragarh_S4,2014-09-01,237.7,63.9,0.66
Pithoragarh,Pithoragarh_S4,2014-10-01,104.9,57.92,0.66
Pithoragarh,Pithoragarh_S4,2014-11-01,45.3,47.56,0.66
Pithoragarh,Pithoragarh_S4,2014-12-01,51.9,46.58,0.66
Pithoragarh,Pithoragarh_S4,2015-01-01,32.8,37.26,0.66
Pithoragarh,Pithoragarh_S4,2015-02-01,37.5,39.87,0.66
Pithoragarh,Pithoragarh_S4,2015-03-01,51.9,42.19,0.66
Pithoragarh,Pithoragarh_S4,2015-04-01,62.2,40.9,0.66
Pithoragarh,Pithoragarh_S4,2015-05-01,109.1,43.41,0.66
Pithoragarh,Pithoragarh_S4,2015-06-01,285.5,47.23,0.66
Pithoragarh,Pithoragarh_S4,2015-07-01,378.8,59.03,0.66
Pithoragarh,Pithoragarh_S4,2015-08-01,349.7,68.35,0.66
Pithoragarh,Pithoragarh_S4,2015-09-01,214.9,67.87,0.66
Pithoragarh,Pithoragarh_S4,2015-10-01,110.4,54.74,0.66
Pithoragarh,Pithoragarh_S4,2015-11-01,52.4,46.25,0.66
Pithoragarh,Pithoragarh_S4,2015-12-01,53.3,42.48,0.66
Pithoragarh,Pithoragarh_S4,2016-01-01,30.6,42.83,0.66
Pithoragarh,Pithoragarh_S4,2016-02-01,31.3,37.49,0.66
Pithoragarh,Pithoragarh_S4,2016-03-01,41.6,42.01,0.66
Pithoragarh,Pithoragarh_S4,2016-04-01,70.5,40.85,0.66
Pithoragarh,Pithoragarh_S4,2016-05-01,91.3,46.7,0.66
Pithoragarh,Pithoragarh_S4,2016-06-01,272.6,46.8,0.66
Pithoragarh,Pithoragarh_S4,2016-07-01,381.9,62.58,0.66
Pithoragarh,Pithoragarh_S4,2016-08-01,353.4,63.91,0.66
Pithoragarh,Pithoragarh_S4,2016-09-01,198.0,63.87,0.66
Pithoragarh,Pithoragarh_S4,2016-10-01,100.6,49.96,0.66
Pithoragarh,Pithoragarh_S4,2016-11-01,57.3,44.25,0.66
Pithoragarh,Pithoragarh_S4,2016-12-01,57.5,45.21,0.66
Pithoragarh,Pithoragarh_S4,2017-01-01,37.7,45.67,0.66
Pithoragarh,Pithoragarh_S4,2017-02-01,33.8,38.62,0.66
Pithoragarh,Pithoragarh_S4,2017-03-01,58.3,39.69,0.66
Pithoragarh,Pithoragarh_S4,2017-04-01,72.5,42.24,0.66
Pithoragarh,Pithoragarh_S4,2017-05-01,115.2,44.69,0.66
Pithoragarh,Pithoragarh_S4,2017-06-01,279.0,42.44,0.66
Pithoragarh,Pithoragarh_S4,2017-07-01,398.5,53.99,0.66
Pithoragarh,Pithoragarh_S4,2017-08-01,372.2,69.18,0.66
Pithoragarh,Pithoragarh_S4,2017-09-01,243.5,59.1,0.66
Pithoragarh,Pithoragarh_S4,2017-10-01,114.6,54.59,0.66
Pithoragarh,Pithoragarh_S4,2017-11-01,52.6,46.57,0.66
Pithoragarh,Pithoragarh_S4,2017-12-01,49.2,42.41,0.66
Pithoragarh,Pithoragarh_S4,2018-01-01,47.7,40.95,0.66
Pithoragarh,Pithoragarh_S4,2018-02-01,41.2,40.33,0.66
Pithoragarh,Pithoragarh_S4,2018-03-01,53.4,42.26,0.66
Pithoragarh,Pithoragarh_S4,2018-04-01,74.7,41.98,0.66
Pithoragarh,Pithoragarh_S4,2018-05-01,124.3,41.52,0.66
Pithoragarh,Pithoragarh_S4,2018-06-01,352.6,46.58,0.66
Pithoragarh,Pithoragarh_S4,2018-07-01,395.3,64.41,0.66
Pithoragarh,Pithoragarh_S4,2018-08-01,394.0,71.94,0.66
Pithoragarh,Pithoragarh_S4,2018-09-01,262.7,68.67,0.66
Pithoragarh,Pithoragarh_S4,2018-10-01,127.7,59.81,0.66
Pithoragarh,Pithoragarh_S4,2018-11-01,58.1,45.03,0.66
Pithoragarh,Pithoragarh_S4,2018-12-01,52.2,40.22,0.66
Pithoragarh,Pithoragarh_S4,2019-01-01,38.1,40.35,0.66
Pithoragarh,Pithoragarh_S4,2019-02-01,34.8,39.47,0.66
Pithoragarh,Pithoragarh_S4,2019-03-01,54.2,37.47,0.66
Pithoragarh,Pithoragarh_S4,2019-04-01,67.3,43.4,0.66
Pithoragarh,Pithoragarh_S4,2019-05-01,97.8,43.55,0.66
Pithoragarh,Pithoragarh_S4,2019-06-01,302.8,43.2,0.66
Pithoragarh,Pithoragarh_S4,2019-07-01,396.7,60.51,0.66
Pithoragarh,Pithoragarh_S4,2019-08-01,363.5,66.06,0.66
Pithoragarh,Pithoragarh_S4,2019-09-01,254.7,65.12,0.66
Pithoragarh,Pithoragarh_S4,2019-10-01,96.1,51.25,0.66
Pithoragarh,Pithoragarh_S4,2019-11-01,50.2,43.14,0.66
Pithoragarh,Pithoragarh_S4,2019-12-01,53.1,39.99,0.66
Pithoragarh,Pithoragarh_S4,2020-01-01,31.1,41.52,0.66
Pithoragarh,Pithoragarh_S4,2020-02-01,28.9,37.42,0.66
Pithoragarh,Pithoragarh_S4,2020-03-01,40.4,33.62,0.66
Pithoragarh,Pithoragarh_S4,2020-04-01,58.9,37.09,0.66
Pithoragarh,Pithoragarh_S4,2020-05-01,89.1,40.35,0.66
Pithoragarh,Pithoragarh_S4,2020-06-01,251.9,42.71,0.66
Pithoragarh,Pithoragarh_S4,2020-07-01,332.3,58.66,0.66
Pithoragarh,Pithoragarh_S4,2020-08-01,303.7,61.5,0.66
Pithoragarh,Pithoragarh_S4,2020-09-01,195.3,57.88,0.66
Pithoragarh,Pithoragarh_S4,2020-10-01,86.6,49.8,0.66
Pithoragarh,Pithoragarh_S4,2020-11-01,41.4,44.44,0.66
Pithoragarh,Pithoragarh_S4,2020-12-01,45.0,37.73,0.66
Pithoragarh,Pithoragarh_S4,2021-01-01,34.5,38.8,0.66
Pithoragarh,Pithoragarh_S4,2021-02-01,33.7,36.2,0.66
Pithoragarh,Pithoragarh_S4,2021-03-01,47.9,40.88,0.66
Pithoragarh,Pithoragarh_S4,2021-04-01,62.6,39.9,0.66
Pithoragarh,Pithoragarh_S4,2021-05-01,90.6,38.69,0.66
Pithoragarh,Pithoragarh_S4,2021-06-01,218.7,41.78,0.66
Pithoragarh,Pithoragarh_S4,2021-07-01,328.6,52.25,0.66
Pithoragarh,Pithoragarh_S4,2021-08-01,306.5,57.84,0.66
Pithoragarh,Pithoragarh_S4,2021-09-01,201.2,55.43,0.66
Pithoragarh,Pithoragarh_S4,2021-10-01,94.6,47.91,0.66
Pithoragarh,Pithoragarh_S4,2021-11-01,49.0,42.75,0.66
Pithoragarh,Pithoragarh_S4,2021-12-01,43.1,38.11,0.66
Pithoragarh,Pithoragarh_S4,2022-01-01,32.1,37.47,0.66
Pithoragarh,Pithoragarh_S4,2022-02-01,30.5,35.02,0.66
Pithoragarh,Pithoragarh_S4,2022-03-01,41.7,37.51,0.66
Pithoragarh,Pithoragarh_S4,2022-04-01,56.9,37.76,0.66
Pithoragarh,Pithoragarh_S4,2022-05-01,85.5,38.48,0.66
Pithoragarh,Pithoragarh_S4,2022-06-01,230.4,41.43,0.66
Pithoragarh,Pithoragarh_S4,2022-07-01,327.9,52.88,0.66
Pithoragarh,Pithoragarh_S4,2022-08-01,345.5,59.65,0.66
Pithoragarh,Pithoragarh_S4,2022-09-01,189.5,60.39,0.66
Pithoragarh,Pithoragarh_S4,2022-10-01,90.7,47.39,0.66
Pithoragarh,Pithoragarh_S4,2022-11-01,37.3,39.96,0.66
Pithoragarh,Pithoragarh_S4,2022-12-01,41.4,35.45,0.66
Pithoragarh,Pithoragarh_S4,2023-01-01,39.1,36.52,0.66
Pithoragarh,Pithoragarh_S4,2023-02-01,24.6,37.47,0.66
Pithoragarh,Pithoragarh_S4,2023-03-01,59.9,34.96,0.66
Pithoragarh,Pithoragarh_S4,2023-04-01,87.4,38.94,0.66
Pithoragarh,Pithoragarh_S4,2023-05-01,95.5,38.62,0.66
Pithoragarh,Pithoragarh_S4,2023-06-01,340.0,37.67,0.66
Pithoragarh,Pithoragarh_S4,2023-07-01,324.4,60.01,0.66
Pithoragarh,Pithoragarh_S4,2023-08-01,407.4,55.17,0.66
Pithoragarh,Pithoragarh_S4,2023-09-01,246.2,59.47,0.66
Pithoragarh,Pithoragarh_S4,2023-10-01,92.3,48.27,0.66
Pithoragarh,Pithoragarh_S4,2023-11-01,58.9,41.46,0.66
Pithoragarh,Pithoragarh_S4,2023-12-01,62.1,40.92,0.66
Pithoragarh,Pithoragarh_S4,2024-01-01,35.3,37.68,0.66
Pithoragarh,Pithoragarh_S4,2024-02-01,32.6,36.21,0.66
Pithoragarh,Pithoragarh_S4,2024-03-01,43.1,38.32,0.66
Pithoragarh,Pithoragarh_S4,2024-04-01,71.2,33.68,0.66
Pithoragarh,Pithoragarh_S4,2024-05-01,115.4,42.69,0.66
Pithoragarh,Pithoragarh_S4,2024-06-01,294.4,46.89,0.66
Pithoragarh,Pithoragarh_S4,2024-07-01,312.2,46.44,0.66
Pithoragarh,Pithoragarh_S4,2024-08-01,296.6,54.56,0.66
Pithoragarh,Pithoragarh_S4,2024-09-01,204.5,51.78,0.66
Pithoragarh,Pithoragarh_S4,2024-10-01,88.3,46.88,0.66
Pithoragarh,Pithoragarh_S4,2024-11-01,50.8,38.88,0.66
Pithoragarh,Pithoragarh_S4,2024-12-01,52.2,38.67,0.66
Pithoragarh,Pithoragarh_S4,2025-01-01,26.7,37.0,0.66
Pithoragarh,Pithoragarh_S4,2025-02-01,26.3,33.85,0.66
Pithoragarh,Pithoragarh_S4,2025-03-01,36.0,35.1,0.66
Pithoragarh,Pithoragarh_S4,2025-04-01,49.6,36.92,0.66
Pithoragarh,Pithoragarh_S4,2025-05-01,63.6,34.66,0.66
Pithoragarh,Pithoragarh_S4,2025-06-01,195.7,34.62,0.66
Pithoragarh,Pithoragarh_S4,2025-07-01,276.6,51.0,0.66
Pithoragarh,Pithoragarh_S4,2025-08-01,254.7,49.99,0.66
Pithoragarh,Pithoragarh_S4,2025-09-01,168.3,49.79,0.66
Pithoragarh,Pithoragarh_S4,2025-10-01,76.9,43.52,0.66
Pithoragarh,Pithoragarh_S4,2025-11-01,36.9,39.4,0.66
Pithoragarh,Pithoragarh_S4,2025-12-01,38.6,38.85,0.66
Pithoragarh,Pithoragarh_S5,2005-01-01,21.9,51.77,0.66
Pithoragarh,Pithoragarh_S5,2005-02-01,23.5,45.0,0.66
Pithoragarh,Pithoragarh_S5,2005-03-01,38.6,45.39,0.66
Pithoragarh,Pithoragarh_S5,2005-04-01,52.8,43.19,0.66
Pithoragarh,Pithoragarh_S5,2005-05-01,78.2,50.41,0.66
Pithoragarh,Pithoragarh_S5,2005-06-01,220.3,47.81,0.66
Pithoragarh,Pithoragarh_S5,2005-07-01,237.8,67.42,0.66
Pithoragarh,Pithoragarh_S5,2005-08-01,275.6,70.02,0.66
Pithoragarh,Pithoragarh_S5,2005-09-01,159.5,66.51,0.66
Pithoragarh,Pithoragarh_S5,2005-10-01,79.9,58.56,0.66
Pithoragarh,Pithoragarh_S5,2005-11-01,33.8,47.31,0.66
Pithoragarh,Pithoragarh_S5,2005-12-01,37.8,47.85,0.66
Pithoragarh,Pithoragarh_S5,2006-01-01,36.2,45.53,0.66
Pithoragarh,Pithoragarh_S5,2006-02-01,28.9,43.98,0.66
Pithoragarh,Pithoragarh_S5,2006-03-01,49.8,45.17,0.66
Pithoragarh,Pithoragarh_S5,2006-04-01,60.5,46.45,0.66
Pithoragarh,Pithoragarh_S5,2006-05-01,103.4,47.63,0.66
Pithoragarh,Pithoragarh_S5,2006-06-01,281.6,54.47,0.66
Pithoragarh,Pithoragarh_S5,2006-07-01,402.0,64.44,0.66
Pithoragarh,Pithoragarh_S5,2006-08-01,317.2,83.91,0.66
Pithoragarh,Pithoragarh_S5,2006-09-01,231.3,65.3,0.66
Pithoragarh,Pithoragarh_S5,2006-10-01,110.2,67.65,0.66
Pithoragarh,Pithoragarh_S5,2006-11-01,43.2,49.62,0.66
Pithoragarh,Pithoragarh_S5,2006-12-01,52.1,46.55,0.66
Pithoragarh,Pithoragarh_S5,2007-01-01,35.8,46.1,0.66
Pithoragarh,Pithoragarh_S5,2007-02-01,33.1,45.04,0.66
Pithoragarh,Pithoragarh_S5,2007-03-01,59.0,47.37,0.66
Pithoragarh,Pithoragarh_S5,2007-04-01,66.2,51.25,0.66
Pithoragarh,Pithoragarh_S5,2007-05-01,108.2,51.09,0.66
Pithoragarh,Pithoragarh_S5,2007-06-01,291.9,50.64,0.66
Pithoragarh,Pithoragarh_S5,2007-07-01,425.7,67.63,0.66
Pithoragarh,Pithoragarh_S5,2007-08-01,347.7,75.07,0.66
Pithoragarh,Pithoragarh_S5,2007-09-01,224.9,67.97,0.66
Pithoragarh,Pithoragarh_S5,2007-10-01,110.7,57.68,0.66
Pithoragarh,Pithoragarh_S5,2007-11-01,59.3,50.46,0.66
Pithoragarh,Pithoragarh_S5,2007-12-01,64.9,47.85,0.66
Pithoragarh,Pithoragarh_S5,2008-01-01,25.4,43.11,0.66
Pithoragarh,Pithoragarh_S5,2008-02-01,22.6,44.23,0.66
Pithoragarh,Pithoragarh_S5,2008-03-01,40.2,47.39,0.66
Pithoragarh,Pithoragarh_S5,2008-04-01,45.8,48.0,0.66
Pithoragarh,Pithoragarh_S5,2008-05-01,70.3,44.52,0.66
Pithoragarh,Pithoragarh_S5,2008-06-01,188.8,44.49,0.66
Pithoragarh,Pithoragarh_S5,2008-07-01,270.7,58.89,0.66
Pithoragarh,Pithoragarh_S5,2008-08-01,254.0,56.82,0.66
Pithoragarh,Pithoragarh_S5,2008-09-01,167.2,66.3,0.66
Pithoragarh,Pithoragarh_S5,2008-10-01,74.3,55.0,0.66
Pithoragarh,Pithoragarh_S5,2008-11-01,33.2,52.27,0.66
Pithoragarh,Pithoragarh_S5,2008-12-01,39.3,40.62,0.66
Pithoragarh,Pithoragarh_S5,2009-01-01,34.7,46.97,0.66
Pithoragarh,Pithoragarh_S5,2009-02-01,29.9,44.25,0.66
Pithoragarh,Pithoragarh_S5,2009-03-01,41.5,43.31,0.66
Pithoragarh,Pithoragarh_S5,2009-04-01,63.3,41.85,0.66
Pithoragarh,Pithoragarh_S5,2009-05-01,105.1,48.05,0.66
Pithoragarh,Pithoragarh_S5,2009-06-01,257.2,51.71,0.66
Pithoragarh,Pithoragarh_S5,2009-07-01,343.6,67.91,0.66
Pithoragarh,Pithoragarh_S5,2009-08-01,295.4,72.8,0.66
Pithoragarh,Pithoragarh_S5,2009-09-01,235.4,63.36,0.66
Pithoragarh,Pithoragarh_S5,2009-10-01,87.4,57.33,0.66
Pithoragarh,Pithoragarh_S5,2009-11-01,44.9,44.98,0.66
Pithoragarh,Pithoragarh_S5,2009-12-01,49.8,48.09,0.66
Pithoragarh,Pithoragarh_S5,2010-01-01,25.4,43.38,0.66
Pithoragarh,Pithoragarh_S5,2010-02-01,24.2,46.31,0.66
Pithoragarh,Pithoragarh_S5,2010-03-01,37.1,44.1,0.66
Pithoragarh,Pithoragarh_S5,2010-04-01,48.2,44.68,0.66
Pithoragarh,Pithoragarh_S5,2010-05-01,68.4,44.11,0.66
Pithoragarh,Pithoragarh_S5,2010-06-01,169.0,47.9,0.66
Pithoragarh,Pithoragarh_S5,2010-07-01,251.2,54.36,0.66
Pithoragarh,Pithoragarh_S5,2010-08-01,212.9,59.8,0.66
Pithoragarh,Pithoragarh_S5,2010-09-01,155.9,59.8,0.66
Pithoragarh,Pithoragarh_S5,2010-10-01,73.7,52.78,0.66
Pithoragarh,Pithoragarh_S5,2010-11-01,38.7,44.67,0.66
Pithoragarh,Pithoragarh_S5,2010-12-01,35.7,44.99,0.66
Pithoragarh,Pithoragarh_S5,2011-01-01,35.6,43.25,0.66
Pithoragarh,Pithoragarh_S5,2011-02-01,35.0,44.39,0.66
Pithoragarh,Pithoragarh_S5,2011-03-01,56.7,42.25,0.66
Pithoragarh,Pithoragarh_S5,2011-04-01,70.6,42.19,0.66
Pithoragarh,Pithoragarh_S5,2011-05-01,111.7,49.95,0.66
Pithoragarh,Pithoragarh_S5,2011-06-01,266.8,52.96,0.66
Pithoragarh,Pithoragarh_S5,2011-07-01,372.5,64.1,0.66
Pithoragarh,Pithoragarh_S5,2011-08-01,382.9,68.34,0.66
Pithoragarh,Pithoragarh_S5,2011-09-01,253.6,69.37,0.66
Pithoragarh,Pithoragarh_S5,2011-10-01,100.7,64.3,0.66
Pithoragarh,Pithoragarh_S5,2011-11-01,57.6,47.16,0.66
Pithoragarh,Pithoragarh_S5,2011-12-01,52.3,43.15,0.66
Pithoragarh,Pithoragarh_S5,2012-01-01,35.7,48.22,0.66
Pithoragarh,Pithoragarh_S5,2012-02-01,34.2,42.64,0.66
Pithoragarh,Pithoragarh_S5,2012-03-01,51.2,46.33,0.66
Pithoragarh,Pithoragarh_S5,2012-04-01,74.0,40.79,0.66
Pithoragarh,Pithoragarh_S5,2012-05-01,90.8,46.77,0.66
Pithoragarh,Pithoragarh_S5,2012-06-01,236.4,51.7,0.66
Pithoragarh,Pithoragarh_S5,2012-07-01,332.5,58.26,0.66
Pithoragarh,Pithoragarh_S5,2012-08-01,314.3,64.73,0.66
Pithoragarh,Pithoragarh_S5,2012-09-01,169.2,60.36,0.66
Pithoragarh,Pithoragarh_S5,2012-10-01,94.6,55.59,0.66
Pithoragarh,Pithoragarh_S5,2012-11-01,46.0,45.07,0.66
Pithoragarh,Pithoragarh_S5,2012-12-01,51.1,42.84,0.66
Pithoragarh,Pithoragarh_S5,2013-01-01,32.1,40.71,0.66
Pithoragarh,Pithoragarh_S5,2013-02-01,35.3,45.12,0.66
Pithoragarh,Pithoragarh_S5,2013-03-01,53.5,44.49,0.66
Pithoragarh,Pithoragarh_S5,2013-04-01,63.2,43.35,0.66
Pithoragarh,Pithoragarh_S5,2013-05-01,97.1,41.58,0.66
Pithoragarh,Pithoragarh_S5,2013-06-01,221.5,50.27,0.66
Pithoragarh,Pithoragarh_S5,2013-07-01,338.3,55.19,0.66
Pithoragarh,Pithoragarh_S5,2013-08-01,316.9,61.54,0.66
Pithoragarh,Pithoragarh_S5,2013-09-01,220.3,57.83,0.66
Pithoragarh,Pithoragarh_S5,2013-10-01,93.4,54.12,0.66
Pithoragarh,Pithoragarh_S5,2013-11-01,48.5,42.78,0.66
Pithoragarh,Pithoragarh_S5,2013-12-01,45.6,41.31,0.66
Pithoragarh,Pithoragarh_S5,2014-01-01,33.9,43.94,0.66
Pithoragarh,Pithoragarh_S5,2014-02-01,33.9,40.65,0.66
Pithoragarh,Pithoragarh_S5,2014-03-01,49.3,42.11,0.66
Pithoragarh,Pithoragarh_S5,2014-04-01,57.5,40.96,0.66
Pithoragarh,Pithoragarh_S5,2014-05-01,93.6,43.22,0.66
Pithoragarh,Pithoragarh_S5,2014-06-01,254.0,50.17,0.66
Pithoragarh,Pithoragarh_S5,2014-07-01,349.4,56.9,0.66
Pithoragarh,Pithoragarh_S5,2014-08-01,330.2,66.33,0.66
Pithoragarh,Pithoragarh_S5,2014-09-01,237.7,58.57,0.66
Pithoragarh,Pithoragarh_S5,2014-10-01,104.9,60.76,0.66
Pithoragarh,Pithoragarh_S5,2014-11-01,45.3,45.26,0.66
Pithoragarh,Pithoragarh_S5,2014-12-01,51.9,44.01,0.66
Pithoragarh,Pithoragarh_S5,2015-01-01,32.8,42.0,0.66
Pithoragarh,Pithoragarh_S5,2015-02-01,37.5,42.02,0.66
Pithoragarh,Pithoragarh_S5,2015-03-01,51.9,42.45,0.66
Pithoragarh,Pithoragarh_S5,2015-04-01,62.2,41.16,0.66
Pithoragarh,Pithoragarh_S5,2015-05-01,109.1,45.18,0.66
Pithoragarh,Pithoragarh_S5,2015-06-01,285.5,44.54,0.66
Pithoragarh,Pithoragarh_S5,2015-07-01,378.8,61.78,0.66
Pithoragarh,Pithoragarh_S5,2015-08-01,349.7,65.09,0.66
Pithoragarh,Pithoragarh_S5,2015-09-01,214.9,65.25,0.66
Pithoragarh,Pithoragarh_S5,2015-10-01,110.4,52.74,0.66
Pithoragarh,Pithoragarh_S5,2015-11-01,52.4,46.25,0.66
Pithoragarh,Pithoragarh_S5,2015-12-01,53.3,39.52,0.66
Pithoragarh,Pithoragarh_S5,2016-01-01,30.6,42.3,0.66
Pithoragarh,Pithoragarh_S5,2016-02-01,31.3,40.13,0.66
Pithoragarh,Pithoragarh_S5,2016-03-01,41.6,38.97,0.66
Pithoragarh,Pithoragarh_S5,2016-04-01,70.5,40.66,0.66
Pithoragarh,Pithoragarh_S5,2016-05-01,91.3,43.14,0.66
Pithoragarh,Pithoragarh_S5,2016-06-01,272.6,42.98,0.66
Pithoragarh,Pithoragarh_S5,2016-07-01,381.9,57.32,0.66
Pithoragarh,Pithoragarh_S5,2016-08-01,353.4,62.39,0.66
Pithoragarh,Pithoragarh_S5,2016-09-01,198.0,70.96,0.66
Pithoragarh,Pithoragarh_S5,2016-10-01,100.6,54.76,0.66
Pithoragarh,Pithoragarh_S5,2016-11-01,57.3,45.39,0.66
Pithoragarh,Pithoragarh_S5,2016-12-01,57.5,43.98,0.66
Pithoragarh,Pithoragarh_S5,2017-01-01,37.7,37.4,0.66
Pithoragarh,Pithoragarh_S5,2017-02-01,33.8,34.89,0.66
Pithoragarh,Pithoragarh_S5,2017-03-01,58.3,38.88,0.66
Pithoragarh,Pithoragarh_S5,2017-04-01,72.5,38.57,0.66
Pithoragarh,Pithoragarh_S5,2017-05-01,115.2,41.91,0.66
Pithoragarh,Pithoragarh_S5,2017-06-01,279.0,45.94,0.66
Pithoragarh,Pithoragarh_S5,2017-07-01,398.5,60.0,0.66
Pithoragarh,Pithoragarh_S5,2017-08-01,372.2,62.24,0.66
Pithoragarh,Pithoragarh_S5,2017-09-01,243.5,65.28,0.66
Pithoragarh,Pithoragarh_S5,2017-10-01,114.6,54.62,0.66
Pithoragarh,Pithoragarh_S5,2017-11-01,52.6,45.95,0.66
Pithoragarh,Pithoragarh_S5,2017-12-01,49.2,39.57,0.66
Pithoragarh,Pithoragarh_S5,2018-01-01,47.7,43.12,0.66
Pithoragarh,Pithoragarh_S5,2018-02-01,41.2,39.97,0.66
Pithoragarh,Pithoragarh_S5,2018-03-01,53.4,43.18,0.66
Pithoragarh,Pithoragarh_S5,2018-04-01,74.7,38.89,0.66
Pithoragarh,Pithoragarh_S5,2018-05-01,124.3,43.54,0.66
Pithoragarh,Pithoragarh_S5,2018-06-01,352.6,45.36,0.66
Pithoragarh,Pithoragarh_S5,2018-07-01,395.3,60.84,0.66
Pithoragarh,Pithoragarh_S5,2018-08-01,394.0,66.9,0.66
Pithoragarh,Pithoragarh_S5,2018-09-01,262.7,63.72,0.66
Pithoragarh,Pithoragarh_S5,2018-10-01,127.7,47.86,0.66
Pithoragarh,Pithoragarh_S5,2018-11-01,58.1,38.52,0.66
Pithoragarh,Pithoragarh_S5,2018-12-01,52.2,43.03,0.66
Pithoragarh,Pithoragarh_S5,2019-01-01,38.1,42.45,0.66
Pithoragarh,Pithoragarh_S5,2019-02-01,34.8,42.62,0.66
Pithoragarh,Pithoragarh_S5,2019-03-01,54.2,38.62,0.66
Pithoragarh,Pithoragarh_S5,2019-04-01,67.3,37.41,0.66
Pithoragarh,Pithoragarh_S5,2019-05-01,97.8,40.02,0.66
Pithoragarh,Pithoragarh_S5,2019-06-01,302.8,43.02,0.66
Pithoragarh,Pithoragarh_S5,2019-07-01,396.7,54.58,0.66
Pithoragarh,Pithoragarh_S5,2019-08-01,363.5,69.33,0.66
Pithoragarh,Pithoragarh_S5,2019-09-01,254.7,68.53,0.66
Pithoragarh,Pithoragarh_S5,2019-10-01,96.1,55.16,0.66
Pithoragarh,Pithoragarh_S5,2019-11-01,50.2,42.6,0.66
Pithoragarh,Pithoragarh_S5,2019-12-01,53.1,36.79,0.66
Pithoragarh,Pithoragarh_S5,2020-01-01,31.1,42.56,0.66
Pithoragarh,Pithoragarh_S5,2020-02-01,28.9,38.05,0.66
Pithoragarh,Pithoragarh_S5,2020-03-01,40.4,37.16,0.66
Pithoragarh,Pithoragarh_S5,2020-04-01,58.9,39.4,0.66
Pithoragarh,Pithoragarh_S5,2020-05-01,89.1,38.56,0.66
Pithoragarh,Pithoragarh_S5,2020-06-01,251.9,42.1,0.66
Pithoragarh,Pithoragarh_S5,2020-07-01,332.3,49.29,0.66
Pithoragarh,Pithoragarh_S5,2020-08-01,303.7,61.86,0.66
Pithoragarh,Pithoragarh_S5,2020-09-01,195.3,56.31,0.66
Pithoragarh,Pithoragarh_S5,2020-10-01,86.6,51.83,0.66
Pithoragarh,Pithoragarh_S5,2020-11-01,41.4,40.96,0.66
Pithoragarh,Pithoragarh_S5,2020-12-01,45.0,37.93,0.66
Pithoragarh,Pithoragarh_S5,2021-01-01,34.5,36.06,0.66
Pithoragarh,Pithoragarh_S5,2021-02-01,33.7,39.05,0.66
Pithoragarh,Pithoragarh_S5,2021-03-01,47.9,35.87,0.66
Pithoragarh,Pithoragarh_S5,2021-04-01,62.6,37.52,0.66
Pithoragarh,Pithoragarh_S5,2021-05-01,90.6,39.43,0.66
Pithoragarh,Pithoragarh_S5,2021-06-01,218.7,41.56,0.66
Pithoragarh,Pithoragarh_S5,2021-07-01,328.6,45.82,0.66
Pithoragarh,Pithoragarh_S5,2021-08-01,306.5,56.94,0.66
Pithoragarh,Pithoragarh_S5,2021-09-01,201.2,58.24,0.66
Pithoragarh,Pithoragarh_S5,2021-10-01,94.6,47.8,0.66
Pithoragarh,Pithoragarh_S5,2021-11-01,49.0,40.89,0.66
Pithoragarh,Pithoragarh_S5,2021-12-01,43.1,38.49,0.66
Pithoragarh,Pithoragarh_S5,2022-01-01,32.1,37.49,0.66
Pithoragarh,Pithoragarh_S5,2022-02-01,30.5,35.03,0.66
Pithoragarh,Pithoragarh_S5,2022-03-01,41.7,36.72,0.66
Pithoragarh,Pithoragarh_S5,2022-04-01,56.9,39.37,0.66
Pithoragarh,Pithoragarh_S5,2022-05-01,85.5,36.48,0.66
Pithoragarh,Pithoragarh_S5,2022-06-01,230.4,39.64,0.66
Pithoragarh,Pithoragarh_S5,2022-07-01,327.9,46.73,0.66
Pithoragarh,Pithoragarh_S5,2022-08-01,345.5,59.43,0.66
Pithoragarh,Pithoragarh_S5,2022-09-01,189.5,57.62,0.66
Pithoragarh,Pithoragarh_S5,2022-10-01,90.7,45.25,0.66
Pithoragarh,Pithoragarh_S5,2022-11-01,37.3,40.7,0.66
Pithoragarh,Pithoragarh_S5,2022-12-01,41.4,34.64,0.66
Pithoragarh,Pithoragarh_S5,2023-01-01,39.1,35.18,0.66
Pithoragarh,Pithoragarh_S5,2023-02-01,24.6,34.2,0.66
Pithoragarh,Pithoragarh_S5,2023-03-01,59.9,33.96,0.66
Pithoragarh,Pithoragarh_S5,2023-04-01,87.4,40.8,0.66
Pithoragarh,Pithoragarh_S5,2023-05-01,95.5,38.55,0.66
Pithoragarh,Pithoragarh_S5,2023-06-01,340.0,41.46,0.66
Pithoragarh,Pithoragarh_S5,2023-07-01,324.4,54.48,0.66
Pithoragarh,Pithoragarh_S5,2023-08-01,407.4,57.86,0.66
Pithoragarh,Pithoragarh_S5,2023-09-01,246.2,58.09,0.66
Pithoragarh,Pithoragarh_S5,2023-10-01,92.3,50.49,0.66
Pithoragarh,Pithoragarh_S5,2023-11-01,58.9,40.17,0.66
Pithoragarh,Pithoragarh_S5,2023-12-01,62.1,42.19,0.66
Pithoragarh,Pithoragarh_S5,2024-01-01,35.3,39.15,0.66
Pithoragarh,Pithoragarh_S5,2024-02-01,32.6,35.06,0.66
Pithoragarh,Pithoragarh_S5,2024-03-01,43.1,37.14,0.66
Pithoragarh,Pithoragarh_S5,2024-04-01,71.2,40.47,0.66
Pithoragarh,Pithoragarh_S5,2024-05-01,115.4,35.26,0.66
Pithoragarh,Pithoragarh_S5,2024-06-01,294.4,39.53,0.66
Pithoragarh,Pithoragarh_S5,2024-07-01,312.2,52.42,0.66
Pithoragarh,Pithoragarh_S5,2024-08-01,296.6,53.03,0.66
Pithoragarh,Pithoragarh_S5,2024-09-01,204.5,52.19,0.66
Pithoragarh,Pithoragarh_S5,2024-10-01,88.3,43.88,0.66
Pithoragarh,Pithoragarh_S5,2024-11-01,50.8,42.0,0.66
Pithoragarh,Pithoragarh_S5,2024-12-01,52.2,34.12,0.66
Pithoragarh,Pithoragarh_S5,2025-01-01,26.7,36.42,0.66
Pithoragarh,Pithoragarh_S5,2025-02-01,26.3,36.9,0.66
Pithoragarh,Pithoragarh_S5,2025-03-01,36.0,34.95,0.66
Pithoragarh,Pithoragarh_S5,2025-04-01,49.6,33.86,0.66
Pithoragarh,Pithoragarh_S5,2025-05-01,63.6,33.98,0.66
Pithoragarh,Pithoragarh_S5,2025-06-01,195.7,36.89,0.66
Pithoragarh,Pithoragarh_S5,2025-07-01,276.6,44.15,0.66
Pithoragarh,Pithoragarh_S5,2025-08-01,254.7,51.62,0.66
Pithoragarh,Pithoragarh_S5,2025-09-01,168.3,46.14,0.66
Pithoragarh,Pithoragarh_S5,2025-10-01,76.9,45.73,0.66
Pithoragarh,Pithoragarh_S5,2025-11-01,36.9,38.18,0.66
Pithoragarh,Pithoragarh_S5,2025-12-01,38.6,35.66,0.66
Pithoragarh,Pithoragarh_S6,2005-01-01,21.9,58.78,0.66
Pithoragarh,Pithoragarh_S6,2005-02-01,23.5,48.96,0.66
Pithoragarh,Pithoragarh_S6,2005-03-01,38.6,49.93,0.66
Pithoragarh,Pithoragarh_S6,2005-04-01,52.8,51.53,0.66
Pithoragarh,Pithoragarh_S6,2005-05-01,78.2,50.83,0.66
Pithoragarh,Pithoragarh_S6,2005-06-01,220.3,49.74,0.66
Pithoragarh,Pithoragarh_S6,2005-07-01,237.8,66.73,0.66
Pithoragarh,Pithoragarh_S6,2005-08-01,275.6,71.46,0.66
Pithoragarh,Pithoragarh_S6,2005-09-01,159.5,74.15,0.66
Pithoragarh,Pithoragarh_S6,2005-10-01,79.9,66.4,0.66
Pithoragarh,Pithoragarh_S6,2005-11-01,33.8,60.47,0.66
Pithoragarh,Pithoragarh_S6,2005-12-01,37.8,52.61,0.66
Pithoragarh,Pithoragarh_S6,2006-01-01,36.2,54.51,0.66
Pithoragarh,Pithoragarh_S6,2006-02-01,28.9,52.7,0.66
Pithoragarh,Pithoragarh_S6,2006-03-01,49.8,54.28,0.66
Pithoragarh,Pithoragarh_S6,2006-04-01,60.5,56.67,0.66
Pithoragarh,Pithoragarh_S6,2006-05-01,103.4,55.3,0.66
Pithoragarh,Pithoragarh_S6,2006-06-01,281.6,58.68,0.66
Pithoragarh,Pithoragarh_S6,2006-07-01,402.0,72.33,0.66
Pithoragarh,Pithoragarh_S6,2006-08-01,317.2,83.92,0.66
Pithoragarh,Pithoragarh_S6,2006-09-01,231.3,74.86,0.66
Pithoragarh,Pithoragarh_S6,2006-10-01,110.2,70.24,0.66
Pithoragarh,Pithoragarh_S6,2006-11-01,43.2,54.83,0.66
Pithoragarh,Pithoragarh_S6,2006-12-01,52.1,50.15,0.66
Pithoragarh,Pithoragarh_S6,2007-01-01,35.8,45.33,0.66
Pithoragarh,Pithoragarh_S6,2007-02-01,33.1,54.1,0.66
Pithoragarh,Pithoragarh_S6,2007-03-01,59.0,48.93,0.66
Pithoragarh,Pithoragarh_S6,2007-04-01,66.2,52.95,0.66
Pithoragarh,Pithoragarh_S6,2007-05-01,108.2,56.16,0.66
Pithoragarh,Pithoragarh_S6,2007-06-01,291.9,56.94,0.66
Pithoragarh,Pithoragarh_S6,2007-07-01,425.7,77.94,0.66
Pithoragarh,Pithoragarh_S6,2007-08-01,347.7,79.46,0.66
Pithoragarh,Pithoragarh_S6,2007-09-01,224.9,86.82,0.66
Pithoragarh,Pithoragarh_S6,2007-10-01,110.7,69.91,0.66
Pithoragarh,Pithoragarh_S6,2007-11-01,59.3,56.47,0.66
Pithoragarh,Pithoragarh_S6,2007-12-01,64.9,54.82,0.66
Pithoragarh,Pithoragarh_S6,2008-01-01,25.4,48.59,0.66
Pithoragarh,Pithoragarh_S6,2008-02-01,22.6,47.28,0.66
Pithoragarh,Pithoragarh_S6,2008-03-01,40.2,51.09,0.66
Pithoragarh,Pithoragarh_S6,2008-04-01,45.8,44.56,0.66
Pithoragarh,Pithoragarh_S6,2008-05-01,70.3,50.97,0.66
Pithoragarh,Pithoragarh_S6,2008-06-01,188.8,53.06,0.66
Pithoragarh,Pithoragarh_S6,2008-07-01,270.7,68.3,0.66
Pithoragarh,Pithoragarh_S6,2008-08-01,254.0,63.9,0.66
Pithoragarh,Pithoragarh_S6,2008-09-01,167.2,73.26,0.66
Pithoragarh,Pithoragarh_S6,2008-10-01,74.3,58.3,0.66
Pithoragarh,Pithoragarh_S6,2008-11-01,33.2,50.5,0.66
Pithoragarh,Pithoragarh_S6,2008-12-01,39.3,45.01,0.66
Pithoragarh,Pithoragarh_S6,2009-01-01,34.7,45.77,0.66
Pithoragarh,Pithoragarh_S6,2009-02-01,29.9,48.89,0.66
Pithoragarh,Pithoragarh_S6,2009-03-01,41.5,44.79,0.66
Pithoragarh,Pithoragarh_S6,2009-04-01,63.3,50.17,0.66
Pithoragarh,Pithoragarh_S6,2009-05-01,105.1,48.55,0.66
Pithoragarh,Pithoragarh_S6,2009-06-01,257.2,50.55,0.66
Pithoragarh,Pithoragarh_S6,2009-07-01,343.6,65.29,0.66
Pithoragarh,Pithoragarh_S6,2009-08-01,295.4,75.76,0.66
Pithoragarh,Pithoragarh_S6,2009-09-01,235.4,69.21,0.66
Pithoragarh,Pithoragarh_S6,2009-10-01,87.4,64.95,0.66
Pithoragarh,Pithoragarh_S6,2009-11-01,44.9,53.66,0.66
Pithoragarh,Pithoragarh_S6,2009-12-01,49.8,50.68,0.66
Pithoragarh,Pithoragarh_S6,2010-01-01,25.4,47.69,0.66
Pithoragarh,Pithoragarh_S6,2010-02-01,24.2,43.84,0.66
Pithoragarh,Pithoragarh_S6,2010-03-01,37.1,46.25,0.66
Pithoragarh,Pithoragarh_S6,2010-04-01,48.2,48.23,0.66
Pithoragarh,Pithoragarh_S6,2010-05-01,68.4,44.5,0.66
Pithoragarh,Pithoragarh_S6,2010-06-01,169.0,47.46,0.66
Pithoragarh,Pithoragarh_S6,2010-07-01,251.2,56.16,0.66
Pithoragarh,Pithoragarh_S6,2010-08-01,212.9,64.54,0.66
Pithoragarh,Pithoragarh_S6,2010-09-01,155.9,59.49,0.66
Pithoragarh,Pithoragarh_S6,2010-10-01,73.7,58.88,0.66
Pithoragarh,Pithoragarh_S6,2010-11-01,38.7,45.76,0.66
Pithoragarh,Pithoragarh_S6,2010-12-01,35.7,43.0,0.66
Pithoragarh,Pithoragarh_S6,2011-01-01,35.6,45.58,0.66
Pithoragarh,Pithoragarh_S6,2011-02-01,35.0,45.87,0.66
Pithoragarh,Pithoragarh_S6,2011-03-01,56.7,42.81,0.66
Pithoragarh,Pithoragarh_S6,2011-04-01,70.6,46.48,0.66
Pithoragarh,Pithoragarh_S6,2011-05-01,111.7,48.05,0.66
Pithoragarh,Pithoragarh_S6,2011-06-01,266.8,51.4,0.66
Pithoragarh,Pithoragarh_S6,2011-07-01,372.5,65.95,0.66
Pithoragarh,Pithoragarh_S6,2011-08-01,382.9,71.82,0.66
Pithoragarh,Pithoragarh_S6,2011-09-01,253.6,80.58,0.66
Pithoragarh,Pithoragarh_S6,2011-10-01,100.7,65.62,0.66
Pithoragarh,Pithoragarh_S6,2011-11-01,57.6,49.05,0.66
Pithoragarh,Pithoragarh_S6,2011-12-01,52.3,47.65,0.66
Pithoragarh,Pithoragarh_S6,2012-01-01,35.7,47.2,0.66
Pithoragarh,Pithoragarh_S6,2012-02-01,34.2,48.21,0.66
Pithoragarh,Pithoragarh_S6,2012-03-01,51.2,43.9,0.66
Pithoragarh,Pithoragarh_S6,2012-04-01,74.0,48.39,0.66
Pithoragarh,Pithoragarh_S6,2012-05-01,90.8,48.53,0.66
Pithoragarh,Pithoragarh_S6,2012-06-01,236.4,53.47,0.66
Pithoragarh,Pithoragarh_S6,2012-07-01,332.5,65.74,0.66
Pithoragarh,Pithoragarh_S6,2012-08-01,314.3,70.3,0.66
Pithoragarh,Pithoragarh_S6,2012-09-01,169.2,67.11,0.66
Pithoragarh,Pithoragarh_S6,2012-10-01,94.6,57.35,0.66
Pithoragarh,Pithoragarh_S6,2012-11-01,46.0,49.25,0.66
Pithoragarh,Pithoragarh_S6,2012-12-01,51.1,49.45,0.66
Pithoragarh,Pithoragarh_S6,2013-01-01,32.1,46.15,0.66
Pithoragarh,Pithoragarh_S6,2013-02-01,35.3,43.43,0.66
Pithoragarh,Pithoragarh_S6,2013-03-01,53.5,43.51,0.66
Pithoragarh,Pithoragarh_S6,2013-04-01,63.2,43.16,0.66
Pithoragarh,Pithoragarh_S6,2013-05-01,97.1,47.98,0.66
Pithoragarh,Pithoragarh_S6,2013-06-01,221.5,47.34,0.66
Pithoragarh,Pithoragarh_S6,2013-07-01,338.3,62.69,0.66
Pithoragarh,Pithoragarh_S6,2013-08-01,316.9,64.38,0.66
Pithoragarh,Pithoragarh_S6,2013-09-01,220.3,67.42,0.66
Pithoragarh,Pithoragarh_S6,2013-10-01,93.4,62.45,0.66
Pithoragarh,Pithoragarh_S6,2013-11-01,48.5,43.46,0.66
Pithoragarh,Pithoragarh_S6,2013-12-01,45.6,49.53,0.66
Pithoragarh,Pithoragarh_S6,2014-01-01,33.9,43.74,0.66
Pithoragarh,Pithoragarh_S6,2014-02-01,33.9,43.99,0.66
Pithoragarh,Pithoragarh_S6,2014-03-01,49.3,44.86,0.66
Pithoragarh,Pithoragarh_S6,2014-04-01,57.5,46.41,0.66
Pithoragarh,Pithoragarh_S6,2014-05-01,93.6,46.0,0.66
Pithoragarh,Pithoragarh_S6,2014-06-01,254.0,50.6,0.66
Pithoragarh,Pithoragarh_S6,2014-07-01,349.4,62.53,0.66
Pithoragarh,Pithoragarh_S6,2014-08-01,330.2,74.5,0.66
Pithoragarh,Pithoragarh_S6,2014-09-01,237.7,68.58,0.66
Pithoragarh,Pithoragarh_S6,2014-10-01,104.9,65.2,0.66
Pithoragarh,Pithoragarh_S6,2014-11-01,45.3,50.92,0.66
Pithoragarh,Pithoragarh_S6,2014-12-01,51.9,39.96,0.66
Pithoragarh,Pithoragarh_S6,2015-01-01,32.8,50.18,0.66
Pithoragarh,Pithoragarh_S6,2015-02-01,37.5,41.57,0.66
Pithoragarh,Pithoragarh_S6,2015-03-01,51.9,46.33,0.66
Pithoragarh,Pithoragarh_S6,2015-04-01,62.2,44.24,0.66
Pithoragarh,Pithoragarh_S6,2015-05-01,109.1,47.31,0.66
Pithoragarh,Pithoragarh_S6,2015-06-01,285.5,46.87,0.66
Pithoragarh,Pithoragarh_S6,2015-07-01,378.8,64.27,0.66
Pithoragarh,Pithoragarh_S6,2015-08-01,349.7,68.66,0.66
Pithoragarh,Pithoragarh_S6,2015-09-01,214.9,72.46,0.66
Pithoragarh,Pithoragarh_S6,2015-10-01,110.4,57.75,0.66
Pithoragarh,Pithoragarh_S6,2015-11-01,52.4,50.53,0.66
Pithoragarh,Pithoragarh_S6,2015-12-01,53.3,38.96,0.66
Pithoragarh,Pithoragarh_S6,2016-01-01,30.6,43.5,0.66
Pithoragarh,Pithoragarh_S6,2016-02-01,31.3,42.72,0.66
Pithoragarh,Pithoragarh_S6,2016-03-01,41.6,42.32,0.66
Pithoragarh,Pithoragarh_S6,2016-04-01,70.5,44.63,0.66
Pithoragarh,Pithoragarh_S6,2016-05-01,91.3,43.93,0.66
Pithoragarh,Pithoragarh_S6,2016-06-01,272.6,46.41,0.66
Pithoragarh,Pithoragarh_S6,2016-07-01,381.9,63.75,0.66
Pithoragarh,Pithoragarh_S6,2016-08-01,353.4,60.71,0.66
Pithoragarh,Pithoragarh_S6,2016-09-01,198.0,68.18,0.66
Pithoragarh,Pithoragarh_S6,2016-10-01,100.6,53.3,0.66
Pithoragarh,Pithoragarh_S6,2016-11-01,57.3,44.53,0.66
Pithoragarh,Pithoragarh_S6,2016-12-01,57.5,44.0,0.66
Pithoragarh,Pithoragarh_S6,2017-01-01,37.7,45.87,0.66
Pithoragarh,Pithoragarh_S6,2017-02-01,33.8,43.81,0.66
Pithoragarh,Pithoragarh_S6,2017-03-01,58.3,41.0,0.66
Pithoragarh,Pithoragarh_S6,2017-04-01,72.5,44.97,0.66
Pithoragarh,Pithoragarh_S6,2017-05-01,115.2,46.01,0.66
Pithoragarh,Pithoragarh_S6,2017-06-01,279.0,47.06,0.66
Pithoragarh,Pithoragarh_S6,2017-07-01,398.5,57.53,0.66
Pithoragarh,Pithoragarh_S6,2017-08-01,372.2,66.36,0.66
Pithoragarh,Pithoragarh_S6,2017-09-01,243.5,69.23,0.66
Pithoragarh,Pithoragarh_S6,2017-10-01,114.6,56.53,0.66
Pithoragarh,Pithoragarh_S6,2017-11-01,52.6,44.41,0.66
Pithoragarh,Pithoragarh_S6,2017-12-01,49.2,38.58,0.66
Pithoragarh,Pithoragarh_S6,2018-01-01,47.7,43.55,0.66
Pithoragarh,Pithoragarh_S6,2018-02-01,41.2,40.5,0.66
Pithoragarh,Pithoragarh_S6,2018-03-01,53.4,41.77,0.66
Pithoragarh,Pithoragarh_S6,2018-04-01,74.7,44.53,0.66
Pithoragarh,Pithoragarh_S6,2018-05-01,124.3,40.62,0.66
Pithoragarh,Pithoragarh_S6,2018-06-01,352.6,46.98,0.66
Pithoragarh,Pithoragarh_S6,2018-07-01,395.3,63.44,0.66
Pithoragarh,Pithoragarh_S6,2018-08-01,394.0,68.33,0.66
Pithoragarh,Pithoragarh_S6,2018-09-01,262.7,71.01,0.66
Pithoragarh,Pithoragarh_S6,2018-10-01,127.7,53.26,0.66
Pithoragarh,Pithoragarh_S6,2018-11-01,58.1,48.32,0.66
Pithoragarh,Pithoragarh_S6,2018-12-01,52.2,43.93,0.66
Pithoragarh,Pithoragarh_S6,2019-01-01,38.1,40.9,0.66
Pithoragarh,Pithoragarh_S6,2019-02-01,34.8,39.9,0.66
Pithoragarh,Pithoragarh_S6,2019-03-01,54.2,40.71,0.66
Pithoragarh,Pithoragarh_S6,2019-04-01,67.3,41.95,0.66
Pithoragarh,Pithoragarh_S6,2019-05-01,97.8,43.36,0.66
Pithoragarh,Pithoragarh_S6,2019-06-01,302.8,45.55,0.66
Pithoragarh,Pithoragarh_S6,2019-07-01,396.7,56.29,0.66
Pithoragarh,Pithoragarh_S6,2019-08-01,363.5,69.22,0.66
Pithoragarh,Pithoragarh_S6,2019-09-01,254.7,67.14,0.66
Pithoragarh,Pithoragarh_S6,2019-10-01,96.1,55.95,0.66
Pithoragarh,Pithoragarh_S6,2019-11-01,50.2,40.56,0.66
Pithoragarh,Pithoragarh_S6,2019-12-01,53.1,40.21,0.66
Pithoragarh,Pithoragarh_S6,2020-01-01,31.1,40.99,0.66
Pithoragarh,Pithoragarh_S6,2020-02-01,28.9,36.72,0.66
Pithoragarh,Pithoragarh_S6,2020-03-01,40.4,38.03,0.66
Pithoragarh,Pithoragarh_S6,2020-04-01,58.9,36.72,0.66
Pithoragarh,Pithoragarh_S6,2020-05-01,89.1,42.01,0.66
Pithoragarh,Pithoragarh_S6,2020-06-01,251.9,43.23,0.66
Pithoragarh,Pithoragarh_S6,2020-07-01,332.3,49.99,0.66
Pithoragarh,Pithoragarh_S6,2020-08-01,303.7,61.21,0.66
Pithoragarh,Pithoragarh_S6,2020-09-01,195.3,57.85,0.66
Pithoragarh,Pithoragarh_S6,2020-10-01,86.6,51.48,0.66
Pithoragarh,Pithoragarh_S6,2020-11-01,41.4,41.54,0.66
Pithoragarh,Pithoragarh_S6,2020-12-01,45.0,37.53,0.66
Pithoragarh,Pithoragarh_S6,2021-01-01,34.5,37.77,0.66
Pithoragarh,Pithoragarh_S6,2021-02-01,33.7,37.45,0.66
Pithoragarh,Pithoragarh_S6,2021-03-01,47.9,38.4,0.66
Pithoragarh,Pithoragarh_S6,2021-04-01,62.6,39.61,0.66
Pithoragarh,Pithoragarh_S6,2021-05-01,90.6,39.91,0.66
Pithoragarh,Pithoragarh_S6,2021-06-01,218.7,41.31,0.66
Pithoragarh,Pithoragarh_S6,2021-07-01,328.6,50.25,0.66
Pithoragarh,Pithoragarh_S6,2021-08-01,306.5,66.18,0.66
Pithoragarh,Pithoragarh_S6,2021-09-01,201.2,54.96,0.66
Pithoragarh,Pithoragarh_S6,2021-10-01,94.6,48.31,0.66
Pithoragarh,Pithoragarh_S6,2021-11-01,49.0,49.11,0.66
Pithoragarh,Pithoragarh_S6,2021-12-01,43.1,39.73,0.66
Pithoragarh,Pithoragarh_S6,2022-01-01,32.1,35.79,0.66
Pithoragarh,Pithoragarh_S6,2022-02-01,30.5,39.2,0.66
Pithoragarh,Pithoragarh_S6,2022-03-01,41.7,35.75,0.66
Pithoragarh,Pithoragarh_S6,2022-04-01,56.9,39.91,0.66
Pithoragarh,Pithoragarh_S6,2022-05-01,85.5,38.76,0.66
Pithoragarh,Pithoragarh_S6,2022-06-01,230.4,40.18,0.66
Pithoragarh,Pithoragarh_S6,2022-07-01,327.9,55.14,0.66
Pithoragarh,Pithoragarh_S6,2022-08-01,345.5,59.32,0.66
Pithoragarh,Pithoragarh_S6,2022-09-01,189.5,61.67,0.66
Pithoragarh,Pithoragarh_S6,2022-10-01,90.7,49.04,0.66
Pithoragarh,Pithoragarh_S6,2022-11-01,37.3,40.22,0.66
Pithoragarh,Pithoragarh_S6,2022-12-01,41.4,38.55,0.66
Pithoragarh,Pithoragarh_S6,2023-01-01,39.1,39.91,0.66
Pithoragarh,Pithoragarh_S6,2023-02-01,24.6,37.67,0.66
Pithoragarh,Pithoragarh_S6,2023-03-01,59.9,39.65,0.66
Pithoragarh,Pithoragarh_S6,2023-04-01,87.4,40.37,0.66
Pithoragarh,Pithoragarh_S6,2023-05-01,95.5,40.97,0.66
Pithoragarh,Pithoragarh_S6,2023-06-01,340.0,41.54,0.66
Pithoragarh,Pithoragarh_S6,2023-07-01,324.4,57.95,0.66
Pithoragarh,Pithoragarh_S6,2023-08-01,407.4,52.88,0.66
Pithoragarh,Pithoragarh_S6,2023-09-01,246.2,61.66,0.66
Pithoragarh,Pithoragarh_S6,2023-10-01,92.3,51.52,0.66
Pithoragarh,Pithoragarh_S6,2023-11-01,58.9,39.66,0.66
Pithoragarh,Pithoragarh_S6,2023-12-01,62.1,38.83,0.66
Pithoragarh,Pithoragarh_S6,2024-01-01,35.3,38.38,0.66
Pithoragarh,Pithoragarh_S6,2024-02-01,32.6,37.9,0.66
Pithoragarh,Pithoragarh_S6,2024-03-01,43.1,37.45,0.66
Pithoragarh,Pithoragarh_S6,2024-04-01,71.2,37.21,0.66
Pithoragarh,Pithoragarh_S6,2024-05-01,115.4,36.07,0.66
Pithoragarh,Pithoragarh_S6,2024-06-01,294.4,45.34,0.66
Pithoragarh,Pithoragarh_S6,2024-07-01,312.2,53.09,0.66
Pithoragarh,Pithoragarh_S6,2024-08-01,296.6,54.35,0.66
Pithoragarh,Pithoragarh_S6,2024-09-01,204.5,52.54,0.66
Pithoragarh,Pithoragarh_S6,2024-10-01,88.3,46.11,0.66
Pithoragarh,Pithoragarh_S6,2024-11-01,50.8,42.55,0.66
Pithoragarh,Pithoragarh_S6,2024-12-01,52.2,39.52,0.66
Pithoragarh,Pithoragarh_S6,2025-01-01,26.7,37.82,0.66
Pithoragarh,Pithoragarh_S6,2025-02-01,26.3,35.07,0.66
Pithoragarh,Pithoragarh_S6,2025-03-01,36.0,36.27,0.66
Pithoragarh,Pithoragarh_S6,2025-04-01,49.6,35.9,0.66
Pithoragarh,Pithoragarh_S6,2025-05-01,63.6,36.25,0.66
Pithoragarh,Pithoragarh_S6,2025-06-01,195.7,38.1,0.66
Pithoragarh,Pithoragarh_S6,2025-07-01,276.6,45.04,0.66
Pithoragarh,Pithoragarh_S6,2025-08-01,254.7,51.91,0.66
Pithoragarh,Pithoragarh_S6,2025-09-01,168.3,50.27,0.66
Pithoragarh,Pithoragarh_S6,2025-10-01,76.9,45.39,0.66
Pithoragarh,Pithoragarh_S6,2025-11-01,36.9,36.87,0.66
Pithoragarh,Pithoragarh_S6,2025-12-01,38.6,36.65,0.66
Nainital,Nainital_S1,2005-01-01,23.9,37.69,0.55
Nainital,Nainital_S1,2005-02-01,24.0,32.86,0.55
Nainital,Nainital_S1,2005-03-01,34.4,33.3,0.55
Nainital,Nainital_S1,2005-04-01,54.2,32.49,0.55
Nainital,Nainital_S1,2005-05-01,69.3,35.78,0.55
Nainital,Nainital_S1,2005-06-01,189.3,35.48,0.55
Nainital,Nainital_S1,2005-07-01,303.3,44.56,0.55
Nainital,Nainital_S1,2005-08-01,239.1,50.59,0.55
Nainital,Nainital_S1,2005-09-01,160.4,46.69,0.55
Nainital,Nainital_S1,2005-10-01,69.1,39.35,0.55
Nainital,Nainital_S1,2005-11-01,40.1,33.58,0.55
Nainital,Nainital_S1,2005-12-01,40.1,34.73,0.55
Nainital,Nainital_S1,2006-01-01,33.6,33.66,0.55
Nainital,Nainital_S1,2006-02-01,32.4,30.47,0.55
Nainital,Nainital_S1,2006-03-01,46.3,32.23,0.55
Nainital,Nainital_S1,2006-04-01,60.2,28.84,0.55
Nainital,Nainital_S1,2006-05-01,106.6,32.54,0.55
Nainital,Nainital_S1,2006-06-01,273.5,38.04,0.55
Nainital,Nainital_S1,2006-07-01,334.7,46.31,0.55
Nainital,Nainital_S1,2006-08-01,323.2,50.56,0.55
Nainital,Nainital_S1,2006-09-01,204.4,41.95,0.55
Nainital,Nainital_S1,2006-10-01,87.9,41.08,0.55
Nainital,Nainital_S1,2006-11-01,49.0,35.19,0.55
Nainital,Nainital_S1,2006-12-01,46.7,32.85,0.55
Nainital,Nainital_S1,2007-01-01,21.9,33.4,0.55
Nainital,Nainital_S1,2007-02-01,21.7,29.94,0.55
Nainital,Nainital_S1,2007-03-01,36.2,29.91,0.55
Nainital,Nainital_S1,2007-04-01,49.4,28.88,0.55
Nainital,Nainital_S1,2007-05-01,69.3,31.32,0.55
Nainital,Nainital_S1,2007-06-01,209.2,30.69,0.55
Nainital,Nainital_S1,2007-07-01,272.0,37.28,0.55
Nainital,Nainital_S1,2007-08-01,260.0,42.29,0.55
Nainital,Nainital_S1,2007-09-01,159.2,47.17,0.55
Nainital,Nainital_S1,2007-10-01,69.9,37.21,0.55
Nainital,Nainital_S1,2007-11-01,37.6,32.65,0.55
Nainital,Nainital_S1,2007-12-01,33.5,29.51,0.55
Nainital,Nainital_S1,2008-01-01,29.0,27.27,0.55
Nainital,Nainital_S1,2008-02-01,33.6,30.98,0.55
Nainital,Nainital_S1,2008-03-01,45.7,26.55,0.55
Nainital,Nainital_S1,2008-04-01,68.0,29.55,0.55
Nainital,Nainital_S1,2008-05-01,85.6,31.52,0.55
Nainital,Nainital_S1,2008-06-01,237.2,32.91,0.55
Nainital,Nainital_S1,2008-07-01,355.3,39.73,0.55
Nainital,Nainital_S1,2008-08-01,342.8,43.54,0.55
Nainital,Nainital_S1,2008-09-01,230.9,45.19,0.55
Nainital,Nainital_S1,2008-10-01,94.4,38.98,0.55
Nainital,Nainital_S1,2008-11-01,53.9,31.29,0.55
Nainital,Nainital_S1,2008-12-01,45.9,31.6,0.55
Nainital,Nainital_S1,2009-01-01,31.2,27.8,0.55
Nainital,Nainital_S1,2009-02-01,34.9,29.1,0.55
Nainital,Nainital_S1,2009-03-01,41.2,29.02,0.55
Nainital,Nainital_S1,2009-04-01,61.5,30.45,0.55
Nainital,Nainital_S1,2009-05-01,105.1,29.91,0.55
Nainital,Nainital_S1,2009-06-01,241.9,33.75,0.55
Nainital,Nainital_S1,2009-07-01,384.3,39.68,0.55
Nainital,Nainital_S1,2009-08-01,362.3,48.89,0.55
Nainital,Nainital_S1,2009-09-01,210.8,42.99,0.55
Nainital,Nainital_S1,2009-10-01,93.5,32.93,0.55
Nainital,Nainital_S1,2009-11-01,48.7,31.93,0.55
Nainital,Nainital_S1,2009-12-01,46.8,29.4,0.55
Nainital,Nainital_S1,2010-01-01,28.8,29.26,0.55
Nainital,Nainital_S1,2010-02-01,27.9,26.79,0.55
Nainital,Nainital_S1,2010-03-01,48.6,29.42,0.55
Nainital,Nainital_S1,2010-04-01,53.8,27.77,0.55
Nainital,Nainital_S1,2010-05-01,95.2,29.23,0.55
Nainital,Nainital_S1,2010-06-01,209.4,31.69,0.55
Nainital,Nainital_S1,2010-07-01,316.0,40.01,0.55
Nainital,Nainital_S1,2010-08-01,312.6,41.8,0.55
Nainital,Nainital_S1,2010-09-01,202.4,40.78,0.55
Nainital,Nainital_S1,2010-10-01,82.8,33.43,0.55
Nainital,Nainital_S1,2010-11-01,44.7,31.95,0.55
Nainital,Nainital_S1,2010-12-01,44.3,28.12,0.55
Nainital,Nainital_S1,2011-01-01,28.0,28.05,0.55
Nainital,Nainital_S1,2011-02-01,30.6,30.62,0.55
Nainital,Nainital_S1,2011-03-01,41.5,26.98,0.55
Nainital,Nainital_S1,2011-04-01,55.7,25.28,0.55
Nainital,Nainital_S1,2011-05-01,84.3,27.43,0.55
Nainital,Nainital_S1,2011-06-01,188.3,27.69,0.55
Nainital,Nainital_S1,2011-07-01,304.0,33.75,0.55
Nainital,Nainital_S1,2011-08-01,244.8,39.52,0.55
Nainital,Nainital_S1,2011-09-01,165.1,36.06,0.55
Nainital,Nainital_S1,2011-10-01,93.8,30.63,0.55
Nainital,Nainital_S1,2011-11-01,39.2,31.48,0.55
Nainital,Nainital_S1,2011-12-01,37.6,26.67,0.55
Nainital,Nainital_S1,2012-01-01,31.4,25.82,0.55
Nainital,Nainital_S1,2012-02-01,32.8,26.69,0.55
Nainital,Nainital_S1,2012-03-01,56.1,26.32,0.55
Nainital,Nainital_S1,2012-04-01,68.3,27.18,0.55
Nainital,Nainital_S1,2012-05-01,89.3,28.28,0.55
Nainital,Nainital_S1,2012-06-01,284.0,28.51,0.55
Nainital,Nainital_S1,2012-07-01,362.3,39.28,0.55
Nainital,Nainital_S1,2012-08-01,382.0,43.39,0.55
Nainital,Nainital_S1,2012-09-01,210.4,43.02,0.55
Nainital,Nainital_S1,2012-10-01,110.6,33.63,0.55
Nainital,Nainital_S1,2012-11-01,58.3,31.17,0.55
Nainital,Nainital_S1,2012-12-01,47.5,25.65,0.55
Nainital,Nainital_S1,2013-01-01,29.0,26.18,0.55
Nainital,Nainital_S1,2013-02-01,26.2,25.2,0.55
Nainital,Nainital_S1,2013-03-01,43.2,23.73,0.55
Nainital,Nainital_S1,2013-04-01,55.3,24.21,0.55
Nainital,Nainital_S1,2013-05-01,82.8,25.29,0.55
Nainital,Nainital_S1,2013-06-01,226.2,26.34,0.55
Nainital,Nainital_S1,2013-07-01,311.5,31.39,0.55
Nainital,Nainital_S1,2013-08-01,285.3,36.64,0.55
Nainital,Nainital_S1,2013-09-01,174.3,36.98,0.55
Nainital,Nainital_S1,2013-10-01,80.7,33.03,0.55
Nainital,Nainital_S1,2013-11-01,41.8,27.23,0.55
Nainital,Nainital_S1,2013-12-01,42.1,21.37,0.55
Nainital,Nainital_S1,2014-01-01,27.8,25.28,0.55
Nainital,Nainital_S1,2014-02-01,23.2,23.08,0.55
Nainital,Nainital_S1,2014-03-01,38.3,23.99,0.55
Nainital,Nainital_S1,2014-04-01,53.0,24.08,0.55
Nainital,Nainital_S1,2014-05-01,75.7,24.48,0.55
Nainital,Nainital_S1,2014-06-01,245.0,25.57,0.55
Nainital,Nainital_S1,2014-07-01,298.5,33.49,0.55
Nainital,Nainital_S1,2014-08-01,274.7,38.33,0.55
Nainital,Nainital_S1,2014-09-01,169.3,34.67,0.55
Nainital,Nainital_S1,2014-10-01,81.2,31.34,0.55
Nainital,Nainital_S1,2014-11-01,36.7,26.77,0.55
Nainital,Nainital_S1,2014-12-01,40.1,24.23,0.55
Nainital,Nainital_S1,2015-01-01,24.4,21.43,0.55
Nainital,Nainital_S1,2015-02-01,19.8,24.01,0.55
Nainital,Nainital_S1,2015-03-01,34.0,21.95,0.55
Nainital,Nainital_S1,2015-04-01,55.7,23.87,0.55
Nainital,Nainital_S1,2015-05-01,79.7,22.79,0.55
Nainital,Nainital_S1,2015-06-01,220.4,23.49,0.55
Nainital,Nainital_S1,2015-07-01,304.6,34.31,0.55
Nainital,Nainital_S1,2015-08-01,262.7,33.24,0.55
Nainital,Nainital_S1,2015-09-01,156.1,34.81,0.55
Nainital,Nainital_S1,2015-10-01,68.6,28.24,0.55
Nainital,Nainital_S1,2015-11-01,40.8,23.59,0.55
Nainital,Nainital_S1,2015-12-01,37.6,22.74,0.55
Nainital,Nainital_S1,2016-01-01,38.7,21.11,0.55
Nainital,Nainital_S1,2016-02-01,46.1,22.55,0.55
Nainital,Nainital_S1,2016-03-01,59.0,21.59,0.55
Nainital,Nainital_S1,2016-04-01,88.2,22.86,0.55
Nainital,Nainital_S1,2016-05-01,135.8,25.66,0.55
Nainital,Nainital_S1,2016-06-01,292.7,26.86,0.55
Nainital,Nainital_S1,2016-07-01,421.3,30.79,0.55
Nainital,Nainital_S1,2016-08-01,365.6,40.36,0.55
Nainital,Nainital_S1,2016-09-01,233.5,36.18,0.55
Nainital,Nainital_S1,2016-10-01,125.9,29.58,0.55
Nainital,Nainital_S1,2016-11-01,58.8,26.66,0.55
Nainital,Nainital_S1,2016-12-01,60.0,22.56,0.55
Nainital,Nainital_S1,2017-01-01,26.8,21.41,0.55
Nainital,Nainital_S1,2017-02-01,34.7,23.22,0.55
Nainital,Nainital_S1,2017-03-01,45.8,21.5,0.55
Nainital,Nainital_S1,2017-04-01,65.5,21.84,0.55
Nainital,Nainital_S1,2017-05-01,98.9,22.23,0.55
Nainital,Nainital_S1,2017-06-01,278.9,25.45,0.55
Nainital,Nainital_S1,2017-07-01,342.7,30.66,0.55
Nainital,Nainital_S1,2017-08-01,260.8,31.42,0.55
Nainital,Nainital_S1,2017-09-01,205.2,29.51,0.55
Nainital,Nainital_S1,2017-10-01,95.8,30.01,0.55
Nainital,Nainital_S1,2017-11-01,43.2,24.52,0.55
Nainital,Nainital_S1,2017-12-01,47.7,21.03,0.55
Nainital,Nainital_S1,2018-01-01,24.5,22.89,0.55
Nainital,Nainital_S1,2018-02-01,28.9,21.17,0.55
Nainital,Nainital_S1,2018-03-01,39.3,20.25,0.55
Nainital,Nainital_S1,2018-04-01,53.1,20.71,0.55
Nainital,Nainital_S1,2018-05-01,79.2,21.73,0.55
Nainital,Nainital_S1,2018-06-01,241.1,21.44,0.55
Nainital,Nainital_S1,2018-07-01,300.7,28.85,0.55
Nainital,Nainital_S1,2018-08-01,276.0,31.63,0.55
Nainital,Nainital_S1,2018-09-01,172.0,27.53,0.55
Nainital,Nainital_S1,2018-10-01,85.3,25.57,0.55
Nainital,Nainital_S1,2018-11-01,45.6,21.94,0.55
Nainital,Nainital_S1,2018-12-01,43.3,21.69,0.55
Nainital,Nainital_S1,2019-01-01,33.5,18.59,0.55
Nainital,Nainital_S1,2019-02-01,28.5,19.65,0.55
Nainital,Nainital_S1,2019-03-01,44.6,19.3,0.55
Nainital,Nainital_S1,2019-04-01,62.9,21.32,0.55
Nainital,Nainital_S1,2019-05-01,90.4,20.96,0.55
Nainital,Nainital_S1,2019-06-01,234.1,23.99,0.55
Nainital,Nainital_S1,2019-07-01,299.2,28.45,0.55
Nainital,Nainital_S1,2019-08-01,285.4,29.37,0.55
Nainital,Nainital_S1,2019-09-01,203.7,29.71,0.55
Nainital,Nainital_S1,2019-10-01,95.4,25.65,0.55
Nainital,Nainital_S1,2019-11-01,44.9,22.82,0.55
Nainital,Nainital_S1,2019-12-01,48.3,18.55,0.55
Nainital,Nainital_S1,2020-01-01,29.5,19.12,0.55
Nainital,Nainital_S1,2020-02-01,26.8,19.6,0.55
Nainital,Nainital_S1,2020-03-01,42.9,20.17,0.55
Nainital,Nainital_S1,2020-04-01,55.1,17.4,0.55
Nainital,Nainital_S1,2020-05-01,72.2,21.33,0.55
Nainital,Nainital_S1,2020-06-01,215.3,20.4,0.55
Nainital,Nainital_S1,2020-07-01,268.8,23.42,0.55
Nainital,Nainital_S1,2020-08-01,268.8,23.61,0.55
Nainital,Nainital_S1,2020-09-01,165.7,25.57,0.55
Nainital,Nainital_S1,2020-10-01,83.8,23.75,0.55
Nainital,Nainital_S1,2020-11-01,36.3,20.6,0.55
Nainital,Nainital_S1,2020-12-01,40.7,19.44,0.55
Nainital,Nainital_S1,2021-01-01,33.8,18.43,0.55
Nainital,Nainital_S1,2021-02-01,29.6,17.61,0.55
Nainital,Nainital_S1,2021-03-01,47.3,18.05,0.55
Nainital,Nainital_S1,2021-04-01,63.9,19.05,0.55
Nainital,Nainital_S1,2021-05-01,106.2,19.79,0.55
Nainital,Nainital_S1,2021-06-01,222.1,20.21,0.55
Nainital,Nainital_S1,2021-07-01,321.1,26.31,0.55
Nainital,Nainital_S1,2021-08-01,385.6,27.78,0.55
Nainital,Nainital_S1,2021-09-01,200.2,29.56,0.55
Nainital,Nainital_S1,2021-10-01,80.2,23.51,0.55
Nainital,Nainital_S1,2021-11-01,45.0,20.86,0.55
Nainital,Nainital_S1,2021-12-01,36.8,18.36,0.55
Nainital,Nainital_S1,2022-01-01,32.0,17.51,0.55
Nainital,Nainital_S1,2022-02-01,27.9,18.74,0.55
Nainital,Nainital_S1,2022-03-01,43.4,19.61,0.55
Nainital,Nainital_S1,2022-04-01,64.5,18.4,0.55
Nainital,Nainital_S1,2022-05-01,77.5,20.06,0.55
Nainital,Nainital_S1,2022-06-01,215.0,20.29,0.55
Nainital,Nainital_S1,2022-07-01,324.5,23.3,0.55
Nainital,Nainital_S1,2022-08-01,282.4,27.81,0.55
Nainital,Nainital_S1,2022-09-01,190.7,24.54,0.55
Nainital,Nainital_S1,2022-10-01,81.0,22.74,0.55
Nainital,Nainital_S1,2022-11-01,45.8,18.52,0.55
Nainital,Nainital_S1,2022-12-01,44.5,17.49,0.55
Nainital,Nainital_S1,2023-01-01,31.9,17.09,0.55
Nainital,Nainital_S1,2023-02-01,31.9,17.02,0.55
Nainital,Nainital_S1,2023-03-01,41.6,17.68,0.55
Nainital,Nainital_S1,2023-04-01,65.3,17.39,0.55
Nainital,Nainital_S1,2023-05-01,91.7,16.54,0.55
Nainital,Nainital_S1,2023-06-01,247.8,18.37,0.55
Nainital,Nainital_S1,2023-07-01,374.2,22.43,0.55
Nainital,Nainital_S1,2023-08-01,295.8,28.8,0.55
Nainital,Nainital_S1,2023-09-01,226.1,26.39,0.55
Nainital,Nainital_S1,2023-10-01,105.0,23.63,0.55
Nainital,Nainital_S1,2023-11-01,49.9,18.48,0.55
Nainital,Nainital_S1,2023-12-01,43.4,17.57,0.55
Nainital,Nainital_S1,2024-01-01,21.2,16.68,0.55
Nainital,Nainital_S1,2024-02-01,19.7,15.37,0.55
Nainital,Nainital_S1,2024-03-01,27.5,16.8,0.55
Nainital,Nainital_S1,2024-04-01,42.6,17.08,0.55
Nainital,Nainital_S1,2024-05-01,54.4,17.65,0.55
Nainital,Nainital_S1,2024-06-01,150.6,16.66,0.55
Nainital,Nainital_S1,2024-07-01,223.4,21.45,0.55
Nainital,Nainital_S1,2024-08-01,177.5,22.0,0.55
Nainital,Nainital_S1,2024-09-01,125.6,21.69,0.55
Nainital,Nainital_S1,2024-10-01,63.6,18.78,0.55
Nainital,Nainital_S1,2024-11-01,29.7,17.03,0.55
Nainital,Nainital_S1,2024-12-01,32.2,14.14,0.55
Nainital,Nainital_S1,2025-01-01,34.0,15.87,0.55
Nainital,Nainital_S1,2025-02-01,27.6,16.2,0.55
Nainital,Nainital_S1,2025-03-01,46.4,15.55,0.55
Nainital,Nainital_S1,2025-04-01,72.0,17.86,0.55
Nainital,Nainital_S1,2025-05-01,89.2,16.18,0.55
Nainital,Nainital_S1,2025-06-01,264.4,17.17,0.55
Nainital,Nainital_S1,2025-07-01,383.3,22.05,0.55
Nainital,Nainital_S1,2025-08-01,379.2,25.99,0.55
Nainital,Nainital_S1,2025-09-01,210.4,27.9,0.55
Nainital,Nainital_S1,2025-10-01,96.6,22.78,0.55
Nainital,Nainital_S1,2025-11-01,50.7,17.01,0.55
Nainital,Nainital_S1,2025-12-01,52.3,15.58,0.55
Nainital,Nainital_S2,2005-01-01,23.9,36.38,0.55
Nainital,Nainital_S2,2005-02-01,24.0,28.51,0.55
Nainital,Nainital_S2,2005-03-01,34.4,26.58,0.55
Nainital,Nainital_S2,2005-04-01,54.2,27.18,0.55
Nainital,Nainital_S2,2005-05-01,69.3,30.37,0.55
Nainital,Nainital_S2,2005-06-01,189.3,31.73,0.55
Nainital,Nainital_S2,2005-07-01,303.3,33.7,0.55
Nainital,Nainital_S2,2005-08-01,239.1,43.21,0.55
Nainital,Nainital_S2,2005-09-01,160.4,43.41,0.55
Nainital,Nainital_S2,2005-10-01,69.1,35.23,0.55
Nainital,Nainital_S2,2005-11-01,40.1,32.65,0.55
Nainital,Nainital_S2,2005-12-01,40.1,29.6,0.55
Nainital,Nainital_S2,2006-01-01,33.6,27.03,0.55
Nainital,Nainital_S2,2006-02-01,32.4,27.72,0.55
Nainital,Nainital_S2,2006-03-01,46.3,27.8,0.55
Nainital,Nainital_S2,2006-04-01,60.2,27.29,0.55
Nainital,Nainital_S2,2006-05-01,106.6,27.91,0.55
Nainital,Nainital_S2,2006-06-01,273.5,34.17,0.55
Nainital,Nainital_S2,2006-07-01,334.7,38.8,0.55
Nainital,Nainital_S2,2006-08-01,323.2,46.37,0.55
Nainital,Nainital_S2,2006-09-01,204.4,42.29,0.55
Nainital,Nainital_S2,2006-10-01,87.9,36.62,0.55
Nainital,Nainital_S2,2006-11-01,49.0,31.12,0.55
Nainital,Nainital_S2,2006-12-01,46.7,27.25,0.55
Nainital,Nainital_S2,2007-01-01,21.9,28.67,0.55
Nainital,Nainital_S2,2007-02-01,21.7,23.75,0.55
Nainital,Nainital_S2,2007-03-01,36.2,26.95,0.55
Nainital,Nainital_S2,2007-04-01,49.4,23.71,0.55
Nainital,Nainital_S2,2007-05-01,69.3,27.35,0.55
Nainital,Nainital_S2,2007-06-01,209.2,29.86,0.55
Nainital,Nainital_S2,2007-07-01,272.0,37.01,0.55
Nainital,Nainital_S2,2007-08-01,260.0,36.54,0.55
Nainital,Nainital_S2,2007-09-01,159.2,36.09,0.55
Nainital,Nainital_S2,2007-10-01,69.9,31.82,0.55
Nainital,Nainital_S2,2007-11-01,37.6,28.47,0.55
Nainital,Nainital_S2,2007-12-01,33.5,23.77,0.55
Nainital,Nainital_S2,2008-01-01,29.0,26.14,0.55
Nainital,Nainital_S2,2008-02-01,33.6,26.25,0.55
Nainital,Nainital_S2,2008-03-01,45.7,25.63,0.55
Nainital,Nainital_S2,2008-04-01,68.0,27.23,0.55
Nainital,Nainital_S2,2008-05-01,85.6,27.9,0.55
Nainital,Nainital_S2,2008-06-01,237.2,27.63,0.55
Nainital,Nainital_S2,2008-07-01,355.3,32.5,0.55
Nainital,Nainital_S2,2008-08-01,342.8,42.11,0.55
Nainital,Nainital_S2,2008-09-01,230.9,39.11,0.55
Nainital,Nainital_S2,2008-10-01,94.4,34.31,0.55
Nainital,Nainital_S2,2008-11-01,53.9,29.07,0.55
Nainital,Nainital_S2,2008-12-01,45.9,28.15,0.55
Nainital,Nainital_S2,2009-01-01,31.2,25.75,0.55
Nainital,Nainital_S2,2009-02-01,34.9,25.69,0.55
Nainital,Nainital_S2,2009-03-01,41.2,23.29,0.55
Nainital,Nainital_S2,2009-04-01,61.5,25.64,0.55
Nainital,Nainital_S2,2009-05-01,105.1,26.17,0.55
Nainital,Nainital_S2,2009-06-01,241.9,30.03,0.55
Nainital,Nainital_S2,2009-07-01,384.3,33.93,0.55
Nainital,Nainital_S2,2009-08-01,362.3,41.18,0.55
Nainital,Nainital_S2,2009-09-01,210.8,42.63,0.55
Nainital,Nainital_S2,2009-10-01,93.5,32.89,0.55
Nainital,Nainital_S2,2009-11-01,48.7,25.78,0.55
Nainital,Nainital_S2,2009-12-01,46.8,28.26,0.55
Nainital,Nainital_S2,2010-01-01,28.8,23.54,0.55
Nainital,Nainital_S2,2010-02-01,27.9,23.87,0.55
Nainital,Nainital_S2,2010-03-01,48.6,24.24,0.55
Nainital,Nainital_S2,2010-04-01,53.8,25.07,0.55
Nainital,Nainital_S2,2010-05-01,95.2,24.67,0.55
Nainital,Nainital_S2,2010-06-01,209.4,26.53,0.55
Nainital,Nainital_S2,2010-07-01,316.0,31.68,0.55
Nainital,Nainital_S2,2010-08-01,312.6,34.88,0.55
Nainital,Nainital_S2,2010-09-01,202.4,40.61,0.55
Nainital,Nainital_S2,2010-10-01,82.8,31.08,0.55
Nainital,Nainital_S2,2010-11-01,44.7,26.55,0.55
Nainital,Nainital_S2,2010-12-01,44.3,23.54,0.55
Nainital,Nainital_S2,2011-01-01,28.0,23.42,0.55
Nainital,Nainital_S2,2011-02-01,30.6,22.5,0.55
Nainital,Nainital_S2,2011-03-01,41.5,21.28,0.55
Nainital,Nainital_S2,2011-04-01,55.7,23.31,0.55
Nainital,Nainital_S2,2011-05-01,84.3,23.58,0.55
Nainital,Nainital_S2,2011-06-01,188.3,26.77,0.55
Nainital,Nainital_S2,2011-07-01,304.0,28.12,0.55
Nainital,Nainital_S2,2011-08-01,244.8,34.02,0.55
Nainital,Nainital_S2,2011-09-01,165.1,30.81,0.55
Nainital,Nainital_S2,2011-10-01,93.8,30.65,0.55
Nainital,Nainital_S2,2011-11-01,39.2,24.22,0.55
Nainital,Nainital_S2,2011-12-01,37.6,23.45,0.55
Nainital,Nainital_S2,2012-01-01,31.4,23.77,0.55
Nainital,Nainital_S2,2012-02-01,32.8,22.16,0.55
Nainital,Nainital_S2,2012-03-01,56.1,20.78,0.55
Nainital,Nainital_S2,2012-04-01,68.3,21.68,0.55
Nainital,Nainital_S2,2012-05-01,89.3,24.74,0.55
Nainital,Nainital_S2,2012-06-01,284.0,23.02,0.55
Nainital,Nainital_S2,2012-07-01,362.3,33.61,0.55
Nainital,Nainital_S2,2012-08-01,382.0,36.47,0.55
Nainital,Nainital_S2,2012-09-01,210.4,37.7,0.55
Nainital,Nainital_S2,2012-10-01,110.6,30.18,0.55
Nainital,Nainital_S2,2012-11-01,58.3,23.93,0.55
Nainital,Nainital_S2,2012-12-01,47.5,21.67,0.55
Nainital,Nainital_S2,2013-01-01,29.0,23.04,0.55
Nainital,Nainital_S2,2013-02-01,26.2,20.72,0.55
Nainital,Nainital_S2,2013-03-01,43.2,18.29,0.55
Nainital,Nainital_S2,2013-04-01,55.3,22.56,0.55
Nainital,Nainital_S2,2013-05-01,82.8,21.14,0.55
Nainital,Nainital_S2,2013-06-01,226.2,23.93,0.55
Nainital,Nainital_S2,2013-07-01,311.5,31.36,0.55
Nainital,Nainital_S2,2013-08-01,285.3,32.82,0.55
Nainital,Nainital_S2,2013-09-01,174.3,33.17,0.55
Nainital,Nainital_S2,2013-10-01,80.7,27.09,0.55
Nainital,Nainital_S2,2013-11-01,41.8,24.75,0.55
Nainital,Nainital_S2,2013-12-01,42.1,20.13,0.55
Nainital,Nainital_S2,2014-01-01,27.8,21.19,0.55
Nainital,Nainital_S2,2014-02-01,23.2,21.24,0.55
Nainital,Nainital_S2,2014-03-01,38.3,20.1,0.55
Nainital,Nainital_S2,2014-04-01,53.0,22.04,0.55
Nainital,Nainital_S2,2014-05-01,75.7,20.91,0.55
Nainital,Nainital_S2,2014-06-01,245.0,24.53,0.55
Nainital,Nainital_S2,2014-07-01,298.5,32.06,0.55
Nainital,Nainital_S2,2014-08-01,274.7,31.49,0.55
Nainital,Nainital_S2,2014-09-01,169.3,30.83,0.55
Nainital,Nainital_S2,2014-10-01,81.2,27.22,0.55
Nainital,Nainital_S2,2014-11-01,36.7,20.79,0.55
Nainital,Nainital_S2,2014-12-01,40.1,18.93,0.55
Nainital,Nainital_S2,2015-01-01,24.4,21.61,0.55
Nainital,Nainital_S2,2015-02-01,19.8,19.92,0.55
Nainital,Nainital_S2,2015-03-01,34.0,19.19,0.55
Nainital,Nainital_S2,2015-04-01,55.7,19.91,0.55
Nainital,Nainital_S2,2015-05-01,79.7,18.22,0.55
Nainital,Nainital_S2,2015-06-01,220.4,21.35,0.55
Nainital,Nainital_S2,2015-07-01,304.6,25.94,0.55
Nainital,Nainital_S2,2015-08-01,262.7,31.52,0.55
Nainital,Nainital_S2,2015-09-01,156.1,29.83,0.55
Nainital,Nainital_S2,2015-10-01,68.6,24.93,0.55
Nainital,Nainital_S2,2015-11-01,40.8,21.2,0.55
Nainital,Nainital_S2,2015-12-01,37.6,18.19,0.55
Nainital,Nainital_S2,2016-01-01,38.7,20.06,0.55
Nainital,Nainital_S2,2016-02-01,46.1,20.07,0.55
Nainital,Nainital_S2,2016-03-01,59.0,20.91,0.55
Nainital,Nainital_S2,2016-04-01,88.2,22.24,0.55
Nainital,Nainital_S2,2016-05-01,135.8,19.35,0.55
Nainital,Nainital_S2,2016-06-01,292.7,22.42,0.55
Nainital,Nainital_S2,2016-07-01,421.3,27.6,0.55
Nainital,Nainital_S2,2016-08-01,365.6,33.66,0.55
Nainital,Nainital_S2,2016-09-01,233.5,31.21,0.55
Nainital,Nainital_S2,2016-10-01,125.9,25.89,0.55
Nainital,Nainital_S2,2016-11-01,58.8,23.28,0.55
Nainital,Nainital_S2,2016-12-01,60.0,18.52,0.55
Nainital,Nainital_S2,2017-01-01,26.8,18.56,0.55
Nainital,Nainital_S2,2017-02-01,34.7,17.37,0.55
Nainital,Nainital_S2,2017-03-01,45.8,18.2,0.55
Nainital,Nainital_S2,2017-04-01,65.5,17.72,0.55
Nainital,Nainital_S2,2017-05-01,98.9,19.49,0.55
Nainital,Nainital_S2,2017-06-01,278.9,20.51,0.55
Nainital,Nainital_S2,2017-07-01,342.7,26.03,0.55
Nainital,Nainital_S2,2017-08-01,260.8,30.59,0.55
Nainital,Nainital_S2,2017-09-01,205.2,26.2,0.55
Nainital,Nainital_S2,2017-10-01,95.8,25.5,0.55
Nainital,Nainital_S2,2017-11-01,43.2,20.05,0.55
Nainital,Nainital_S2,2017-12-01,47.7,18.3,0.55
Nainital,Nainital_S2,2018-01-01,24.5,17.9,0.55
Nainital,Nainital_S2,2018-02-01,28.9,17.54,0.55
Nainital,Nainital_S2,2018-03-01,39.3,18.27,0.55
Nainital,Nainital_S2,2018-04-01,53.1,17.58,0.55
Nainital,Nainital_S2,2018-05-01,79.2,18.85,0.55
Nainital,Nainital_S2,2018-06-01,241.1,18.45,0.55
Nainital,Nainital_S2,2018-07-01,300.7,25.72,0.55
Nainital,Nainital_S2,2018-08-01,276.0,25.99,0.55
Nainital,Nainital_S2,2018-09-01,172.0,26.93,0.55
Nainital,Nainital_S2,2018-10-01,85.3,22.24,0.55
Nainital,Nainital_S2,2018-11-01,45.6,20.59,0.55
Nainital,Nainital_S2,2018-12-01,43.3,16.7,0.55
Nainital,Nainital_S2,2019-01-01,33.5,16.29,0.55
Nainital,Nainital_S2,2019-02-01,28.5,16.67,0.55
Nainital,Nainital_S2,2019-03-01,44.6,15.8,0.55
Nainital,Nainital_S2,2019-04-01,62.9,16.26,0.55
Nainital,Nainital_S2,2019-05-01,90.4,18.58,0.55
Nainital,Nainital_S2,2019-06-01,234.1,18.88,0.55
Nainital,Nainital_S2,2019-07-01,299.2,23.06,0.55
Nainital,Nainital_S2,2019-08-01,285.4,25.22,0.55
Nainital,Nainital_S2,2019-09-01,203.7,24.43,0.55
Nainital,Nainital_S2,2019-10-01,95.4,24.25,0.55
Nainital,Nainital_S2,2019-11-01,44.9,18.07,0.55
Nainital,Nainital_S2,2019-12-01,48.3,15.91,0.55
Nainital,Nainital_S2,2020-01-01,29.5,17.78,0.55
Nainital,Nainital_S2,2020-02-01,26.8,16.25,0.55
Nainital,Nainital_S2,2020-03-01,42.9,17.95,0.55
Nainital,Nainital_S2,2020-04-01,55.1,16.32,0.55
Nainital,Nainital_S2,2020-05-01,72.2,17.83,0.55
Nainital,Nainital_S2,2020-06-01,215.3,18.55,0.55
Nainital,Nainital_S2,2020-07-01,268.8,21.57,0.55
Nainital,Nainital_S2,2020-08-01,268.8,22.91,0.55
Nainital,Nainital_S2,2020-09-01,165.7,24.6,0.55
Nainital,Nainital_S2,2020-10-01,83.8,20.94,0.55
Nainital,Nainital_S2,2020-11-01,36.3,16.45,0.55
Nainital,Nainital_S2,2020-12-01,40.7,15.22,0.55
Nainital,Nainital_S2,2021-01-01,33.8,14.16,0.55
Nainital,Nainital_S2,2021-02-01,29.6,16.43,0.55
Nainital,Nainital_S2,2021-03-01,47.3,15.56,0.55
Nainital,Nainital_S2,2021-04-01,63.9,16.14,0.55
Nainital,Nainital_S2,2021-05-01,106.2,15.33,0.55
Nainital,Nainital_S2,2021-06-01,222.1,17.01,0.55
Nainital,Nainital_S2,2021-07-01,321.1,21.02,0.55
Nainital,Nainital_S2,2021-08-01,385.6,23.7,0.55
Nainital,Nainital_S2,2021-09-01,200.2,26.58,0.55
Nainital,Nainital_S2,2021-10-01,80.2,21.26,0.55
Nainital,Nainital_S2,2021-11-01,45.0,18.85,0.55
Nainital,Nainital_S2,2021-12-01,36.8,15.78,0.55
Nainital,Nainital_S2,2022-01-01,32.0,16.36,0.55
Nainital,Nainital_S2,2022-02-01,27.9,14.67,0.55
Nainital,Nainital_S2,2022-03-01,43.4,13.87,0.55
Nainital,Nainital_S2,2022-04-01,64.5,15.28,0.55
Nainital,Nainital_S2,2022-05-01,77.5,14.85,0.55
Nainital,Nainital_S2,2022-06-01,215.0,16.49,0.55
Nainital,Nainital_S2,2022-07-01,324.5,19.72,0.55
Nainital,Nainital_S2,2022-08-01,282.4,21.4,0.55
Nainital,Nainital_S2,2022-09-01,190.7,24.33,0.55
Nainital,Nainital_S2,2022-10-01,81.0,19.09,0.55
Nainital,Nainital_S2,2022-11-01,45.8,14.99,0.55
Nainital,Nainital_S2,2022-12-01,44.5,15.92,0.55
Nainital,Nainital_S2,2023-01-01,31.9,14.6,0.55
Nainital,Nainital_S2,2023-02-01,31.9,15.54,0.55
Nainital,Nainital_S2,2023-03-01,41.6,14.15,0.55
Nainital,Nainital_S2,2023-04-01,65.3,14.52,0.55
Nainital,Nainital_S2,2023-05-01,91.7,15.83,0.55
Nainital,Nainital_S2,2023-06-01,247.8,16.75,0.55
Nainital,Nainital_S2,2023-07-01,374.2,21.5,0.55
Nainital,Nainital_S2,2023-08-01,295.8,24.15,0.55
Nainital,Nainital_S2,2023-09-01,226.1,22.52,0.55
Nainital,Nainital_S2,2023-10-01,105.0,20.63,0.55
Nainital,Nainital_S2,2023-11-01,49.9,16.56,0.55
Nainital,Nainital_S2,2023-12-01,43.4,14.68,0.55
Nainital,Nainital_S2,2024-01-01,21.2,13.5,0.55
Nainital,Nainital_S2,2024-02-01,19.7,14.3,0.55
Nainital,Nainital_S2,2024-03-01,27.5,13.83,0.55
Nainital,Nainital_S2,2024-04-01,42.6,13.69,0.55
Nainital,Nainital_S2,2024-05-01,54.4,15.27,0.55
Nainital,Nainital_S2,2024-06-01,150.6,13.59,0.55
Nainital,Nainital_S2,2024-07-01,223.4,18.67,0.55
Nainital,Nainital_S2,2024-08-01,177.5,19.18,0.55
Nainital,Nainital_S2,2024-09-01,125.6,18.16,0.55
Nainital,Nainital_S2,2024-10-01,63.6,16.08,0.55
Nainital,Nainital_S2,2024-11-01,29.7,13.43,0.55
Nainital,Nainital_S2,2024-12-01,32.2,13.59,0.55
Nainital,Nainital_S2,2025-01-01,34.0,13.94,0.55
Nainital,Nainital_S2,2025-02-01,27.6,14.18,0.55
Nainital,Nainital_S2,2025-03-01,46.4,13.37,0.55
Nainital,Nainital_S2,2025-04-01,72.0,12.43,0.55
Nainital,Nainital_S2,2025-05-01,89.2,13.48,0.55
Nainital,Nainital_S2,2025-06-01,264.4,16.56,0.55
Nainital,Nainital_S2,2025-07-01,383.3,18.56,0.55
Nainital,Nainital_S2,2025-08-01,379.2,24.35,0.55
Nainital,Nainital_S2,2025-09-01,210.4,21.5,0.55
Nainital,Nainital_S2,2025-10-01,96.6,17.86,0.55
Nainital,Nainital_S2,2025-11-01,50.7,15.45,0.55
Nainital,Nainital_S2,2025-12-01,52.3,13.17,0.55
Nainital,Nainital_S3,2005-01-01,23.9,48.74,0.55
Nainital,Nainital_S3,2005-02-01,24.0,39.13,0.55
Nainital,Nainital_S3,2005-03-01,34.4,40.87,0.55
Nainital,Nainital_S3,2005-04-01,54.2,43.47,0.55
Nainital,Nainital_S3,2005-05-01,69.3,41.48,0.55
Nainital,Nainital_S3,2005-06-01,189.3,46.55,0.55
Nainital,Nainital_S3,2005-07-01,303.3,50.58,0.55
Nainital,Nainital_S3,2005-08-01,239.1,63.34,0.55
Nainital,Nainital_S3,2005-09-01,160.4,57.19,0.55
Nainital,Nainital_S3,2005-10-01,69.1,46.89,0.55
Nainital,Nainital_S3,2005-11-01,40.1,42.74,0.55
Nainital,Nainital_S3,2005-12-01,40.1,39.94,0.55
Nainital,Nainital_S3,2006-01-01,33.6,38.13,0.55
Nainital,Nainital_S3,2006-02-01,32.4,39.92,0.55
Nainital,Nainital_S3,2006-03-01,46.3,39.31,0.55
Nainital,Nainital_S3,2006-04-01,60.2,39.85,0.55
Nainital,Nainital_S3,2006-05-01,106.6,40.83,0.55
Nainital,Nainital_S3,2006-06-01,273.5,44.22,0.55
Nainital,Nainital_S3,2006-07-01,334.7,56.0,0.55
Nainital,Nainital_S3,2006-08-01,323.2,62.0,0.55
Nainital,Nainital_S3,2006-09-01,204.4,58.59,0.55
Nainital,Nainital_S3,2006-10-01,87.9,58.2,0.55
Nainital,Nainital_S3,2006-11-01,49.0,39.45,0.55
Nainital,Nainital_S3,2006-12-01,46.7,38.25,0.55
Nainital,Nainital_S3,2007-01-01,21.9,38.14,0.55
Nainital,Nainital_S3,2007-02-01,21.7,40.96,0.55
Nainital,Nainital_S3,2007-03-01,36.2,34.61,0.55
Nainital,Nainital_S3,2007-04-01,49.4,38.85,0.55
Nainital,Nainital_S3,2007-05-01,69.3,39.41,0.55
Nainital,Nainital_S3,2007-06-01,209.2,40.99,0.55
Nainital,Nainital_S3,2007-07-01,272.0,53.7,0.55
Nainital,Nainital_S3,2007-08-01,260.0,58.44,0.55
Nainital,Nainital_S3,2007-09-01,159.2,52.85,0.55
Nainital,Nainital_S3,2007-10-01,69.9,46.97,0.55
Nainital,Nainital_S3,2007-11-01,37.6,36.13,0.55
Nainital,Nainital_S3,2007-12-01,33.5,37.57,0.55
Nainital,Nainital_S3,2008-01-01,29.0,35.52,0.55
Nainital,Nainital_S3,2008-02-01,33.6,36.23,0.55
Nainital,Nainital_S3,2008-03-01,45.7,33.71,0.55
Nainital,Nainital_S3,2008-04-01,68.0,38.36,0.55
Nainital,Nainital_S3,2008-05-01,85.6,35.79,0.55
Nainital,Nainital_S3,2008-06-01,237.2,40.58,0.55
Nainital,Nainital_S3,2008-07-01,355.3,47.94,0.55
Nainital,Nainital_S3,2008-08-01,342.8,56.89,0.55
Nainital,Nainital_S3,2008-09-01,230.9,61.73,0.55
Nainital,Nainital_S3,2008-10-01,94.4,51.71,0.55
Nainital,Nainital_S3,2008-11-01,53.9,42.71,0.55
Nainital,Nainital_S3,2008-12-01,45.9,40.34,0.55
Nainital,Nainital_S3,2009-01-01,31.2,35.34,0.55
Nainital,Nainital_S3,2009-02-01,34.9,38.3,0.55
Nainital,Nainital_S3,2009-03-01,41.2,33.17,0.55
Nainital,Nainital_S3,2009-04-01,61.5,37.5,0.55
Nainital,Nainital_S3,2009-05-01,105.1,36.55,0.55
Nainital,Nainital_S3,2009-06-01,241.9,38.55,0.55
Nainital,Nainital_S3,2009-07-01,384.3,51.4,0.55
Nainital,Nainital_S3,2009-08-01,362.3,62.46,0.55
Nainital,Nainital_S3,2009-09-01,210.8,60.62,0.55
Nainital,Nainital_S3,2009-10-01,93.5,47.84,0.55
Nainital,Nainital_S3,2009-11-01,48.7,39.38,0.55
Nainital,Nainital_S3,2009-12-01,46.8,36.89,0.55
Nainital,Nainital_S3,2010-01-01,28.8,36.26,0.55
Nainital,Nainital_S3,2010-02-01,27.9,35.32,0.55
Nainital,Nainital_S3,2010-03-01,48.6,34.59,0.55
Nainital,Nainital_S3,2010-04-01,53.8,37.07,0.55
Nainital,Nainital_S3,2010-05-01,95.2,32.92,0.55
Nainital,Nainital_S3,2010-06-01,209.4,38.3,0.55
Nainital,Nainital_S3,2010-07-01,316.0,42.98,0.55
Nainital,Nainital_S3,2010-08-01,312.6,53.98,0.55
Nainital,Nainital_S3,2010-09-01,202.4,57.23,0.55
Nainital,Nainital_S3,2010-10-01,82.8,44.28,0.55
Nainital,Nainital_S3,2010-11-01,44.7,37.47,0.55
Nainital,Nainital_S3,2010-12-01,44.3,35.9,0.55
Nainital,Nainital_S3,2011-01-01,28.0,30.91,0.55
Nainital,Nainital_S3,2011-02-01,30.6,32.44,0.55
Nainital,Nainital_S3,2011-03-01,41.5,34.01,0.55
Nainital,Nainital_S3,2011-04-01,55.7,29.1,0.55
Nainital,Nainital_S3,2011-05-01,84.3,33.18,0.55
Nainital,Nainital_S3,2011-06-01,188.3,38.69,0.55
Nainital,Nainital_S3,2011-07-01,304.0,45.58,0.55
Nainital,Nainital_S3,2011-08-01,244.8,51.81,0.55
Nainital,Nainital_S3,2011-09-01,165.1,48.94,0.55
Nainital,Nainital_S3,2011-10-01,93.8,42.01,0.55
Nainital,Nainital_S3,2011-11-01,39.2,37.85,0.55
Nainital,Nainital_S3,2011-12-01,37.6,32.67,0.55
Nainital,Nainital_S3,2012-01-01,31.4,33.2,0.55
Nainital,Nainital_S3,2012-02-01,32.8,31.5,0.55
Nainital,Nainital_S3,2012-03-01,56.1,34.59,0.55
Nainital,Nainital_S3,2012-04-01,68.3,36.53,0.55
Nainital,Nainital_S3,2012-05-01,89.3,37.03,0.55
Nainital,Nainital_S3,2012-06-01,284.0,35.16,0.55
Nainital,Nainital_S3,2012-07-01,362.3,45.89,0.55
Nainital,Nainital_S3,2012-08-01,382.0,56.42,0.55
Nainital,Nainital_S3,2012-09-01,210.4,55.63,0.55
Nainital,Nainital_S3,2012-10-01,110.6,43.89,0.55
Nainital,Nainital_S3,2012-11-01,58.3,35.62,0.55
Nainital,Nainital_S3,2012-12-01,47.5,34.11,0.55
Nainital,Nainital_S3,2013-01-01,29.0,30.87,0.55
Nainital,Nainital_S3,2013-02-01,26.2,32.4,0.55
Nainital,Nainital_S3,2013-03-01,43.2,33.3,0.55
Nainital,Nainital_S3,2013-04-01,55.3,34.74,0.55
Nainital,Nainital_S3,2013-05-01,82.8,33.96,0.55
Nainital,Nainital_S3,2013-06-01,226.2,32.04,0.55
Nainital,Nainital_S3,2013-07-01,311.5,43.6,0.55
Nainital,Nainital_S3,2013-08-01,285.3,53.49,0.55
Nainital,Nainital_S3,2013-09-01,174.3,44.56,0.55
Nainital,Nainital_S3,2013-10-01,80.7,39.55,0.55
Nainital,Nainital_S3,2013-11-01,41.8,36.25,0.55
Nainital,Nainital_S3,2013-12-01,42.1,32.37,0.55
Nainital,Nainital_S3,2014-01-01,27.8,35.22,0.55
Nainital,Nainital_S3,2014-02-01,23.2,29.27,0.55
Nainital,Nainital_S3,2014-03-01,38.3,28.54,0.55
Nainital,Nainital_S3,2014-04-01,53.0,32.75,0.55
Nainital,Nainital_S3,2014-05-01,75.7,29.78,0.55
Nainital,Nainital_S3,2014-06-01,245.0,32.63,0.55
Nainital,Nainital_S3,2014-07-01,298.5,42.87,0.55
Nainital,Nainital_S3,2014-08-01,274.7,48.48,0.55
Nainital,Nainital_S3,2014-09-01,169.3,45.93,0.55
Nainital,Nainital_S3,2014-10-01,81.2,39.06,0.55
Nainital,Nainital_S3,2014-11-01,36.7,32.2,0.55
Nainital,Nainital_S3,2014-12-01,40.1,31.98,0.55
Nainital,Nainital_S3,2015-01-01,24.4,36.37,0.55
Nainital,Nainital_S3,2015-02-01,19.8,30.29,0.55
Nainital,Nainital_S3,2015-03-01,34.0,29.08,0.55
Nainital,Nainital_S3,2015-04-01,55.7,27.76,0.55
Nainital,Nainital_S3,2015-05-01,79.7,29.9,0.55
Nainital,Nainital_S3,2015-06-01,220.4,31.86,0.55
Nainital,Nainital_S3,2015-07-01,304.6,39.21,0.55
Nainital,Nainital_S3,2015-08-01,262.7,45.03,0.55
Nainital,Nainital_S3,2015-09-01,156.1,46.31,0.55
Nainital,Nainital_S3,2015-10-01,68.6,38.54,0.55
Nainital,Nainital_S3,2015-11-01,40.8,30.91,0.55
Nainital,Nainital_S3,2015-12-01,37.6,27.7,0.55
Nainital,Nainital_S3,2016-01-01,38.7,31.18,0.55
Nainital,Nainital_S3,2016-02-01,46.1,29.14,0.55
Nainital,Nainital_S3,2016-03-01,59.0,27.01,0.55
Nainital,Nainital_S3,2016-04-01,88.2,31.3,0.55
Nainital,Nainital_S3,2016-05-01,135.8,33.43,0.55
Nainital,Nainital_S3,2016-06-01,292.7,30.23,0.55
Nainital,Nainital_S3,2016-07-01,421.3,41.38,0.55
Nainital,Nainital_S3,2016-08-01,365.6,49.99,0.55
Nainital,Nainital_S3,2016-09-01,233.5,48.75,0.55
Nainital,Nainital_S3,2016-10-01,125.9,38.5,0.55
Nainital,Nainital_S3,2016-11-01,58.8,32.03,0.55
Nainital,Nainital_S3,2016-12-01,60.0,30.68,0.55
Nainital,Nainital_S3,2017-01-01,26.8,28.9,0.55
Nainital,Nainital_S3,2017-02-01,34.7,28.43,0.55
Nainital,Nainital_S3,2017-03-01,45.8,26.48,0.55
Nainital,Nainital_S3,2017-04-01,65.5,26.65,0.55
Nainital,Nainital_S3,2017-05-01,98.9,30.71,0.55
Nainital,Nainital_S3,2017-06-01,278.9,31.75,0.55
Nainital,Nainital_S3,2017-07-01,342.7,43.0,0.55
Nainital,Nainital_S3,2017-08-01,260.8,43.3,0.55
Nainital,Nainital_S3,2017-09-01,205.2,38.33,0.55
Nainital,Nainital_S3,2017-10-01,95.8,39.3,0.55
Nainital,Nainital_S3,2017-11-01,43.2,28.44,0.55
Nainital,Nainital_S3,2017-12-01,47.7,29.62,0.55
Nainital,Nainital_S3,2018-01-01,24.5,29.89,0.55
Nainital,Nainital_S3,2018-02-01,28.9,27.87,0.55
Nainital,Nainital_S3,2018-03-01,39.3,25.97,0.55
Nainital,Nainital_S3,2018-04-01,53.1,26.26,0.55
Nainital,Nainital_S3,2018-05-01,79.2,27.75,0.55
Nainital,Nainital_S3,2018-06-01,241.1,27.46,0.55
Nainital,Nainital_S3,2018-07-01,300.7,36.05,0.55
Nainital,Nainital_S3,2018-08-01,276.0,42.25,0.55
Nainital,Nainital_S3,2018-09-01,172.0,40.8,0.55
Nainital,Nainital_S3,2018-10-01,85.3,32.17,0.55
Nainital,Nainital_S3,2018-11-01,45.6,30.31,0.55
Nainital,Nainital_S3,2018-12-01,43.3,27.78,0.55
Nainital,Nainital_S3,2019-01-01,33.5,29.01,0.55
Nainital,Nainital_S3,2019-02-01,28.5,27.15,0.55
Nainital,Nainital_S3,2019-03-01,44.6,27.44,0.55
Nainital,Nainital_S3,2019-04-01,62.9,27.48,0.55
Nainital,Nainital_S3,2019-05-01,90.4,29.07,0.55
Nainital,Nainital_S3,2019-06-01,234.1,27.19,0.55
Nainital,Nainital_S3,2019-07-01,299.2,36.15,0.55
Nainital,Nainital_S3,2019-08-01,285.4,39.54,0.55
Nainital,Nainital_S3,2019-09-01,203.7,38.34,0.55
Nainital,Nainital_S3,2019-10-01,95.4,35.31,0.55
Nainital,Nainital_S3,2019-11-01,44.9,29.87,0.55
Nainital,Nainital_S3,2019-12-01,48.3,26.83,0.55
Nainital,Nainital_S3,2020-01-01,29.5,26.18,0.55
Nainital,Nainital_S3,2020-02-01,26.8,24.46,0.55
Nainital,Nainital_S3,2020-03-01,42.9,26.58,0.55
Nainital,Nainital_S3,2020-04-01,55.1,26.4,0.55
Nainital,Nainital_S3,2020-05-01,72.2,25.14,0.55
Nainital,Nainital_S3,2020-06-01,215.3,27.01,0.55
Nainital,Nainital_S3,2020-07-01,268.8,31.35,0.55
Nainital,Nainital_S3,2020-08-01,268.8,36.98,0.55
Nainital,Nainital_S3,2020-09-01,165.7,36.46,0.55
Nainital,Nainital_S3,2020-10-01,83.8,30.72,0.55
Nainital,Nainital_S3,2020-11-01,36.3,29.69,0.55
Nainital,Nainital_S3,2020-12-01,40.7,23.65,0.55
Nainital,Nainital_S3,2021-01-01,33.8,26.14,0.55
Nainital,Nainital_S3,2021-02-01,29.6,27.56,0.55
Nainital,Nainital_S3,2021-03-01,47.3,25.9,0.55
Nainital,Nainital_S3,2021-04-01,63.9,25.34,0.55
Nainital,Nainital_S3,2021-05-01,106.2,24.64,0.55
Nainital,Nainital_S3,2021-06-01,222.1,26.19,0.55
Nainital,Nainital_S3,2021-07-01,321.1,32.95,0.55
Nainital,Nainital_S3,2021-08-01,385.6,37.02,0.55
Nainital,Nainital_S3,2021-09-01,200.2,39.85,0.55
Nainital,Nainital_S3,2021-10-01,80.2,31.81,0.55
Nainital,Nainital_S3,2021-11-01,45.0,26.37,0.55
Nainital,Nainital_S3,2021-12-01,36.8,25.36,0.55
Nainital,Nainital_S3,2022-01-01,32.0,22.8,0.55
Nainital,Nainital_S3,2022-02-01,27.9,23.2,0.55
Nainital,Nainital_S3,2022-03-01,43.4,23.57,0.55
Nainital,Nainital_S3,2022-04-01,64.5,24.19,0.55
Nainital,Nainital_S3,2022-05-01,77.5,27.7,0.55
Nainital,Nainital_S3,2022-06-01,215.0,26.22,0.55
Nainital,Nainital_S3,2022-07-01,324.5,29.69,0.55
Nainital,Nainital_S3,2022-08-01,282.4,38.13,0.55
Nainital,Nainital_S3,2022-09-01,190.7,36.25,0.55
Nainital,Nainital_S3,2022-10-01,81.0,30.73,0.55
Nainital,Nainital_S3,2022-11-01,45.8,24.19,0.55
Nainital,Nainital_S3,2022-12-01,44.5,26.17,0.55
Nainital,Nainital_S3,2023-01-01,31.9,22.65,0.55
Nainital,Nainital_S3,2023-02-01,31.9,24.06,0.55
Nainital,Nainital_S3,2023-03-01,41.6,23.47,0.55
Nainital,Nainital_S3,2023-04-01,65.3,24.33,0.55
Nainital,Nainital_S3,2023-05-01,91.7,26.74,0.55
Nainital,Nainital_S3,2023-06-01,247.8,26.51,0.55
Nainital,Nainital_S3,2023-07-01,374.2,31.91,0.55
Nainital,Nainital_S3,2023-08-01,295.8,40.61,0.55
Nainital,Nainital_S3,2023-09-01,226.1,33.73,0.55
Nainital,Nainital_S3,2023-10-01,105.0,31.85,0.55
Nainital,Nainital_S3,2023-11-01,49.9,24.38,0.55
Nainital,Nainital_S3,2023-12-01,43.4,22.3,0.55
Nainital,Nainital_S3,2024-01-01,21.2,23.23,0.55
Nainital,Nainital_S3,2024-02-01,19.7,22.52,0.55
Nainital,Nainital_S3,2024-03-01,27.5,20.12,0.55
Nainital,Nainital_S3,2024-04-01,42.6,22.84,0.55
Nainital,Nainital_S3,2024-05-01,54.4,21.96,0.55
Nainital,Nainital_S3,2024-06-01,150.6,24.86,0.55
Nainital,Nainital_S3,2024-07-01,223.4,27.07,0.55
Nainital,Nainital_S3,2024-08-01,177.5,28.96,0.55
Nainital,Nainital_S3,2024-09-01,125.6,28.7,0.55
Nainital,Nainital_S3,2024-10-01,63.6,25.04,0.55
Nainital,Nainital_S3,2024-11-01,29.7,24.96,0.55
Nainital,Nainital_S3,2024-12-01,32.2,21.93,0.55
Nainital,Nainital_S3,2025-01-01,34.0,21.82,0.55
Nainital,Nainital_S3,2025-02-01,27.6,22.66,0.55
Nainital,Nainital_S3,2025-03-01,46.4,20.58,0.55
Nainital,Nainital_S3,2025-04-01,72.0,20.98,0.55
Nainital,Nainital_S3,2025-05-01,89.2,23.96,0.55
Nainital,Nainital_S3,2025-06-01,264.4,22.83,0.55
Nainital,Nainital_S3,2025-07-01,383.3,29.86,0.55
Nainital,Nainital_S3,2025-08-01,379.2,38.13,0.55
Nainital,Nainital_S3,2025-09-01,210.4,37.28,0.55
Nainital,Nainital_S3,2025-10-01,96.6,27.24,0.55
Nainital,Nainital_S3,2025-11-01,50.7,23.41,0.55
Nainital,Nainital_S3,2025-12-01,52.3,21.16,0.55
Nainital,Nainital_S4,2005-01-01,23.9,47.51,0.55
Nainital,Nainital_S4,2005-02-01,24.0,41.54,0.55
Nainital,Nainital_S4,2005-03-01,34.4,37.54,0.55
Nainital,Nainital_S4,2005-04-01,54.2,39.61,0.55
Nainital,Nainital_S4,2005-05-01,69.3,42.68,0.55
Nainital,Nainital_S4,2005-06-01,189.3,44.54,0.55
Nainital,Nainital_S4,2005-07-01,303.3,52.76,0.55
Nainital,Nainital_S4,2005-08-01,239.1,62.73,0.55
Nainital,Nainital_S4,2005-09-01,160.4,56.89,0.55
Nainital,Nainital_S4,2005-10-01,69.1,49.85,0.55
Nainital,Nainital_S4,2005-11-01,40.1,42.26,0.55
Nainital,Nainital_S4,2005-12-01,40.1,39.62,0.55
Nainital,Nainital_S4,2006-01-01,33.6,40.83,0.55
Nainital,Nainital_S4,2006-02-01,32.4,40.55,0.55
Nainital,Nainital_S4,2006-03-01,46.3,39.91,0.55
Nainital,Nainital_S4,2006-04-01,60.2,38.1,0.55
Nainital,Nainital_S4,2006-05-01,106.6,39.38,0.55
Nainital,Nainital_S4,2006-06-01,273.5,45.82,0.55
Nainital,Nainital_S4,2006-07-01,334.7,61.92,0.55
Nainital,Nainital_S4,2006-08-01,323.2,62.69,0.55
Nainital,Nainital_S4,2006-09-01,204.4,59.89,0.55
Nainital,Nainital_S4,2006-10-01,87.9,52.46,0.55
Nainital,Nainital_S4,2006-11-01,49.0,40.4,0.55
Nainital,Nainital_S4,2006-12-01,46.7,42.35,0.55
Nainital,Nainital_S4,2007-01-01,21.9,39.83,0.55
Nainital,Nainital_S4,2007-02-01,21.7,36.21,0.55
Nainital,Nainital_S4,2007-03-01,36.2,37.03,0.55
Nainital,Nainital_S4,2007-04-01,49.4,37.31,0.55
Nainital,Nainital_S4,2007-05-01,69.3,41.76,0.55
Nainital,Nainital_S4,2007-06-01,209.2,40.16,0.55
Nainital,Nainital_S4,2007-07-01,272.0,51.27,0.55
Nainital,Nainital_S4,2007-08-01,260.0,56.98,0.55
Nainital,Nainital_S4,2007-09-01,159.2,52.33,0.55
Nainital,Nainital_S4,2007-10-01,69.9,47.19,0.55
Nainital,Nainital_S4,2007-11-01,37.6,40.56,0.55
Nainital,Nainital_S4,2007-12-01,33.5,34.61,0.55
Nainital,Nainital_S4,2008-01-01,29.0,37.59,0.55
Nainital,Nainital_S4,2008-02-01,33.6,36.59,0.55
Nainital,Nainital_S4,2008-03-01,45.7,37.15,0.55
Nainital,Nainital_S4,2008-04-01,68.0,37.75,0.55
Nainital,Nainital_S4,2008-05-01,85.6,39.69,0.55
Nainital,Nainital_S4,2008-06-01,237.2,43.03,0.55
Nainital,Nainital_S4,2008-07-01,355.3,48.1,0.55
Nainital,Nainital_S4,2008-08-01,342.8,58.42,0.55
Nainital,Nainital_S4,2008-09-01,230.9,60.32,0.55
Nainital,Nainital_S4,2008-10-01,94.4,51.43,0.55
Nainital,Nainital_S4,2008-11-01,53.9,41.29,0.55
Nainital,Nainital_S4,2008-12-01,45.9,42.52,0.55
Nainital,Nainital_S4,2009-01-01,31.2,37.83,0.55
Nainital,Nainital_S4,2009-02-01,34.9,37.57,0.55
Nainital,Nainital_S4,2009-03-01,41.2,35.16,0.55
Nainital,Nainital_S4,2009-04-01,61.5,34.26,0.55
Nainital,Nainital_S4,2009-05-01,105.1,36.77,0.55
Nainital,Nainital_S4,2009-06-01,241.9,41.72,0.55
Nainital,Nainital_S4,2009-07-01,384.3,50.67,0.55
Nainital,Nainital_S4,2009-08-01,362.3,60.57,0.55
Nainital,Nainital_S4,2009-09-01,210.8,57.06,0.55
Nainital,Nainital_S4,2009-10-01,93.5,46.2,0.55
Nainital,Nainital_S4,2009-11-01,48.7,38.55,0.55
Nainital,Nainital_S4,2009-12-01,46.8,37.02,0.55
Nainital,Nainital_S4,2010-01-01,28.8,36.97,0.55
Nainital,Nainital_S4,2010-02-01,27.9,32.44,0.55
Nainital,Nainital_S4,2010-03-01,48.6,35.29,0.55
Nainital,Nainital_S4,2010-04-01,53.8,34.14,0.55
Nainital,Nainital_S4,2010-05-01,95.2,36.37,0.55
Nainital,Nainital_S4,2010-06-01,209.4,37.85,0.55
Nainital,Nainital_S4,2010-07-01,316.0,49.34,0.55
Nainital,Nainital_S4,2010-08-01,312.6,51.64,0.55
Nainital,Nainital_S4,2010-09-01,202.4,52.83,0.55
Nainital,Nainital_S4,2010-10-01,82.8,46.25,0.55
Nainital,Nainital_S4,2010-11-01,44.7,35.23,0.55
Nainital,Nainital_S4,2010-12-01,44.3,34.09,0.55
Nainital,Nainital_S4,2011-01-01,28.0,33.63,0.55
Nainital,Nainital_S4,2011-02-01,30.6,32.07,0.55
Nainital,Nainital_S4,2011-03-01,41.5,32.26,0.55
Nainital,Nainital_S4,2011-04-01,55.7,35.47,0.55
Nainital,Nainital_S4,2011-05-01,84.3,33.4,0.55
Nainital,Nainital_S4,2011-06-01,188.3,37.2,0.55
Nainital,Nainital_S4,2011-07-01,304.0,43.47,0.55
Nainital,Nainital_S4,2011-08-01,244.8,46.63,0.55
Nainital,Nainital_S4,2011-09-01,165.1,47.38,0.55
Nainital,Nainital_S4,2011-10-01,93.8,38.04,0.55
Nainital,Nainital_S4,2011-11-01,39.2,37.39,0.55
Nainital,Nainital_S4,2011-12-01,37.6,31.84,0.55
Nainital,Nainital_S4,2012-01-01,31.4,32.49,0.55
Nainital,Nainital_S4,2012-02-01,32.8,29.92,0.55
Nainital,Nainital_S4,2012-03-01,56.1,32.17,0.55
Nainital,Nainital_S4,2012-04-01,68.3,34.9,0.55
Nainital,Nainital_S4,2012-05-01,89.3,32.64,0.55
Nainital,Nainital_S4,2012-06-01,284.0,34.16,0.55
Nainital,Nainital_S4,2012-07-01,362.3,48.36,0.55
Nainital,Nainital_S4,2012-08-01,382.0,53.27,0.55
Nainital,Nainital_S4,2012-09-01,210.4,46.63,0.55
Nainital,Nainital_S4,2012-10-01,110.6,46.57,0.55
Nainital,Nainital_S4,2012-11-01,58.3,36.98,0.55
Nainital,Nainital_S4,2012-12-01,47.5,33.85,0.55
Nainital,Nainital_S4,2013-01-01,29.0,31.72,0.55
Nainital,Nainital_S4,2013-02-01,26.2,27.87,0.55
Nainital,Nainital_S4,2013-03-01,43.2,31.49,0.55
Nainital,Nainital_S4,2013-04-01,55.3,30.52,0.55
Nainital,Nainital_S4,2013-05-01,82.8,32.92,0.55
Nainital,Nainital_S4,2013-06-01,226.2,33.25,0.55
Nainital,Nainital_S4,2013-07-01,311.5,42.65,0.55
Nainital,Nainital_S4,2013-08-01,285.3,45.33,0.55
Nainital,Nainital_S4,2013-09-01,174.3,47.41,0.55
Nainital,Nainital_S4,2013-10-01,80.7,36.38,0.55
Nainital,Nainital_S4,2013-11-01,41.8,36.7,0.55
Nainital,Nainital_S4,2013-12-01,42.1,34.01,0.55
Nainital,Nainital_S4,2014-01-01,27.8,33.01,0.55
Nainital,Nainital_S4,2014-02-01,23.2,31.47,0.55
Nainital,Nainital_S4,2014-03-01,38.3,29.1,0.55
Nainital,Nainital_S4,2014-04-01,53.0,31.77,0.55
Nainital,Nainital_S4,2014-05-01,75.7,30.65,0.55
Nainital,Nainital_S4,2014-06-01,245.0,29.54,0.55
Nainital,Nainital_S4,2014-07-01,298.5,44.92,0.55
Nainital,Nainital_S4,2014-08-01,274.7,47.28,0.55
Nainital,Nainital_S4,2014-09-01,169.3,43.19,0.55
Nainital,Nainital_S4,2014-10-01,81.2,34.78,0.55
Nainital,Nainital_S4,2014-11-01,36.7,30.94,0.55
Nainital,Nainital_S4,2014-12-01,40.1,26.57,0.55
Nainital,Nainital_S4,2015-01-01,24.4,30.73,0.55
Nainital,Nainital_S4,2015-02-01,19.8,26.08,0.55
Nainital,Nainital_S4,2015-03-01,34.0,28.42,0.55
Nainital,Nainital_S4,2015-04-01,55.7,27.52,0.55
Nainital,Nainital_S4,2015-05-01,79.7,27.74,0.55
Nainital,Nainital_S4,2015-06-01,220.4,31.51,0.55
Nainital,Nainital_S4,2015-07-01,304.6,38.3,0.55
Nainital,Nainital_S4,2015-08-01,262.7,45.37,0.55
Nainital,Nainital_S4,2015-09-01,156.1,38.47,0.55
Nainital,Nainital_S4,2015-10-01,68.6,33.7,0.55
Nainital,Nainital_S4,2015-11-01,40.8,26.48,0.55
Nainital,Nainital_S4,2015-12-01,37.6,25.34,0.55
Nainital,Nainital_S4,2016-01-01,38.7,30.71,0.55
Nainital,Nainital_S4,2016-02-01,46.1,31.09,0.55
Nainital,Nainital_S4,2016-03-01,59.0,28.61,0.55
Nainital,Nainital_S4,2016-04-01,88.2,27.9,0.55
Nainital,Nainital_S4,2016-05-01,135.8,30.15,0.55
Nainital,Nainital_S4,2016-06-01,292.7,34.55,0.55
Nainital,Nainital_S4,2016-07-01,421.3,40.44,0.55
Nainital,Nainital_S4,2016-08-01,365.6,48.91,0.55
Nainital,Nainital_S4,2016-09-01,233.5,45.16,0.55
Nainital,Nainital_S4,2016-10-01,125.9,36.88,0.55
Nainital,Nainital_S4,2016-11-01,58.8,31.25,0.55
Nainital,Nainital_S4,2016-12-01,60.0,28.83,0.55
Nainital,Nainital_S4,2017-01-01,26.8,27.01,0.55
Nainital,Nainital_S4,2017-02-01,34.7,27.14,0.55
Nainital,Nainital_S4,2017-03-01,45.8,26.25,0.55
Nainital,Nainital_S4,2017-04-01,65.5,27.57,0.55
Nainital,Nainital_S4,2017-05-01,98.9,30.31,0.55
Nainital,Nainital_S4,2017-06-01,278.9,29.77,0.55
Nainital,Nainital_S4,2017-07-01,342.7,41.15,0.55
Nainital,Nainital_S4,2017-08-01,260.8,38.74,0.55
Nainital,Nainital_S4,2017-09-01,205.2,37.27,0.55
Nainital,Nainital_S4,2017-10-01,95.8,35.22,0.55
Nainital,Nainital_S4,2017-11-01,43.2,32.24,0.55
Nainital,Nainital_S4,2017-12-01,47.7,24.01,0.55
Nainital,Nainital_S4,2018-01-01,24.5,26.64,0.55
Nainital,Nainital_S4,2018-02-01,28.9,27.36,0.55
Nainital,Nainital_S4,2018-03-01,39.3,24.65,0.55
Nainital,Nainital_S4,2018-04-01,53.1,25.83,0.55
Nainital,Nainital_S4,2018-05-01,79.2,27.17,0.55
Nainital,Nainital_S4,2018-06-01,241.1,28.23,0.55
Nainital,Nainital_S4,2018-07-01,300.7,38.89,0.55
Nainital,Nainital_S4,2018-08-01,276.0,39.83,0.55
Nainital,Nainital_S4,2018-09-01,172.0,40.1,0.55
Nainital,Nainital_S4,2018-10-01,85.3,31.71,0.55
Nainital,Nainital_S4,2018-11-01,45.6,26.84,0.55
Nainital,Nainital_S4,2018-12-01,43.3,25.52,0.55
Nainital,Nainital_S4,2019-01-01,33.5,24.14,0.55
Nainital,Nainital_S4,2019-02-01,28.5,25.67,0.55
Nainital,Nainital_S4,2019-03-01,44.6,24.26,0.55
Nainital,Nainital_S4,2019-04-01,62.9,24.6,0.55
Nainital,Nainital_S4,2019-05-01,90.4,26.94,0.55
Nainital,Nainital_S4,2019-06-01,234.1,25.97,0.55
Nainital,Nainital_S4,2019-07-01,299.2,35.79,0.55
Nainital,Nainital_S4,2019-08-01,285.4,36.63,0.55
Nainital,Nainital_S4,2019-09-01,203.7,38.88,0.55
Nainital,Nainital_S4,2019-10-01,95.4,32.05,0.55
Nainital,Nainital_S4,2019-11-01,44.9,28.25,0.55
Nainital,Nainital_S4,2019-12-01,48.3,25.1,0.55
Nainital,Nainital_S4,2020-01-01,29.5,25.9,0.55
Nainital,Nainital_S4,2020-02-01,26.8,24.13,0.55
Nainital,Nainital_S4,2020-03-01,42.9,21.82,0.55
Nainital,Nainital_S4,2020-04-01,55.1,25.73,0.55
Nainital,Nainital_S4,2020-05-01,72.2,24.89,0.55
Nainital,Nainital_S4,2020-06-01,215.3,26.75,0.55
Nainital,Nainital_S4,2020-07-01,268.8,33.5,0.55
Nainital,Nainital_S4,2020-08-01,268.8,33.45,0.55
Nainital,Nainital_S4,2020-09-01,165.7,33.1,0.55
Nainital,Nainital_S4,2020-10-01,83.8,30.76,0.55
Nainital,Nainital_S4,2020-11-01,36.3,25.5,0.55
Nainital,Nainital_S4,2020-12-01,40.7,24.72,0.55
Nainital,Nainital_S4,2021-01-01,33.8,23.54,0.55
Nainital,Nainital_S4,2021-02-01,29.6,24.55,0.55
Nainital,Nainital_S4,2021-03-01,47.3,23.59,0.55
Nainital,Nainital_S4,2021-04-01,63.9,24.18,0.55
Nainital,Nainital_S4,2021-05-01,106.2,24.07,0.55
Nainital,Nainital_S4,2021-06-01,222.1,26.69,0.55
Nainital,Nainital_S4,2021-07-01,321.1,33.44,0.55
Nainital,Nainital_S4,2021-08-01,385.6,35.85,0.55
Nainital,Nainital_S4,2021-09-01,200.2,39.78,0.55
Nainital,Nainital_S4,2021-10-01,80.2,30.37,0.55
Nainital,Nainital_S4,2021-11-01,45.0,24.98,0.55
Nainital,Nainital_S4,2021-12-01,36.8,25.18,0.55
Nainital,Nainital_S4,2022-01-01,32.0,24.11,0.55
Nainital,Nainital_S4,2022-02-01,27.9,22.56,0.55
Nainital,Nainital_S4,2022-03-01,43.4,22.46,0.55
Nainital,Nainital_S4,2022-04-01,64.5,22.04,0.55
Nainital,Nainital_S4,2022-05-01,77.5,23.5,0.55
Nainital,Nainital_S4,2022-06-01,215.0,24.58,0.55
Nainital,Nainital_S4,2022-07-01,324.5,31.43,0.55
Nainital,Nainital_S4,2022-08-01,282.4,36.15,0.55
Nainital,Nainital_S4,2022-09-01,190.7,31.09,0.55
Nainital,Nainital_S4,2022-10-01,81.0,30.24,0.55
Nainital,Nainital_S4,2022-11-01,45.8,23.89,0.55
Nainital,Nainital_S4,2022-12-01,44.5,21.3,0.55
Nainital,Nainital_S4,2023-01-01,31.9,23.78,0.55
Nainital,Nainital_S4,2023-02-01,31.9,23.27,0.55
Nainital,Nainital_S4,2023-03-01,41.6,21.9,0.55
Nainital,Nainital_S4,2023-04-01,65.3,22.75,0.55
Nainital,Nainital_S4,2023-05-01,91.7,23.79,0.55
Nainital,Nainital_S4,2023-06-01,247.8,25.63,0.55
Nainital,Nainital_S4,2023-07-01,374.2,31.6,0.55
Nainital,Nainital_S4,2023-08-01,295.8,33.36,0.55
Nainital,Nainital_S4,2023-09-01,226.1,35.58,0.55
Nainital,Nainital_S4,2023-10-01,105.0,30.87,0.55
Nainital,Nainital_S4,2023-11-01,49.9,23.55,0.55
Nainital,Nainital_S4,2023-12-01,43.4,20.68,0.55
Nainital,Nainital_S4,2024-01-01,21.2,22.01,0.55
Nainital,Nainital_S4,2024-02-01,19.7,20.2,0.55
Nainital,Nainital_S4,2024-03-01,27.5,20.69,0.55
Nainital,Nainital_S4,2024-04-01,42.6,21.39,0.55
Nainital,Nainital_S4,2024-05-01,54.4,20.58,0.55
Nainital,Nainital_S4,2024-06-01,150.6,20.4,0.55
Nainital,Nainital_S4,2024-07-01,223.4,25.95,0.55
Nainital,Nainital_S4,2024-08-01,177.5,27.59,0.55
Nainital,Nainital_S4,2024-09-01,125.6,26.6,0.55
Nainital,Nainital_S4,2024-10-01,63.6,22.6,0.55
Nainital,Nainital_S4,2024-11-01,29.7,21.38,0.55
Nainital,Nainital_S4,2024-12-01,32.2,20.95,0.55
Nainital,Nainital_S4,2025-01-01,34.0,20.88,0.55
Nainital,Nainital_S4,2025-02-01,27.6,19.48,0.55
Nainital,Nainital_S4,2025-03-01,46.4,18.8,0.55
Nainital,Nainital_S4,2025-04-01,72.0,20.67,0.55
Nainital,Nainital_S4,2025-05-01,89.2,22.21,0.55
Nainital,Nainital_S4,2025-06-01,264.4,22.67,0.55
Nainital,Nainital_S4,2025-07-01,383.3,28.31,0.55
Nainital,Nainital_S4,2025-08-01,379.2,34.14,0.55
Nainital,Nainital_S4,2025-09-01,210.4,35.89,0.55
Nainital,Nainital_S4,2025-10-01,96.6,26.97,0.55
Nainital,Nainital_S4,2025-11-01,50.7,20.37,0.55
Nainital,Nainital_S4,2025-12-01,52.3,20.54,0.55
Nainital,Nainital_S5,2005-01-01,23.9,49.89,0.55
Nainital,Nainital_S5,2005-02-01,24.0,41.02,0.55
Nainital,Nainital_S5,2005-03-01,34.4,41.62,0.55
Nainital,Nainital_S5,2005-04-01,54.2,42.62,0.55
Nainital,Nainital_S5,2005-05-01,69.3,46.27,0.55
Nainital,Nainital_S5,2005-06-01,189.3,45.14,0.55
Nainital,Nainital_S5,2005-07-01,303.3,58.28,0.55
Nainital,Nainital_S5,2005-08-01,239.1,63.71,0.55
Nainital,Nainital_S5,2005-09-01,160.4,57.66,0.55
Nainital,Nainital_S5,2005-10-01,69.1,50.36,0.55
Nainital,Nainital_S5,2005-11-01,40.1,40.47,0.55
Nainital,Nainital_S5,2005-12-01,40.1,42.64,0.55
Nainital,Nainital_S5,2006-01-01,33.6,46.29,0.55
Nainital,Nainital_S5,2006-02-01,32.4,42.32,0.55
Nainital,Nainital_S5,2006-03-01,46.3,42.61,0.55
Nainital,Nainital_S5,2006-04-01,60.2,41.38,0.55
Nainital,Nainital_S5,2006-05-01,106.6,42.77,0.55
Nainital,Nainital_S5,2006-06-01,273.5,49.29,0.55
Nainital,Nainital_S5,2006-07-01,334.7,66.45,0.55
Nainital,Nainital_S5,2006-08-01,323.2,70.06,0.55
Nainital,Nainital_S5,2006-09-01,204.4,66.74,0.55
Nainital,Nainital_S5,2006-10-01,87.9,54.59,0.55
Nainital,Nainital_S5,2006-11-01,49.0,45.52,0.55
Nainital,Nainital_S5,2006-12-01,46.7,40.27,0.55
Nainital,Nainital_S5,2007-01-01,21.9,38.57,0.55
Nainital,Nainital_S5,2007-02-01,21.7,37.3,0.55
Nainital,Nainital_S5,2007-03-01,36.2,39.54,0.55
Nainital,Nainital_S5,2007-04-01,49.4,39.92,0.55
Nainital,Nainital_S5,2007-05-01,69.3,38.44,0.55
Nainital,Nainital_S5,2007-06-01,209.2,42.91,0.55
Nainital,Nainital_S5,2007-07-01,272.0,53.11,0.55
Nainital,Nainital_S5,2007-08-01,260.0,55.37,0.55
Nainital,Nainital_S5,2007-09-01,159.2,56.7,0.55
Nainital,Nainital_S5,2007-10-01,69.9,48.94,0.55
Nainital,Nainital_S5,2007-11-01,37.6,41.32,0.55
Nainital,Nainital_S5,2007-12-01,33.5,41.88,0.55
Nainital,Nainital_S5,2008-01-01,29.0,35.86,0.55
Nainital,Nainital_S5,2008-02-01,33.6,35.32,0.55
Nainital,Nainital_S5,2008-03-01,45.7,39.5,0.55
Nainital,Nainital_S5,2008-04-01,68.0,40.56,0.55
Nainital,Nainital_S5,2008-05-01,85.6,42.87,0.55
Nainital,Nainital_S5,2008-06-01,237.2,42.14,0.55
Nainital,Nainital_S5,2008-07-01,355.3,52.42,0.55
Nainital,Nainital_S5,2008-08-01,342.8,63.94,0.55
Nainital,Nainital_S5,2008-09-01,230.9,61.49,0.55
Nainital,Nainital_S5,2008-10-01,94.4,58.36,0.55
Nainital,Nainital_S5,2008-11-01,53.9,42.87,0.55
Nainital,Nainital_S5,2008-12-01,45.9,40.29,0.55
Nainital,Nainital_S5,2009-01-01,31.2,44.63,0.55
Nainital,Nainital_S5,2009-02-01,34.9,38.14,0.55
Nainital,Nainital_S5,2009-03-01,41.2,39.8,0.55
Nainital,Nainital_S5,2009-04-01,61.5,40.39,0.55
Nainital,Nainital_S5,2009-05-01,105.1,42.08,0.55
Nainital,Nainital_S5,2009-06-01,241.9,44.46,0.55
Nainital,Nainital_S5,2009-07-01,384.3,54.61,0.55
Nainital,Nainital_S5,2009-08-01,362.3,65.06,0.55
Nainital,Nainital_S5,2009-09-01,210.8,61.15,0.55
Nainital,Nainital_S5,2009-10-01,93.5,52.29,0.55
Nainital,Nainital_S5,2009-11-01,48.7,46.87,0.55
Nainital,Nainital_S5,2009-12-01,46.8,41.49,0.55
Nainital,Nainital_S5,2010-01-01,28.8,39.49,0.55
Nainital,Nainital_S5,2010-02-01,27.9,39.09,0.55
Nainital,Nainital_S5,2010-03-01,48.6,35.72,0.55
Nainital,Nainital_S5,2010-04-01,53.8,38.31,0.55
Nainital,Nainital_S5,2010-05-01,95.2,40.99,0.55
Nainital,Nainital_S5,2010-06-01,209.4,45.26,0.55
Nainital,Nainital_S5,2010-07-01,316.0,48.55,0.55
Nainital,Nainital_S5,2010-08-01,312.6,56.86,0.55
Nainital,Nainital_S5,2010-09-01,202.4,64.23,0.55
Nainital,Nainital_S5,2010-10-01,82.8,49.94,0.55
Nainital,Nainital_S5,2010-11-01,44.7,44.55,0.55
Nainital,Nainital_S5,2010-12-01,44.3,38.36,0.55
Nainital,Nainital_S5,2011-01-01,28.0,38.33,0.55
Nainital,Nainital_S5,2011-02-01,30.6,36.04,0.55
Nainital,Nainital_S5,2011-03-01,41.5,38.46,0.55
Nainital,Nainital_S5,2011-04-01,55.7,39.99,0.55
Nainital,Nainital_S5,2011-05-01,84.3,36.42,0.55
Nainital,Nainital_S5,2011-06-01,188.3,39.69,0.55
Nainital,Nainital_S5,2011-07-01,304.0,50.05,0.55
Nainital,Nainital_S5,2011-08-01,244.8,55.75,0.55
Nainital,Nainital_S5,2011-09-01,165.1,50.48,0.55
Nainital,Nainital_S5,2011-10-01,93.8,48.24,0.55
Nainital,Nainital_S5,2011-11-01,39.2,42.96,0.55
Nainital,Nainital_S5,2011-12-01,37.6,35.9,0.55
Nainital,Nainital_S5,2012-01-01,31.4,36.94,0.55
Nainital,Nainital_S5,2012-02-01,32.8,33.86,0.55
Nainital,Nainital_S5,2012-03-01,56.1,34.46,0.55
Nainital,Nainital_S5,2012-04-01,68.3,37.9,0.55
Nainital,Nainital_S5,2012-05-01,89.3,38.51,0.55
Nainital,Nainital_S5,2012-06-01,284.0,37.95,0.55
Nainital,Nainital_S5,2012-07-01,362.3,51.65,0.55
Nainital,Nainital_S5,2012-08-01,382.0,55.86,0.55
Nainital,Nainital_S5,2012-09-01,210.4,61.65,0.55
Nainital,Nainital_S5,2012-10-01,110.6,43.36,0.55
Nainital,Nainital_S5,2012-11-01,58.3,38.93,0.55
Nainital,Nainital_S5,2012-12-01,47.5,33.79,0.55
Nainital,Nainital_S5,2013-01-01,29.0,37.2,0.55
Nainital,Nainital_S5,2013-02-01,26.2,31.92,0.55
Nainital,Nainital_S5,2013-03-01,43.2,34.87,0.55
Nainital,Nainital_S5,2013-04-01,55.3,38.88,0.55
Nainital,Nainital_S5,2013-05-01,82.8,39.78,0.55
Nainital,Nainital_S5,2013-06-01,226.2,35.07,0.55
Nainital,Nainital_S5,2013-07-01,311.5,49.11,0.55
Nainital,Nainital_S5,2013-08-01,285.3,51.51,0.55
Nainital,Nainital_S5,2013-09-01,174.3,49.17,0.55
Nainital,Nainital_S5,2013-10-01,80.7,44.3,0.55
Nainital,Nainital_S5,2013-11-01,41.8,40.38,0.55
Nainital,Nainital_S5,2013-12-01,42.1,36.37,0.55
Nainital,Nainital_S5,2014-01-01,27.8,34.0,0.55
Nainital,Nainital_S5,2014-02-01,23.2,35.43,0.55
Nainital,Nainital_S5,2014-03-01,38.3,30.05,0.55
Nainital,Nainital_S5,2014-04-01,53.0,33.5,0.55
Nainital,Nainital_S5,2014-05-01,75.7,34.27,0.55
Nainital,Nainital_S5,2014-06-01,245.0,37.36,0.55
Nainital,Nainital_S5,2014-07-01,298.5,48.1,0.55
Nainital,Nainital_S5,2014-08-01,274.7,51.75,0.55
Nainital,Nainital_S5,2014-09-01,169.3,49.98,0.55
Nainital,Nainital_S5,2014-10-01,81.2,43.28,0.55
Nainital,Nainital_S5,2014-11-01,36.7,38.24,0.55
Nainital,Nainital_S5,2014-12-01,40.1,34.44,0.55
Nainital,Nainital_S5,2015-01-01,24.4,33.86,0.55
Nainital,Nainital_S5,2015-02-01,19.8,33.91,0.55
Nainital,Nainital_S5,2015-03-01,34.0,34.23,0.55
Nainital,Nainital_S5,2015-04-01,55.7,32.82,0.55
Nainital,Nainital_S5,2015-05-01,79.7,35.03,0.55
Nainital,Nainital_S5,2015-06-01,220.4,38.79,0.55
Nainital,Nainital_S5,2015-07-01,304.6,43.37,0.55
Nainital,Nainital_S5,2015-08-01,262.7,56.01,0.55
Nainital,Nainital_S5,2015-09-01,156.1,45.27,0.55
Nainital,Nainital_S5,2015-10-01,68.6,40.7,0.55
Nainital,Nainital_S5,2015-11-01,40.8,33.9,0.55
Nainital,Nainital_S5,2015-12-01,37.6,37.39,0.55
Nainital,Nainital_S5,2016-01-01,38.7,32.59,0.55
Nainital,Nainital_S5,2016-02-01,46.1,32.6,0.55
Nainital,Nainital_S5,2016-03-01,59.0,33.24,0.55
Nainital,Nainital_S5,2016-04-01,88.2,34.81,0.55
Nainital,Nainital_S5,2016-05-01,135.8,35.87,0.55
Nainital,Nainital_S5,2016-06-01,292.7,39.22,0.55
Nainital,Nainital_S5,2016-07-01,421.3,40.82,0.55
Nainital,Nainital_S5,2016-08-01,365.6,57.95,0.55
Nainital,Nainital_S5,2016-09-01,233.5,54.13,0.55
Nainital,Nainital_S5,2016-10-01,125.9,47.85,0.55
Nainital,Nainital_S5,2016-11-01,58.8,41.01,0.55
Nainital,Nainital_S5,2016-12-01,60.0,33.8,0.55
Nainital,Nainital_S5,2017-01-01,26.8,35.52,0.55
Nainital,Nainital_S5,2017-02-01,34.7,30.18,0.55
Nainital,Nainital_S5,2017-03-01,45.8,33.63,0.55
Nainital,Nainital_S5,2017-04-01,65.5,32.09,0.55
Nainital,Nainital_S5,2017-05-01,98.9,32.2,0.55
Nainital,Nainital_S5,2017-06-01,278.9,35.95,0.55
Nainital,Nainital_S5,2017-07-01,342.7,50.94,0.55
Nainital,Nainital_S5,2017-08-01,260.8,52.01,0.55
Nainital,Nainital_S5,2017-09-01,205.2,49.75,0.55
Nainital,Nainital_S5,2017-10-01,95.8,41.1,0.55
Nainital,Nainital_S5,2017-11-01,43.2,37.62,0.55
Nainital,Nainital_S5,2017-12-01,47.7,31.33,0.55
Nainital,Nainital_S5,2018-01-01,24.5,32.97,0.55
Nainital,Nainital_S5,2018-02-01,28.9,31.43,0.55
Nainital,Nainital_S5,2018-03-01,39.3,32.35,0.55
Nainital,Nainital_S5,2018-04-01,53.1,32.3,0.55
Nainital,Nainital_S5,2018-05-01,79.2,31.49,0.55
Nainital,Nainital_S5,2018-06-01,241.1,35.77,0.55
Nainital,Nainital_S5,2018-07-01,300.7,48.04,0.55
Nainital,Nainital_S5,2018-08-01,276.0,46.42,0.55
Nainital,Nainital_S5,2018-09-01,172.0,41.96,0.55
Nainital,Nainital_S5,2018-10-01,85.3,40.71,0.55
Nainital,Nainital_S5,2018-11-01,45.6,33.75,0.55
Nainital,Nainital_S5,2018-12-01,43.3,31.61,0.55
Nainital,Nainital_S5,2019-01-01,33.5,32.5,0.55
Nainital,Nainital_S5,2019-02-01,28.5,30.26,0.55
Nainital,Nainital_S5,2019-03-01,44.6,30.19,0.55
Nainital,Nainital_S5,2019-04-01,62.9,31.37,0.55
Nainital,Nainital_S5,2019-05-01,90.4,34.97,0.55
Nainital,Nainital_S5,2019-06-01,234.1,34.23,0.55
Nainital,Nainital_S5,2019-07-01,299.2,40.17,0.55
Nainital,Nainital_S5,2019-08-01,285.4,43.88,0.55
Nainital,Nainital_S5,2019-09-01,203.7,46.07,0.55
Nainital,Nainital_S5,2019-10-01,95.4,38.45,0.55
Nainital,Nainital_S5,2019-11-01,44.9,31.5,0.55
Nainital,Nainital_S5,2019-12-01,48.3,32.07,0.55
Nainital,Nainital_S5,2020-01-01,29.5,32.29,0.55
Nainital,Nainital_S5,2020-02-01,26.8,29.49,0.55
Nainital,Nainital_S5,2020-03-01,42.9,30.26,0.55
Nainital,Nainital_S5,2020-04-01,55.1,31.02,0.55
Nainital,Nainital_S5,2020-05-01,72.2,32.34,0.55
Nainital,Nainital_S5,2020-06-01,215.3,33.33,0.55
Nainital,Nainital_S5,2020-07-01,268.8,35.45,0.55
Nainital,Nainital_S5,2020-08-01,268.8,43.32,0.55
Nainital,Nainital_S5,2020-09-01,165.7,44.9,0.55
Nainital,Nainital_S5,2020-10-01,83.8,36.84,0.55
Nainital,Nainital_S5,2020-11-01,36.3,32.79,0.55
Nainital,Nainital_S5,2020-12-01,40.7,31.01,0.55
Nainital,Nainital_S5,2021-01-01,33.8,30.21,0.55
Nainital,Nainital_S5,2021-02-01,29.6,31.86,0.55
Nainital,Nainital_S5,2021-03-01,47.3,30.98,0.55
Nainital,Nainital_S5,2021-04-01,63.9,30.13,0.55
Nainital,Nainital_S5,2021-05-01,106.2,30.91,0.55
Nainital,Nainital_S5,2021-06-01,222.1,28.82,0.55
Nainital,Nainital_S5,2021-07-01,321.1,39.6,0.55
Nainital,Nainital_S5,2021-08-01,385.6,42.8,0.55
Nainital,Nainital_S5,2021-09-01,200.2,50.08,0.55
Nainital,Nainital_S5,2021-10-01,80.2,39.07,0.55
Nainital,Nainital_S5,2021-11-01,45.0,32.91,0.55
Nainital,Nainital_S5,2021-12-01,36.8,31.81,0.55
Nainital,Nainital_S5,2022-01-01,32.0,29.16,0.55
Nainital,Nainital_S5,2022-02-01,27.9,32.17,0.55
Nainital,Nainital_S5,2022-03-01,43.4,28.92,0.55
Nainital,Nainital_S5,2022-04-01,64.5,27.49,0.55
Nainital,Nainital_S5,2022-05-01,77.5,29.7,0.55
Nainital,Nainital_S5,2022-06-01,215.0,30.66,0.55
Nainital,Nainital_S5,2022-07-01,324.5,40.12,0.55
Nainital,Nainital_S5,2022-08-01,282.4,42.95,0.55
Nainital,Nainital_S5,2022-09-01,190.7,41.99,0.55
Nainital,Nainital_S5,2022-10-01,81.0,37.08,0.55
Nainital,Nainital_S5,2022-11-01,45.8,30.45,0.55
Nainital,Nainital_S5,2022-12-01,44.5,30.3,0.55
Nainital,Nainital_S5,2023-01-01,31.9,29.92,0.55
Nainital,Nainital_S5,2023-02-01,31.9,29.88,0.55
Nainital,Nainital_S5,2023-03-01,41.6,27.72,0.55
Nainital,Nainital_S5,2023-04-01,65.3,30.4,0.55
Nainital,Nainital_S5,2023-05-01,91.7,27.89,0.55
Nainital,Nainital_S5,2023-06-01,247.8,29.16,0.55
Nainital,Nainital_S5,2023-07-01,374.2,37.5,0.55
Nainital,Nainital_S5,2023-08-01,295.8,46.86,0.55
Nainital,Nainital_S5,2023-09-01,226.1,44.98,0.55
Nainital,Nainital_S5,2023-10-01,105.0,37.35,0.55
Nainital,Nainital_S5,2023-11-01,49.9,31.03,0.55
Nainital,Nainital_S5,2023-12-01,43.4,28.39,0.55
Nainital,Nainital_S5,2024-01-01,21.2,29.1,0.55
Nainital,Nainital_S5,2024-02-01,19.7,26.38,0.55
Nainital,Nainital_S5,2024-03-01,27.5,26.18,0.55
Nainital,Nainital_S5,2024-04-01,42.6,25.44,0.55
Nainital,Nainital_S5,2024-05-01,54.4,27.24,0.55
Nainital,Nainital_S5,2024-06-01,150.6,30.32,0.55
Nainital,Nainital_S5,2024-07-01,223.4,33.94,0.55
Nainital,Nainital_S5,2024-08-01,177.5,36.26,0.55
Nainital,Nainital_S5,2024-09-01,125.6,37.28,0.55
Nainital,Nainital_S5,2024-10-01,63.6,31.3,0.55
Nainital,Nainital_S5,2024-11-01,29.7,30.9,0.55
Nainital,Nainital_S5,2024-12-01,32.2,28.88,0.55
Nainital,Nainital_S5,2025-01-01,34.0,27.14,0.55
Nainital,Nainital_S5,2025-02-01,27.6,25.08,0.55
Nainital,Nainital_S5,2025-03-01,46.4,29.78,0.55
Nainital,Nainital_S5,2025-04-01,72.0,28.21,0.55
Nainital,Nainital_S5,2025-05-01,89.2,28.52,0.55
Nainital,Nainital_S5,2025-06-01,264.4,31.27,0.55
Nainital,Nainital_S5,2025-07-01,383.3,40.43,0.55
Nainital,Nainital_S5,2025-08-01,379.2,48.25,0.55
Nainital,Nainital_S5,2025-09-01,210.4,43.49,0.55
Nainital,Nainital_S5,2025-10-01,96.6,36.58,0.55
Nainital,Nainital_S5,2025-11-01,50.7,28.18,0.55
Nainital,Nainital_S5,2025-12-01,52.3,28.41,0.55
Nainital,Nainital_S6,2005-01-01,23.9,39.6,0.55
Nainital,Nainital_S6,2005-02-01,24.0,32.79,0.55
Nainital,Nainital_S6,2005-03-01,34.4,31.68,0.55
Nainital,Nainital_S6,2005-04-01,54.2,35.06,0.55
Nainital,Nainital_S6,2005-05-01,69.3,37.55,0.55
Nainital,Nainital_S6,2005-06-01,189.3,34.86,0.55
Nainital,Nainital_S6,2005-07-01,303.3,44.87,0.55
Nainital,Nainital_S6,2005-08-01,239.1,52.15,0.55
Nainital,Nainital_S6,2005-09-01,160.4,46.72,0.55
Nainital,Nainital_S6,2005-10-01,69.1,38.27,0.55
Nainital,Nainital_S6,2005-11-01,40.1,33.07,0.55
Nainital,Nainital_S6,2005-12-01,40.1,32.09,0.55
Nainital,Nainital_S6,2006-01-01,33.6,29.74,0.55
Nainital,Nainital_S6,2006-02-01,32.4,35.1,0.55
Nainital,Nainital_S6,2006-03-01,46.3,33.23,0.55
Nainital,Nainital_S6,2006-04-01,60.2,33.39,0.55
Nainital,Nainital_S6,2006-05-01,106.6,30.49,0.55
Nainital,Nainital_S6,2006-06-01,273.5,33.74,0.55
Nainital,Nainital_S6,2006-07-01,334.7,47.67,0.55
Nainital,Nainital_S6,2006-08-01,323.2,56.52,0.55
Nainital,Nainital_S6,2006-09-01,204.4,48.81,0.55
Nainital,Nainital_S6,2006-10-01,87.9,44.78,0.55
Nainital,Nainital_S6,2006-11-01,49.0,34.6,0.55
Nainital,Nainital_S6,2006-12-01,46.7,33.0,0.55
Nainital,Nainital_S6,2007-01-01,21.9,34.66,0.55
Nainital,Nainital_S6,2007-02-01,21.7,30.5,0.55
Nainital,Nainital_S6,2007-03-01,36.2,29.88,0.55
Nainital,Nainital_S6,2007-04-01,49.4,34.02,0.55
Nainital,Nainital_S6,2007-05-01,69.3,32.58,0.55
Nainital,Nainital_S6,2007-06-01,209.2,35.49,0.55
Nainital,Nainital_S6,2007-07-01,272.0,40.77,0.55
Nainital,Nainital_S6,2007-08-01,260.0,49.21,0.55
Nainital,Nainital_S6,2007-09-01,159.2,45.74,0.55
Nainital,Nainital_S6,2007-10-01,69.9,39.66,0.55
Nainital,Nainital_S6,2007-11-01,37.6,33.46,0.55
Nainital,Nainital_S6,2007-12-01,33.5,30.4,0.55
Nainital,Nainital_S6,2008-01-01,29.0,30.85,0.55
Nainital,Nainital_S6,2008-02-01,33.6,29.83,0.55
Nainital,Nainital_S6,2008-03-01,45.7,32.18,0.55
Nainital,Nainital_S6,2008-04-01,68.0,31.03,0.55
Nainital,Nainital_S6,2008-05-01,85.6,30.17,0.55
Nainital,Nainital_S6,2008-06-01,237.2,30.76,0.55
Nainital,Nainital_S6,2008-07-01,355.3,38.9,0.55
Nainital,Nainital_S6,2008-08-01,342.8,51.05,0.55
Nainital,Nainital_S6,2008-09-01,230.9,45.85,0.55
Nainital,Nainital_S6,2008-10-01,94.4,42.49,0.55
Nainital,Nainital_S6,2008-11-01,53.9,33.89,0.55
Nainital,Nainital_S6,2008-12-01,45.9,31.08,0.55
Nainital,Nainital_S6,2009-01-01,31.2,31.3,0.55
Nainital,Nainital_S6,2009-02-01,34.9,29.92,0.55
Nainital,Nainital_S6,2009-03-01,41.2,25.78,0.55
Nainital,Nainital_S6,2009-04-01,61.5,29.62,0.55
Nainital,Nainital_S6,2009-05-01,105.1,31.88,0.55
Nainital,Nainital_S6,2009-06-01,241.9,36.43,0.55
Nainital,Nainital_S6,2009-07-01,384.3,45.02,0.55
Nainital,Nainital_S6,2009-08-01,362.3,46.27,0.55
Nainital,Nainital_S6,2009-09-01,210.8,47.41,0.55
Nainital,Nainital_S6,2009-10-01,93.5,36.31,0.55
Nainital,Nainital_S6,2009-11-01,48.7,35.03,0.55
Nainital,Nainital_S6,2009-12-01,46.8,31.43,0.55
Nainital,Nainital_S6,2010-01-01,28.8,30.24,0.55
Nainital,Nainital_S6,2010-02-01,27.9,28.85,0.55
Nainital,Nainital_S6,2010-03-01,48.6,30.45,0.55
Nainital,Nainital_S6,2010-04-01,53.8,31.38,0.55
Nainital,Nainital_S6,2010-05-01,95.2,31.53,0.55
Nainital,Nainital_S6,2010-06-01,209.4,32.79,0.55
Nainital,Nainital_S6,2010-07-01,316.0,37.73,0.55
Nainital,Nainital_S6,2010-08-01,312.6,45.97,0.55
Nainital,Nainital_S6,2010-09-01,202.4,45.76,0.55
Nainital,Nainital_S6,2010-10-01,82.8,37.35,0.55
Nainital,Nainital_S6,2010-11-01,44.7,30.41,0.55
Nainital,Nainital_S6,2010-12-01,44.3,30.39,0.55
Nainital,Nainital_S6,2011-01-01,28.0,31.04,0.55
Nainital,Nainital_S6,2011-02-01,30.6,26.64,0.55
Nainital,Nainital_S6,2011-03-01,41.5,27.39,0.55
Nainital,Nainital_S6,2011-04-01,55.7,28.77,0.55
Nainital,Nainital_S6,2011-05-01,84.3,29.69,0.55
Nainital,Nainital_S6,2011-06-01,188.3,29.67,0.55
Nainital,Nainital_S6,2011-07-01,304.0,39.45,0.55
Nainital,Nainital_S6,2011-08-01,244.8,43.13,0.55
Nainital,Nainital_S6,2011-09-01,165.1,39.96,0.55
Nainital,Nainital_S6,2011-10-01,93.8,37.55,0.55
Nainital,Nainital_S6,2011-11-01,39.2,29.89,0.55
Nainital,Nainital_S6,2011-12-01,37.6,27.44,0.55
Nainital,Nainital_S6,2012-01-01,31.4,25.69,0.55
Nainital,Nainital_S6,2012-02-01,32.8,26.77,0.55
Nainital,Nainital_S6,2012-03-01,56.1,24.99,0.55
Nainital,Nainital_S6,2012-04-01,68.3,29.23,0.55
Nainital,Nainital_S6,2012-05-01,89.3,29.35,0.55
Nainital,Nainital_S6,2012-06-01,284.0,29.37,0.55
Nainital,Nainital_S6,2012-07-01,362.3,39.77,0.55
Nainital,Nainital_S6,2012-08-01,382.0,45.67,0.55
Nainital,Nainital_S6,2012-09-01,210.4,42.36,0.55
Nainital,Nainital_S6,2012-10-01,110.6,36.17,0.55
Nainital,Nainital_S6,2012-11-01,58.3,31.57,0.55
Nainital,Nainital_S6,2012-12-01,47.5,25.23,0.55
Nainital,Nainital_S6,2013-01-01,29.0,27.99,0.55
Nainital,Nainital_S6,2013-02-01,26.2,23.85,0.55
Nainital,Nainital_S6,2013-03-01,43.2,25.67,0.55
Nainital,Nainital_S6,2013-04-01,55.3,25.08,0.55
Nainital,Nainital_S6,2013-05-01,82.8,29.12,0.55
Nainital,Nainital_S6,2013-06-01,226.2,26.87,0.55
Nainital,Nainital_S6,2013-07-01,311.5,32.82,0.55
Nainital,Nainital_S6,2013-08-01,285.3,40.3,0.55
Nainital,Nainital_S6,2013-09-01,174.3,37.79,0.55
Nainital,Nainital_S6,2013-10-01,80.7,30.39,0.55
Nainital,Nainital_S6,2013-11-01,41.8,28.78,0.55
Nainital,Nainital_S6,2013-12-01,42.1,23.41,0.55
Nainital,Nainital_S6,2014-01-01,27.8,24.6,0.55
Nainital,Nainital_S6,2014-02-01,23.2,24.44,0.55
Nainital,Nainital_S6,2014-03-01,38.3,25.86,0.55
Nainital,Nainital_S6,2014-04-01,53.0,27.21,0.55
Nainital,Nainital_S6,2014-05-01,75.7,27.66,0.55
Nainital,Nainital_S6,2014-06-01,245.0,27.07,0.55
Nainital,Nainital_S6,2014-07-01,298.5,31.27,0.55
Nainital,Nainital_S6,2014-08-01,274.7,38.88,0.55
Nainital,Nainital_S6,2014-09-01,169.3,39.58,0.55
Nainital,Nainital_S6,2014-10-01,81.2,33.54,0.55
Nainital,Nainital_S6,2014-11-01,36.7,27.81,0.55
Nainital,Nainital_S6,2014-12-01,40.1,23.46,0.55
Nainital,Nainital_S6,2015-01-01,24.4,24.38,0.55
Nainital,Nainital_S6,2015-02-01,19.8,26.55,0.55
Nainital,Nainital_S6,2015-03-01,34.0,22.23,0.55
Nainital,Nainital_S6,2015-04-01,55.7,23.14,0.55
Nainital,Nainital_S6,2015-05-01,79.7,26.73,0.55
Nainital,Nainital_S6,2015-06-01,220.4,26.05,0.55
Nainital,Nainital_S6,2015-07-01,304.6,31.33,0.55
Nainital,Nainital_S6,2015-08-01,262.7,40.09,0.55
Nainital,Nainital_S6,2015-09-01,156.1,35.95,0.55
Nainital,Nainital_S6,2015-10-01,68.6,29.4,0.55
Nainital,Nainital_S6,2015-11-01,40.8,24.26,0.55
Nainital,Nainital_S6,2015-12-01,37.6,26.85,0.55
Nainital,Nainital_S6,2016-01-01,38.7,24.11,0.55
Nainital,Nainital_S6,2016-02-01,46.1,25.81,0.55
Nainital,Nainital_S6,2016-03-01,59.0,25.51,0.55
Nainital,Nainital_S6,2016-04-01,88.2,24.3,0.55
Nainital,Nainital_S6,2016-05-01,135.8,25.58,0.55
Nainital,Nainital_S6,2016-06-01,292.7,30.46,0.55
Nainital,Nainital_S6,2016-07-01,421.3,38.23,0.55
Nainital,Nainital_S6,2016-08-01,365.6,37.6,0.55
Nainital,Nainital_S6,2016-09-01,233.5,39.87,0.55
Nainital,Nainital_S6,2016-10-01,125.9,32.42,0.55
Nainital,Nainital_S6,2016-11-01,58.8,26.15,0.55
Nainital,Nainital_S6,2016-12-01,60.0,24.74,0.55
Nainital,Nainital_S6,2017-01-01,26.8,22.77,0.55
Nainital,Nainital_S6,2017-02-01,34.7,22.3,0.55
Nainital,Nainital_S6,2017-03-01,45.8,22.21,0.55
Nainital,Nainital_S6,2017-04-01,65.5,22.99,0.55
Nainital,Nainital_S6,2017-05-01,98.9,24.32,0.55
Nainital,Nainital_S6,2017-06-01,278.9,24.54,0.55
Nainital,Nainital_S6,2017-07-01,342.7,36.56,0.55
Nainital,Nainital_S6,2017-08-01,260.8,37.57,0.55
Nainital,Nainital_S6,2017-09-01,205.2,35.85,0.55
Nainital,Nainital_S6,2017-10-01,95.8,30.08,0.55
Nainital,Nainital_S6,2017-11-01,43.2,24.68,0.55
Nainital,Nainital_S6,2017-12-01,47.7,24.99,0.55
Nainital,Nainital_S6,2018-01-01,24.5,22.44,0.55
Nainital,Nainital_S6,2018-02-01,28.9,21.82,0.55
Nainital,Nainital_S6,2018-03-01,39.3,22.95,0.55
Nainital,Nainital_S6,2018-04-01,53.1,21.16,0.55
Nainital,Nainital_S6,2018-05-01,79.2,23.92,0.55
Nainital,Nainital_S6,2018-06-01,241.1,24.89,0.55
Nainital,Nainital_S6,2018-07-01,300.7,33.16,0.55
Nainital,Nainital_S6,2018-08-01,276.0,35.2,0.55
Nainital,Nainital_S6,2018-09-01,172.0,34.65,0.55
Nainital,Nainital_S6,2018-10-01,85.3,27.79,0.55
Nainital,Nainital_S6,2018-11-01,45.6,23.09,0.55
Nainital,Nainital_S6,2018-12-01,43.3,24.71,0.55
Nainital,Nainital_S6,2019-01-01,33.5,20.5,0.55
Nainital,Nainital_S6,2019-02-01,28.5,20.17,0.55
Nainital,Nainital_S6,2019-03-01,44.6,22.05,0.55
Nainital,Nainital_S6,2019-04-01,62.9,23.87,0.55
Nainital,Nainital_S6,2019-05-01,90.4,23.01,0.55
Nainital,Nainital_S6,2019-06-01,234.1,25.1,0.55
Nainital,Nainital_S6,2019-07-01,299.2,26.93,0.55
Nainital,Nainital_S6,2019-08-01,285.4,31.77,0.55
Nainital,Nainital_S6,2019-09-01,203.7,28.93,0.55
Nainital,Nainital_S6,2019-10-01,95.4,29.51,0.55
Nainital,Nainital_S6,2019-11-01,44.9,21.96,0.55
Nainital,Nainital_S6,2019-12-01,48.3,20.25,0.55
Nainital,Nainital_S6,2020-01-01,29.5,22.27,0.55
Nainital,Nainital_S6,2020-02-01,26.8,21.98,0.55
Nainital,Nainital_S6,2020-03-01,42.9,20.54,0.55
Nainital,Nainital_S6,2020-04-01,55.1,21.93,0.55
Nainital,Nainital_S6,2020-05-01,72.2,22.35,0.55
Nainital,Nainital_S6,2020-06-01,215.3,22.17,0.55
Nainital,Nainital_S6,2020-07-01,268.8,26.67,0.55
Nainital,Nainital_S6,2020-08-01,268.8,31.18,0.55
Nainital,Nainital_S6,2020-09-01,165.7,31.17,0.55
Nainital,Nainital_S6,2020-10-01,83.8,27.14,0.55
Nainital,Nainital_S6,2020-11-01,36.3,22.94,0.55
Nainital,Nainital_S6,2020-12-01,40.7,19.4,0.55
Nainital,Nainital_S6,2021-01-01,33.8,21.44,0.55
Nainital,Nainital_S6,2021-02-01,29.6,20.39,0.55
Nainital,Nainital_S6,2021-03-01,47.3,19.69,0.55
Nainital,Nainital_S6,2021-04-01,63.9,20.52,0.55
Nainital,Nainital_S6,2021-05-01,106.2,20.7,0.55
Nainital,Nainital_S6,2021-06-01,222.1,24.09,0.55
Nainital,Nainital_S6,2021-07-01,321.1,25.64,0.55
Nainital,Nainital_S6,2021-08-01,385.6,29.89,0.55
Nainital,Nainital_S6,2021-09-01,200.2,33.35,0.55
Nainital,Nainital_S6,2021-10-01,80.2,28.66,0.55
Nainital,Nainital_S6,2021-11-01,45.0,22.88,0.55
Nainital,Nainital_S6,2021-12-01,36.8,18.64,0.55
Nainital,Nainital_S6,2022-01-01,32.0,21.28,0.55
Nainital,Nainital_S6,2022-02-01,27.9,21.02,0.55
Nainital,Nainital_S6,2022-03-01,43.4,18.33,0.55
Nainital,Nainital_S6,2022-04-01,64.5,17.5,0.55
Nainital,Nainital_S6,2022-05-01,77.5,20.72,0.55
Nainital,Nainital_S6,2022-06-01,215.0,22.43,0.55
Nainital,Nainital_S6,2022-07-01,324.5,28.57,0.55
Nainital,Nainital_S6,2022-08-01,282.4,29.27,0.55
Nainital,Nainital_S6,2022-09-01,190.7,31.44,0.55
Nainital,Nainital_S6,2022-10-01,81.0,22.51,0.55
Nainital,Nainital_S6,2022-11-01,45.8,20.7,0.55
Nainital,Nainital_S6,2022-12-01,44.5,19.29,0.55
Nainital,Nainital_S6,2023-01-01,31.9,20.73,0.55
Nainital,Nainital_S6,2023-02-01,31.9,20.31,0.55
Nainital,Nainital_S6,2023-03-01,41.6,19.93,0.55
Nainital,Nainital_S6,2023-04-01,65.3,18.03,0.55
Nainital,Nainital_S6,2023-05-01,91.7,21.04,0.55
Nainital,Nainital_S6,2023-06-01,247.8,21.64,0.55
Nainital,Nainital_S6,2023-07-01,374.2,24.62,0.55
Nainital,Nainital_S6,2023-08-01,295.8,28.24,0.55
Nainital,Nainital_S6,2023-09-01,226.1,29.98,0.55
Nainital,Nainital_S6,2023-10-01,105.0,25.62,0.55
Nainital,Nainital_S6,2023-11-01,49.9,19.95,0.55
Nainital,Nainital_S6,2023-12-01,43.4,19.04,0.55
Nainital,Nainital_S6,2024-01-01,21.2,19.29,0.55
Nainital,Nainital_S6,2024-02-01,19.7,18.01,0.55
Nainital,Nainital_S6,2024-03-01,27.5,16.59,0.55
Nainital,Nainital_S6,2024-04-01,42.6,19.94,0.55
Nainital,Nainital_S6,2024-05-01,54.4,19.66,0.55
Nainital,Nainital_S6,2024-06-01,150.6,18.78,0.55
Nainital,Nainital_S6,2024-07-01,223.4,22.19,0.55
Nainital,Nainital_S6,2024-08-01,177.5,25.53,0.55
Nainital,Nainital_S6,2024-09-01,125.6,22.05,0.55
Nainital,Nainital_S6,2024-10-01,63.6,21.79,0.55
Nainital,Nainital_S6,2024-11-01,29.7,17.9,0.55
Nainital,Nainital_S6,2024-12-01,32.2,17.86,0.55
Nainital,Nainital_S6,2025-01-01,34.0,16.91,0.55
Nainital,Nainital_S6,2025-02-01,27.6,16.97,0.55
Nainital,Nainital_S6,2025-03-01,46.4,19.16,0.55
Nainital,Nainital_S6,2025-04-01,72.0,18.37,0.55
Nainital,Nainital_S6,2025-05-01,89.2,19.37,0.55
Nainital,Nainital_S6,2025-06-01,264.4,17.74,0.55
Nainital,Nainital_S6,2025-07-01,383.3,25.02,0.55
Nainital,Nainital_S6,2025-08-01,379.2,30.56,0.55
Nainital,Nainital_S6,2025-09-01,210.4,29.94,0.55
Nainital,Nainital_S6,2025-10-01,96.6,21.16,0.55
Nainital,Nainital_S6,2025-11-01,50.7,19.92,0.55
Nainital,Nainital_S6,2025-12-01,52.3,18.41,0.55
Chamoli,Chamoli_S1,2005-01-01,35.0,39.82,0.64
Chamoli,Chamoli_S1,2005-02-01,30.3,33.04,0.64
Chamoli,Chamoli_S1,2005-03-01,51.0,34.95,0.64
Chamoli,Chamoli_S1,2005-04-01,67.4,31.44,0.64
Chamoli,Chamoli_S1,2005-05-01,117.4,38.85,0.64
Chamoli,Chamoli_S1,2005-06-01,231.5,34.8,0.64
Chamoli,Chamoli_S1,2005-07-01,392.1,39.94,0.64
Chamoli,Chamoli_S1,2005-08-01,411.9,53.8,0.64
Chamoli,Chamoli_S1,2005-09-01,240.4,51.93,0.64
Chamoli,Chamoli_S1,2005-10-01,118.9,44.69,0.64
Chamoli,Chamoli_S1,2005-11-01,48.2,37.35,0.64
Chamoli,Chamoli_S1,2005-12-01,48.3,32.91,0.64
Chamoli,Chamoli_S1,2006-01-01,38.0,31.8,0.64
Chamoli,Chamoli_S1,2006-02-01,38.0,33.24,0.64
Chamoli,Chamoli_S1,2006-03-01,51.5,31.97,0.64
Chamoli,Chamoli_S1,2006-04-01,76.0,35.06,0.64
Chamoli,Chamoli_S1,2006-05-01,102.7,34.3,0.64
Chamoli,Chamoli_S1,2006-06-01,330.1,34.39,0.64
Chamoli,Chamoli_S1,2006-07-01,505.0,45.24,0.64
Chamoli,Chamoli_S1,2006-08-01,391.4,59.05,0.64
Chamoli,Chamoli_S1,2006-09-01,232.5,49.48,0.64
Chamoli,Chamoli_S1,2006-10-01,90.1,40.54,0.64
Chamoli,Chamoli_S1,2006-11-01,48.9,36.04,0.64
Chamoli,Chamoli_S1,2006-12-01,63.6,29.76,0.64
Chamoli,Chamoli_S1,2007-01-01,25.4,35.82,0.64
Chamoli,Chamoli_S1,2007-02-01,27.6,31.45,0.64
Chamoli,Chamoli_S1,2007-03-01,44.0,31.21,0.64
Chamoli,Chamoli_S1,2007-04-01,51.6,30.51,0.64
Chamoli,Chamoli_S1,2007-05-01,76.1,33.81,0.64
Chamoli,Chamoli_S1,2007-06-01,210.9,33.92,0.64
Chamoli,Chamoli_S1,2007-07-01,273.9,40.2,0.64
Chamoli,Chamoli_S1,2007-08-01,250.1,45.63,0.64
Chamoli,Chamoli_S1,2007-09-01,176.0,40.06,0.64
Chamoli,Chamoli_S1,2007-10-01,79.8,36.21,0.64
Chamoli,Chamoli_S1,2007-11-01,46.0,31.97,0.64
Chamoli,Chamoli_S1,2007-12-01,40.7,32.44,0.64
Chamoli,Chamoli_S1,2008-01-01,33.2,31.53,0.64
Chamoli,Chamoli_S1,2008-02-01,37.9,32.69,0.64
Chamoli,Chamoli_S1,2008-03-01,51.4,29.84,0.64
Chamoli,Chamoli_S1,2008-04-01,75.0,32.91,0.64
Chamoli,Chamoli_S1,2008-05-01,115.1,33.09,0.64
Chamoli,Chamoli_S1,2008-06-01,292.0,33.82,0.64
Chamoli,Chamoli_S1,2008-07-01,476.9,46.3,0.64
Chamoli,Chamoli_S1,2008-08-01,405.1,55.6,0.64
Chamoli,Chamoli_S1,2008-09-01,258.5,50.03,0.64
Chamoli,Chamoli_S1,2008-10-01,115.7,43.43,0.64
Chamoli,Chamoli_S1,2008-11-01,62.2,35.02,0.64
Chamoli,Chamoli_S1,2008-12-01,48.3,31.95,0.64
Chamoli,Chamoli_S1,2009-01-01,34.4,30.72,0.64
Chamoli,Chamoli_S1,2009-02-01,35.7,28.55,0.64
Chamoli,Chamoli_S1,2009-03-01,58.6,30.68,0.64
Chamoli,Chamoli_S1,2009-04-01,82.1,30.52,0.64
Chamoli,Chamoli_S1,2009-05-01,101.8,31.37,0.64
Chamoli,Chamoli_S1,2009-06-01,286.7,33.68,0.64
Chamoli,Chamoli_S1,2009-07-01,414.3,45.91,0.64
Chamoli,Chamoli_S1,2009-08-01,368.1,51.75,0.64
Chamoli,Chamoli_S1,2009-09-01,259.5,47.36,0.64
Chamoli,Chamoli_S1,2009-10-01,142.9,41.36,0.64
Chamoli,Chamoli_S1,2009-11-01,57.9,37.24,0.64
Chamoli,Chamoli_S1,2009-12-01,52.8,27.61,0.64
Chamoli,Chamoli_S1,2010-01-01,24.3,32.27,0.64
Chamoli,Chamoli_S1,2010-02-01,23.1,26.67,0.64
Chamoli,Chamoli_S1,2010-03-01,38.9,27.24,0.64
Chamoli,Chamoli_S1,2010-04-01,51.7,29.35,0.64
Chamoli,Chamoli_S1,2010-05-01,72.1,34.12,0.64
Chamoli,Chamoli_S1,2010-06-01,231.5,34.51,0.64
Chamoli,Chamoli_S1,2010-07-01,258.5,41.89,0.64
Chamoli,Chamoli_S1,2010-08-01,247.3,42.61,0.64
Chamoli,Chamoli_S1,2010-09-01,170.6,37.36,0.64
Chamoli,Chamoli_S1,2010-10-01,80.3,37.26,0.64
Chamoli,Chamoli_S1,2010-11-01,41.3,31.15,0.64
Chamoli,Chamoli_S1,2010-12-01,38.7,28.66,0.64
Chamoli,Chamoli_S1,2011-01-01,34.0,29.93,0.64
Chamoli,Chamoli_S1,2011-02-01,38.5,28.7,0.64
Chamoli,Chamoli_S1,2011-03-01,57.7,30.88,0.64
Chamoli,Chamoli_S1,2011-04-01,80.5,27.62,0.64
Chamoli,Chamoli_S1,2011-05-01,93.3,31.86,0.64
Chamoli,Chamoli_S1,2011-06-01,266.3,30.96,0.64
Chamoli,Chamoli_S1,2011-07-01,420.7,40.71,0.64
Chamoli,Chamoli_S1,2011-08-01,282.7,50.48,0.64
Chamoli,Chamoli_S1,2011-09-01,242.4,39.94,0.64
Chamoli,Chamoli_S1,2011-10-01,116.8,40.43,0.64
Chamoli,Chamoli_S1,2011-11-01,51.3,33.02,0.64
Chamoli,Chamoli_S1,2011-12-01,52.0,28.87,0.64
Chamoli,Chamoli_S1,2012-01-01,24.9,29.14,0.64
Chamoli,Chamoli_S1,2012-02-01,25.0,28.15,0.64
Chamoli,Chamoli_S1,2012-03-01,36.9,27.24,0.64
Chamoli,Chamoli_S1,2012-04-01,48.9,28.92,0.64
Chamoli,Chamoli_S1,2012-05-01,76.3,29.09,0.64
Chamoli,Chamoli_S1,2012-06-01,203.3,29.94,0.64
Chamoli,Chamoli_S1,2012-07-01,328.9,40.47,0.64
Chamoli,Chamoli_S1,2012-08-01,251.9,44.91,0.64
Chamoli,Chamoli_S1,2012-09-01,173.7,39.14,0.64
Chamoli,Chamoli_S1,2012-10-01,74.4,36.03,0.64
Chamoli,Chamoli_S1,2012-11-01,37.2,28.98,0.64
Chamoli,Chamoli_S1,2012-12-01,33.7,27.94,0.64
Chamoli,Chamoli_S1,2013-01-01,21.4,27.88,0.64
Chamoli,Chamoli_S1,2013-02-01,24.0,25.93,0.64
Chamoli,Chamoli_S1,2013-03-01,38.6,28.29,0.64
Chamoli,Chamoli_S1,2013-04-01,40.6,27.74,0.64
Chamoli,Chamoli_S1,2013-05-01,68.0,28.01,0.64
Chamoli,Chamoli_S1,2013-06-01,168.8,29.03,0.64
Chamoli,Chamoli_S1,2013-07-01,255.1,40.2,0.64
Chamoli,Chamoli_S1,2013-08-01,257.3,38.08,0.64
Chamoli,Chamoli_S1,2013-09-01,148.5,35.36,0.64
Chamoli,Chamoli_S1,2013-10-01,70.8,31.11,0.64
Chamoli,Chamoli_S1,2013-11-01,39.7,30.92,0.64
Chamoli,Chamoli_S1,2013-12-01,36.8,30.04,0.64
Chamoli,Chamoli_S1,2014-01-01,27.8,27.02,0.64
Chamoli,Chamoli_S1,2014-02-01,25.6,29.22,0.64
Chamoli,Chamoli_S1,2014-03-01,42.6,28.33,0.64
Chamoli,Chamoli_S1,2014-04-01,57.2,27.86,0.64
Chamoli,Chamoli_S1,2014-05-01,73.4,28.45,0.64
Chamoli,Chamoli_S1,2014-06-01,222.8,29.86,0.64
Chamoli,Chamoli_S1,2014-07-01,299.3,38.71,0.64
Chamoli,Chamoli_S1,2014-08-01,286.6,41.69,0.64
Chamoli,Chamoli_S1,2014-09-01,190.4,38.82,0.64
Chamoli,Chamoli_S1,2014-10-01,85.5,34.98,0.64
Chamoli,Chamoli_S1,2014-11-01,40.2,32.94,0.64
Chamoli,Chamoli_S1,2014-12-01,44.3,28.01,0.64
Chamoli,Chamoli_S1,2015-01-01,24.1,29.03,0.64
Chamoli,Chamoli_S1,2015-02-01,20.1,27.49,0.64
Chamoli,Chamoli_S1,2015-03-01,40.2,26.89,0.64
Chamoli,Chamoli_S1,2015-04-01,50.3,27.63,0.64
Chamoli,Chamoli_S1,2015-05-01,83.4,29.2,0.64
Chamoli,Chamoli_S1,2015-06-01,181.5,30.6,0.64
Chamoli,Chamoli_S1,2015-07-01,281.0,34.8,0.64
Chamoli,Chamoli_S1,2015-08-01,279.5,37.85,0.64
Chamoli,Chamoli_S1,2015-09-01,160.7,39.83,0.64
Chamoli,Chamoli_S1,2015-10-01,83.5,33.05,0.64
Chamoli,Chamoli_S1,2015-11-01,38.6,28.86,0.64
Chamoli,Chamoli_S1,2015-12-01,40.3,30.69,0.64
Chamoli,Chamoli_S1,2016-01-01,36.3,25.02,0.64
Chamoli,Chamoli_S1,2016-02-01,34.0,28.16,0.64
Chamoli,Chamoli_S1,2016-03-01,47.4,25.56,0.64
Chamoli,Chamoli_S1,2016-04-01,65.1,27.5,0.64
Chamoli,Chamoli_S1,2016-05-01,106.5,31.76,0.64
Chamoli,Chamoli_S1,2016-06-01,248.1,28.66,0.64
Chamoli,Chamoli_S1,2016-07-01,366.2,35.61,0.64
Chamoli,Chamoli_S1,2016-08-01,327.3,42.57,0.64
Chamoli,Chamoli_S1,2016-09-01,217.7,38.94,0.64
Chamoli,Chamoli_S1,2016-10-01,93.1,36.86,0.64
Chamoli,Chamoli_S1,2016-11-01,43.1,28.45,0.64
Chamoli,Chamoli_S1,2016-12-01,52.8,27.65,0.64
Chamoli,Chamoli_S1,2017-01-01,30.4,25.39,0.64
Chamoli,Chamoli_S1,2017-02-01,36.5,23.73,0.64
Chamoli,Chamoli_S1,2017-03-01,57.8,26.03,0.64
Chamoli,Chamoli_S1,2017-04-01,74.3,25.17,0.64
Chamoli,Chamoli_S1,2017-05-01,102.9,30.19,0.64
Chamoli,Chamoli_S1,2017-06-01,262.4,27.13,0.64
Chamoli,Chamoli_S1,2017-07-01,392.8,35.02,0.64
Chamoli,Chamoli_S1,2017-08-01,361.9,43.98,0.64
Chamoli,Chamoli_S1,2017-09-01,232.4,40.33,0.64
Chamoli,Chamoli_S1,2017-10-01,104.9,32.66,0.64
Chamoli,Chamoli_S1,2017-11-01,48.6,32.23,0.64
Chamoli,Chamoli_S1,2017-12-01,55.0,25.21,0.64
Chamoli,Chamoli_S1,2018-01-01,33.7,26.54,0.64
Chamoli,Chamoli_S1,2018-02-01,33.5,25.48,0.64
Chamoli,Chamoli_S1,2018-03-01,56.5,26.61,0.64
Chamoli,Chamoli_S1,2018-04-01,63.1,27.36,0.64
Chamoli,Chamoli_S1,2018-05-01,109.8,25.89,0.64
Chamoli,Chamoli_S1,2018-06-01,249.9,28.68,0.64
Chamoli,Chamoli_S1,2018-07-01,397.5,35.26,0.64
Chamoli,Chamoli_S1,2018-08-01,364.6,44.09,0.64
Chamoli,Chamoli_S1,2018-09-01,210.7,38.51,0.64
Chamoli,Chamoli_S1,2018-10-01,112.8,37.07,0.64
Chamoli,Chamoli_S1,2018-11-01,51.7,27.96,0.64
Chamoli,Chamoli_S1,2018-12-01,46.3,26.17,0.64
Chamoli,Chamoli_S1,2019-01-01,31.9,24.39,0.64
Chamoli,Chamoli_S1,2019-02-01,31.4,23.55,0.64
Chamoli,Chamoli_S1,2019-03-01,40.2,24.03,0.64
Chamoli,Chamoli_S1,2019-04-01,57.9,24.25,0.64
Chamoli,Chamoli_S1,2019-05-01,89.2,25.72,0.64
Chamoli,Chamoli_S1,2019-06-01,224.6,26.31,0.64
Chamoli,Chamoli_S1,2019-07-01,382.6,35.01,0.64
Chamoli,Chamoli_S1,2019-08-01,298.1,39.42,0.64
Chamoli,Chamoli_S1,2019-09-01,189.3,35.43,0.64
Chamoli,Chamoli_S1,2019-10-01,96.1,31.43,0.64
Chamoli,Chamoli_S1,2019-11-01,42.6,29.14,0.64
Chamoli,Chamoli_S1,2019-12-01,47.4,25.55,0.64
Chamoli,Chamoli_S1,2020-01-01,22.4,25.34,0.64
Chamoli,Chamoli_S1,2020-02-01,25.2,22.55,0.64
Chamoli,Chamoli_S1,2020-03-01,39.2,22.98,0.64
Chamoli,Chamoli_S1,2020-04-01,43.6,23.38,0.64
Chamoli,Chamoli_S1,2020-05-01,64.8,26.77,0.64
Chamoli,Chamoli_S1,2020-06-01,194.4,26.74,0.64
Chamoli,Chamoli_S1,2020-07-01,243.0,30.47,0.64
Chamoli,Chamoli_S1,2020-08-01,227.5,33.02,0.64
Chamoli,Chamoli_S1,2020-09-01,161.7,31.86,0.64
Chamoli,Chamoli_S1,2020-10-01,66.7,28.89,0.64
Chamoli,Chamoli_S1,2020-11-01,29.4,26.53,0.64
Chamoli,Chamoli_S1,2020-12-01,31.2,23.87,0.64
Chamoli,Chamoli_S1,2021-01-01,26.4,26.79,0.64
Chamoli,Chamoli_S1,2021-02-01,30.3,25.51,0.64
Chamoli,Chamoli_S1,2021-03-01,41.4,25.73,0.64
Chamoli,Chamoli_S1,2021-04-01,70.2,25.43,0.64
Chamoli,Chamoli_S1,2021-05-01,109.3,25.3,0.64
Chamoli,Chamoli_S1,2021-06-01,227.3,28.35,0.64
Chamoli,Chamoli_S1,2021-07-01,348.5,32.14,0.64
Chamoli,Chamoli_S1,2021-08-01,286.6,41.1,0.64
Chamoli,Chamoli_S1,2021-09-01,196.8,35.93,0.64
Chamoli,Chamoli_S1,2021-10-01,106.6,31.62,0.64
Chamoli,Chamoli_S1,2021-11-01,44.8,27.37,0.64
Chamoli,Chamoli_S1,2021-12-01,45.5,26.57,0.64
Chamoli,Chamoli_S1,2022-01-01,29.1,22.69,0.64
Chamoli,Chamoli_S1,2022-02-01,19.7,25.86,0.64
Chamoli,Chamoli_S1,2022-03-01,38.5,23.02,0.64
Chamoli,Chamoli_S1,2022-04-01,53.0,22.33,0.64
Chamoli,Chamoli_S1,2022-05-01,75.6,23.69,0.64
Chamoli,Chamoli_S1,2022-06-01,227.6,23.45,0.64
Chamoli,Chamoli_S1,2022-07-01,320.9,33.16,0.64
Chamoli,Chamoli_S1,2022-08-01,236.1,34.23,0.64
Chamoli,Chamoli_S1,2022-09-01,202.0,32.65,0.64
Chamoli,Chamoli_S1,2022-10-01,70.8,32.6,0.64
Chamoli,Chamoli_S1,2022-11-01,44.0,24.3,0.64
Chamoli,Chamoli_S1,2022-12-01,40.4,23.64,0.64
Chamoli,Chamoli_S1,2023-01-01,27.7,22.21,0.64
Chamoli,Chamoli_S1,2023-02-01,28.6,22.73,0.64
Chamoli,Chamoli_S1,2023-03-01,43.7,26.17,0.64
Chamoli,Chamoli_S1,2023-04-01,53.1,24.72,0.64
Chamoli,Chamoli_S1,2023-05-01,84.4,23.84,0.64
Chamoli,Chamoli_S1,2023-06-01,215.1,24.67,0.64
Chamoli,Chamoli_S1,2023-07-01,284.6,30.91,0.64
Chamoli,Chamoli_S1,2023-08-01,267.8,34.1,0.64
Chamoli,Chamoli_S1,2023-09-01,169.1,32.42,0.64
Chamoli,Chamoli_S1,2023-10-01,83.1,29.65,0.64
Chamoli,Chamoli_S1,2023-11-01,44.5,24.0,0.64
Chamoli,Chamoli_S1,2023-12-01,43.4,22.4,0.64
Chamoli,Chamoli_S1,2024-01-01,33.1,23.88,0.64
Chamoli,Chamoli_S1,2024-02-01,41.7,21.63,0.64
Chamoli,Chamoli_S1,2024-03-01,60.3,24.15,0.64
Chamoli,Chamoli_S1,2024-04-01,85.6,24.03,0.64
Chamoli,Chamoli_S1,2024-05-01,127.5,22.78,0.64
Chamoli,Chamoli_S1,2024-06-01,317.2,26.93,0.64
Chamoli,Chamoli_S1,2024-07-01,448.1,31.74,0.64
Chamoli,Chamoli_S1,2024-08-01,377.9,41.46,0.64
Chamoli,Chamoli_S1,2024-09-01,274.0,36.62,0.64
Chamoli,Chamoli_S1,2024-10-01,102.4,35.73,0.64
Chamoli,Chamoli_S1,2024-11-01,64.0,26.9,0.64
Chamoli,Chamoli_S1,2024-12-01,60.2,22.63,0.64
Chamoli,Chamoli_S1,2025-01-01,28.2,21.31,0.64
Chamoli,Chamoli_S1,2025-02-01,28.4,21.5,0.64
Chamoli,Chamoli_S1,2025-03-01,47.6,20.95,0.64
Chamoli,Chamoli_S1,2025-04-01,72.3,25.18,0.64
Chamoli,Chamoli_S1,2025-05-01,94.6,24.04,0.64
Chamoli,Chamoli_S1,2025-06-01,219.5,26.1,0.64
Chamoli,Chamoli_S1,2025-07-01,332.0,29.58,0.64
Chamoli,Chamoli_S1,2025-08-01,302.8,34.26,0.64
Chamoli,Chamoli_S1,2025-09-01,173.0,33.27,0.64
Chamoli,Chamoli_S1,2025-10-01,77.5,29.52,0.64
Chamoli,Chamoli_S1,2025-11-01,42.9,24.41,0.64
Chamoli,Chamoli_S1,2025-12-01,45.9,21.4,0.64
Chamoli,Chamoli_S2,2005-01-01,35.0,56.04,0.64
Chamoli,Chamoli_S2,2005-02-01,30.3,41.92,0.64
Chamoli,Chamoli_S2,2005-03-01,51.0,49.86,0.64
Chamoli,Chamoli_S2,2005-04-01,67.4,50.34,0.64
Chamoli,Chamoli_S2,2005-05-01,117.4,51.71,0.64
Chamoli,Chamoli_S2,2005-06-01,231.5,54.67,0.64
Chamoli,Chamoli_S2,2005-07-01,392.1,63.89,0.64
Chamoli,Chamoli_S2,2005-08-01,411.9,78.37,0.64
Chamoli,Chamoli_S2,2005-09-01,240.4,83.33,0.64
Chamoli,Chamoli_S2,2005-10-01,118.9,68.35,0.64
Chamoli,Chamoli_S2,2005-11-01,48.2,54.8,0.64
Chamoli,Chamoli_S2,2005-12-01,48.3,51.48,0.64
Chamoli,Chamoli_S2,2006-01-01,38.0,48.88,0.64
Chamoli,Chamoli_S2,2006-02-01,38.0,46.88,0.64
Chamoli,Chamoli_S2,2006-03-01,51.5,48.48,0.64
Chamoli,Chamoli_S2,2006-04-01,76.0,45.76,0.64
Chamoli,Chamoli_S2,2006-05-01,102.7,51.74,0.64
Chamoli,Chamoli_S2,2006-06-01,330.1,49.25,0.64
Chamoli,Chamoli_S2,2006-07-01,505.0,69.22,0.64
Chamoli,Chamoli_S2,2006-08-01,391.4,79.09,0.64
Chamoli,Chamoli_S2,2006-09-01,232.5,77.33,0.64
Chamoli,Chamoli_S2,2006-10-01,90.1,69.35,0.64
Chamoli,Chamoli_S2,2006-11-01,48.9,51.53,0.64
Chamoli,Chamoli_S2,2006-12-01,63.6,49.75,0.64
Chamoli,Chamoli_S2,2007-01-01,25.4,55.18,0.64
Chamoli,Chamoli_S2,2007-02-01,27.6,46.96,0.64
Chamoli,Chamoli_S2,2007-03-01,44.0,44.37,0.64
Chamoli,Chamoli_S2,2007-04-01,51.6,45.96,0.64
Chamoli,Chamoli_S2,2007-05-01,76.1,48.02,0.64
Chamoli,Chamoli_S2,2007-06-01,210.9,48.43,0.64
Chamoli,Chamoli_S2,2007-07-01,273.9,59.65,0.64
Chamoli,Chamoli_S2,2007-08-01,250.1,69.87,0.64
Chamoli,Chamoli_S2,2007-09-01,176.0,67.78,0.64
Chamoli,Chamoli_S2,2007-10-01,79.8,53.32,0.64
Chamoli,Chamoli_S2,2007-11-01,46.0,47.86,0.64
Chamoli,Chamoli_S2,2007-12-01,40.7,45.88,0.64
Chamoli,Chamoli_S2,2008-01-01,33.2,47.84,0.64
Chamoli,Chamoli_S2,2008-02-01,37.9,48.35,0.64
Chamoli,Chamoli_S2,2008-03-01,51.4,52.27,0.64
Chamoli,Chamoli_S2,2008-04-01,75.0,46.0,0.64
Chamoli,Chamoli_S2,2008-05-01,115.1,47.97,0.64
Chamoli,Chamoli_S2,2008-06-01,292.0,53.77,0.64
Chamoli,Chamoli_S2,2008-07-01,476.9,64.56,0.64
Chamoli,Chamoli_S2,2008-08-01,405.1,81.49,0.64
Chamoli,Chamoli_S2,2008-09-01,258.5,74.4,0.64
Chamoli,Chamoli_S2,2008-10-01,115.7,55.38,0.64
Chamoli,Chamoli_S2,2008-11-01,62.2,52.16,0.64
Chamoli,Chamoli_S2,2008-12-01,48.3,46.91,0.64
Chamoli,Chamoli_S2,2009-01-01,34.4,49.05,0.64
Chamoli,Chamoli_S2,2009-02-01,35.7,44.91,0.64
Chamoli,Chamoli_S2,2009-03-01,58.6,42.11,0.64
Chamoli,Chamoli_S2,2009-04-01,82.1,46.12,0.64
Chamoli,Chamoli_S2,2009-05-01,101.8,43.48,0.64
Chamoli,Chamoli_S2,2009-06-01,286.7,47.05,0.64
Chamoli,Chamoli_S2,2009-07-01,414.3,67.11,0.64
Chamoli,Chamoli_S2,2009-08-01,368.1,74.37,0.64
Chamoli,Chamoli_S2,2009-09-01,259.5,74.72,0.64
Chamoli,Chamoli_S2,2009-10-01,142.9,56.36,0.64
Chamoli,Chamoli_S2,2009-11-01,57.9,52.33,0.64
Chamoli,Chamoli_S2,2009-12-01,52.8,44.93,0.64
Chamoli,Chamoli_S2,2010-01-01,24.3,47.71,0.64
Chamoli,Chamoli_S2,2010-02-01,23.1,44.62,0.64
Chamoli,Chamoli_S2,2010-03-01,38.9,44.37,0.64
Chamoli,Chamoli_S2,2010-04-01,51.7,47.59,0.64
Chamoli,Chamoli_S2,2010-05-01,72.1,44.31,0.64
Chamoli,Chamoli_S2,2010-06-01,231.5,49.8,0.64
Chamoli,Chamoli_S2,2010-07-01,258.5,56.21,0.64
Chamoli,Chamoli_S2,2010-08-01,247.3,58.04,0.64
Chamoli,Chamoli_S2,2010-09-01,170.6,62.64,0.64
Chamoli,Chamoli_S2,2010-10-01,80.3,50.1,0.64
Chamoli,Chamoli_S2,2010-11-01,41.3,48.27,0.64
Chamoli,Chamoli_S2,2010-12-01,38.7,43.99,0.64
Chamoli,Chamoli_S2,2011-01-01,34.0,45.82,0.64
Chamoli,Chamoli_S2,2011-02-01,38.5,42.91,0.64
Chamoli,Chamoli_S2,2011-03-01,57.7,43.45,0.64
Chamoli,Chamoli_S2,2011-04-01,80.5,45.9,0.64
Chamoli,Chamoli_S2,2011-05-01,93.3,44.92,0.64
Chamoli,Chamoli_S2,2011-06-01,266.3,45.71,0.64
Chamoli,Chamoli_S2,2011-07-01,420.7,62.25,0.64
Chamoli,Chamoli_S2,2011-08-01,282.7,72.64,0.64
Chamoli,Chamoli_S2,2011-09-01,242.4,60.62,0.64
Chamoli,Chamoli_S2,2011-10-01,116.8,58.4,0.64
Chamoli,Chamoli_S2,2011-11-01,51.3,52.69,0.64
Chamoli,Chamoli_S2,2011-12-01,52.0,42.68,0.64
Chamoli,Chamoli_S2,2012-01-01,24.9,42.59,0.64
Chamoli,Chamoli_S2,2012-02-01,25.0,37.92,0.64
Chamoli,Chamoli_S2,2012-03-01,36.9,41.31,0.64
Chamoli,Chamoli_S2,2012-04-01,48.9,43.62,0.64
Chamoli,Chamoli_S2,2012-05-01,76.3,44.89,0.64
Chamoli,Chamoli_S2,2012-06-01,203.3,45.36,0.64
Chamoli,Chamoli_S2,2012-07-01,328.9,57.37,0.64
Chamoli,Chamoli_S2,2012-08-01,251.9,66.59,0.64
Chamoli,Chamoli_S2,2012-09-01,173.7,61.5,0.64
Chamoli,Chamoli_S2,2012-10-01,74.4,54.78,0.64
Chamoli,Chamoli_S2,2012-11-01,37.2,48.08,0.64
Chamoli,Chamoli_S2,2012-12-01,33.7,41.33,0.64
Chamoli,Chamoli_S2,2013-01-01,21.4,38.6,0.64
Chamoli,Chamoli_S2,2013-02-01,24.0,41.68,0.64
Chamoli,Chamoli_S2,2013-03-01,38.6,42.05,0.64
Chamoli,Chamoli_S2,2013-04-01,40.6,44.76,0.64
Chamoli,Chamoli_S2,2013-05-01,68.0,44.24,0.64
Chamoli,Chamoli_S2,2013-06-01,168.8,47.8,0.64
Chamoli,Chamoli_S2,2013-07-01,255.1,52.62,0.64
Chamoli,Chamoli_S2,2013-08-01,257.3,58.06,0.64
Chamoli,Chamoli_S2,2013-09-01,148.5,53.49,0.64
Chamoli,Chamoli_S2,2013-10-01,70.8,50.02,0.64
Chamoli,Chamoli_S2,2013-11-01,39.7,42.2,0.64
Chamoli,Chamoli_S2,2013-12-01,36.8,41.45,0.64
Chamoli,Chamoli_S2,2014-01-01,27.8,40.84,0.64
Chamoli,Chamoli_S2,2014-02-01,25.6,40.94,0.64
Chamoli,Chamoli_S2,2014-03-01,42.6,39.57,0.64
Chamoli,Chamoli_S2,2014-04-01,57.2,42.86,0.64
Chamoli,Chamoli_S2,2014-05-01,73.4,36.24,0.64
Chamoli,Chamoli_S2,2014-06-01,222.8,43.48,0.64
Chamoli,Chamoli_S2,2014-07-01,299.3,57.2,0.64
Chamoli,Chamoli_S2,2014-08-01,286.6,65.03,0.64
Chamoli,Chamoli_S2,2014-09-01,190.4,60.58,0.64
Chamoli,Chamoli_S2,2014-10-01,85.5,55.64,0.64
Chamoli,Chamoli_S2,2014-11-01,40.2,43.95,0.64
Chamoli,Chamoli_S2,2014-12-01,44.3,40.22,0.64
Chamoli,Chamoli_S2,2015-01-01,24.1,41.51,0.64
Chamoli,Chamoli_S2,2015-02-01,20.1,38.9,0.64
Chamoli,Chamoli_S2,2015-03-01,40.2,37.04,0.64
Chamoli,Chamoli_S2,2015-04-01,50.3,38.9,0.64
Chamoli,Chamoli_S2,2015-05-01,83.4,38.34,0.64
Chamoli,Chamoli_S2,2015-06-01,181.5,44.04,0.64
Chamoli,Chamoli_S2,2015-07-01,281.0,49.91,0.64
Chamoli,Chamoli_S2,2015-08-01,279.5,55.91,0.64
Chamoli,Chamoli_S2,2015-09-01,160.7,55.12,0.64
Chamoli,Chamoli_S2,2015-10-01,83.5,49.35,0.64
Chamoli,Chamoli_S2,2015-11-01,38.6,44.2,0.64
Chamoli,Chamoli_S2,2015-12-01,40.3,37.05,0.64
Chamoli,Chamoli_S2,2016-01-01,36.3,36.79,0.64
Chamoli,Chamoli_S2,2016-02-01,34.0,40.84,0.64
Chamoli,Chamoli_S2,2016-03-01,47.4,36.08,0.64
Chamoli,Chamoli_S2,2016-04-01,65.1,40.71,0.64
Chamoli,Chamoli_S2,2016-05-01,106.5,44.1,0.64
Chamoli,Chamoli_S2,2016-06-01,248.1,47.19,0.64
Chamoli,Chamoli_S2,2016-07-01,366.2,55.52,0.64
Chamoli,Chamoli_S2,2016-08-01,327.3,63.94,0.64
Chamoli,Chamoli_S2,2016-09-01,217.7,65.55,0.64
Chamoli,Chamoli_S2,2016-10-01,93.1,45.17,0.64
Chamoli,Chamoli_S2,2016-11-01,43.1,41.36,0.64
Chamoli,Chamoli_S2,2016-12-01,52.8,40.43,0.64
Chamoli,Chamoli_S2,2017-01-01,30.4,38.72,0.64
Chamoli,Chamoli_S2,2017-02-01,36.5,40.1,0.64
Chamoli,Chamoli_S2,2017-03-01,57.8,38.05,0.64
Chamoli,Chamoli_S2,2017-04-01,74.3,39.8,0.64
Chamoli,Chamoli_S2,2017-05-01,102.9,40.05,0.64
Chamoli,Chamoli_S2,2017-06-01,262.4,41.4,0.64
Chamoli,Chamoli_S2,2017-07-01,392.8,51.98,0.64
Chamoli,Chamoli_S2,2017-08-01,361.9,63.17,0.64
Chamoli,Chamoli_S2,2017-09-01,232.4,57.76,0.64
Chamoli,Chamoli_S2,2017-10-01,104.9,53.54,0.64
Chamoli,Chamoli_S2,2017-11-01,48.6,43.67,0.64
Chamoli,Chamoli_S2,2017-12-01,55.0,40.47,0.64
Chamoli,Chamoli_S2,2018-01-01,33.7,36.55,0.64
Chamoli,Chamoli_S2,2018-02-01,33.5,34.05,0.64
Chamoli,Chamoli_S2,2018-03-01,56.5,37.13,0.64
Chamoli,Chamoli_S2,2018-04-01,63.1,44.23,0.64
Chamoli,Chamoli_S2,2018-05-01,109.8,41.48,0.64
Chamoli,Chamoli_S2,2018-06-01,249.9,40.94,0.64
Chamoli,Chamoli_S2,2018-07-01,397.5,52.59,0.64
Chamoli,Chamoli_S2,2018-08-01,364.6,63.59,0.64
Chamoli,Chamoli_S2,2018-09-01,210.7,55.0,0.64
Chamoli,Chamoli_S2,2018-10-01,112.8,51.92,0.64
Chamoli,Chamoli_S2,2018-11-01,51.7,41.6,0.64
Chamoli,Chamoli_S2,2018-12-01,46.3,37.61,0.64
Chamoli,Chamoli_S2,2019-01-01,31.9,37.4,0.64
Chamoli,Chamoli_S2,2019-02-01,31.4,38.41,0.64
Chamoli,Chamoli_S2,2019-03-01,40.2,34.87,0.64
Chamoli,Chamoli_S2,2019-04-01,57.9,33.62,0.64
Chamoli,Chamoli_S2,2019-05-01,89.2,38.48,0.64
Chamoli,Chamoli_S2,2019-06-01,224.6,35.8,0.64
Chamoli,Chamoli_S2,2019-07-01,382.6,48.03,0.64
Chamoli,Chamoli_S2,2019-08-01,298.1,62.62,0.64
Chamoli,Chamoli_S2,2019-09-01,189.3,54.99,0.64
Chamoli,Chamoli_S2,2019-10-01,96.1,48.6,0.64
Chamoli,Chamoli_S2,2019-11-01,42.6,41.23,0.64
Chamoli,Chamoli_S2,2019-12-01,47.4,40.8,0.64
Chamoli,Chamoli_S2,2020-01-01,22.4,35.59,0.64
Chamoli,Chamoli_S2,2020-02-01,25.2,35.66,0.64
Chamoli,Chamoli_S2,2020-03-01,39.2,34.32,0.64
Chamoli,Chamoli_S2,2020-04-01,43.6,37.66,0.64
Chamoli,Chamoli_S2,2020-05-01,64.8,36.05,0.64
Chamoli,Chamoli_S2,2020-06-01,194.4,40.7,0.64
Chamoli,Chamoli_S2,2020-07-01,243.0,44.6,0.64
Chamoli,Chamoli_S2,2020-08-01,227.5,52.31,0.64
Chamoli,Chamoli_S2,2020-09-01,161.7,49.21,0.64
Chamoli,Chamoli_S2,2020-10-01,66.7,43.39,0.64
Chamoli,Chamoli_S2,2020-11-01,29.4,38.29,0.64
Chamoli,Chamoli_S2,2020-12-01,31.2,35.27,0.64
Chamoli,Chamoli_S2,2021-01-01,26.4,35.5,0.64
Chamoli,Chamoli_S2,2021-02-01,30.3,34.15,0.64
Chamoli,Chamoli_S2,2021-03-01,41.4,33.48,0.64
Chamoli,Chamoli_S2,2021-04-01,70.2,34.75,0.64
Chamoli,Chamoli_S2,2021-05-01,109.3,34.0,0.64
Chamoli,Chamoli_S2,2021-06-01,227.3,41.2,0.64
Chamoli,Chamoli_S2,2021-07-01,348.5,44.06,0.64
Chamoli,Chamoli_S2,2021-08-01,286.6,53.97,0.64
Chamoli,Chamoli_S2,2021-09-01,196.8,52.19,0.64
Chamoli,Chamoli_S2,2021-10-01,106.6,46.67,0.64
Chamoli,Chamoli_S2,2021-11-01,44.8,35.56,0.64
Chamoli,Chamoli_S2,2021-12-01,45.5,34.91,0.64
Chamoli,Chamoli_S2,2022-01-01,29.1,35.86,0.64
Chamoli,Chamoli_S2,2022-02-01,19.7,34.05,0.64
Chamoli,Chamoli_S2,2022-03-01,38.5,35.56,0.64
Chamoli,Chamoli_S2,2022-04-01,53.0,33.02,0.64
Chamoli,Chamoli_S2,2022-05-01,75.6,31.67,0.64
Chamoli,Chamoli_S2,2022-06-01,227.6,38.12,0.64
Chamoli,Chamoli_S2,2022-07-01,320.9,44.78,0.64
Chamoli,Chamoli_S2,2022-08-01,236.1,47.18,0.64
Chamoli,Chamoli_S2,2022-09-01,202.0,46.02,0.64
Chamoli,Chamoli_S2,2022-10-01,70.8,46.91,0.64
Chamoli,Chamoli_S2,2022-11-01,44.0,33.74,0.64
Chamoli,Chamoli_S2,2022-12-01,40.4,38.31,0.64
Chamoli,Chamoli_S2,2023-01-01,27.7,32.6,0.64
Chamoli,Chamoli_S2,2023-02-01,28.6,33.33,0.64
Chamoli,Chamoli_S2,2023-03-01,43.7,31.16,0.64
Chamoli,Chamoli_S2,2023-04-01,53.1,34.12,0.64
Chamoli,Chamoli_S2,2023-05-01,84.4,34.33,0.64
Chamoli,Chamoli_S2,2023-06-01,215.1,33.7,0.64
Chamoli,Chamoli_S2,2023-07-01,284.6,50.57,0.64
Chamoli,Chamoli_S2,2023-08-01,267.8,47.26,0.64
Chamoli,Chamoli_S2,2023-09-01,169.1,46.19,0.64
Chamoli,Chamoli_S2,2023-10-01,83.1,43.3,0.64
Chamoli,Chamoli_S2,2023-11-01,44.5,39.29,0.64
Chamoli,Chamoli_S2,2023-12-01,43.4,35.52,0.64
Chamoli,Chamoli_S2,2024-01-01,33.1,31.49,0.64
Chamoli,Chamoli_S2,2024-02-01,41.7,33.18,0.64
Chamoli,Chamoli_S2,2024-03-01,60.3,30.16,0.64
Chamoli,Chamoli_S2,2024-04-01,85.6,35.9,0.64
Chamoli,Chamoli_S2,2024-05-01,127.5,32.88,0.64
Chamoli,Chamoli_S2,2024-06-01,317.2,36.71,0.64
Chamoli,Chamoli_S2,2024-07-01,448.1,49.49,0.64
Chamoli,Chamoli_S2,2024-08-01,377.9,58.48,0.64
Chamoli,Chamoli_S2,2024-09-01,274.0,52.24,0.64
Chamoli,Chamoli_S2,2024-10-01,102.4,50.22,0.64
Chamoli,Chamoli_S2,2024-11-01,64.0,37.75,0.64
Chamoli,Chamoli_S2,2024-12-01,60.2,35.19,0.64
Chamoli,Chamoli_S2,2025-01-01,28.2,31.73,0.64
Chamoli,Chamoli_S2,2025-02-01,28.4,34.58,0.64
Chamoli,Chamoli_S2,2025-03-01,47.6,30.54,0.64
Chamoli,Chamoli_S2,2025-04-01,72.3,35.75,0.64
Chamoli,Chamoli_S2,2025-05-01,94.6,37.76,0.64
Chamoli,Chamoli_S2,2025-06-01,219.5,36.45,0.64
Chamoli,Chamoli_S2,2025-07-01,332.0,44.98,0.64
Chamoli,Chamoli_S2,2025-08-01,302.8,41.67,0.64
Chamoli,Chamoli_S2,2025-09-01,173.0,47.01,0.64
Chamoli,Chamoli_S2,2025-10-01,77.5,42.04,0.64
Chamoli,Chamoli_S2,2025-11-01,42.9,35.82,0.64
Chamoli,Chamoli_S2,2025-12-01,45.9,30.21,0.64
Chamoli,Chamoli_S3,2005-01-01,35.0,47.26,0.64
Chamoli,Chamoli_S3,2005-02-01,30.3,35.75,0.64
Chamoli,Chamoli_S3,2005-03-01,51.0,41.3,0.64
Chamoli,Chamoli_S3,2005-04-01,67.4,42.94,0.64
Chamoli,Chamoli_S3,2005-05-01,117.4,40.7,0.64
Chamoli,Chamoli_S3,2005-06-01,231.5,46.42,0.64
Chamoli,Chamoli_S3,2005-07-01,392.1,52.8,0.64
Chamoli,Chamoli_S3,2005-08-01,411.9,65.63,0.64
Chamoli,Chamoli_S3,2005-09-01,240.4,62.41,0.64
Chamoli,Chamoli_S3,2005-10-01,118.9,55.56,0.64
Chamoli,Chamoli_S3,2005-11-01,48.2,41.43,0.64
Chamoli,Chamoli_S3,2005-12-01,48.3,36.38,0.64
Chamoli,Chamoli_S3,2006-01-01,38.0,39.78,0.64
Chamoli,Chamoli_S3,2006-02-01,38.0,38.84,0.64
Chamoli,Chamoli_S3,2006-03-01,51.5,39.75,0.64
Chamoli,Chamoli_S3,2006-04-01,76.0,38.84,0.64
Chamoli,Chamoli_S3,2006-05-01,102.7,45.79,0.64
Chamoli,Chamoli_S3,2006-06-01,330.1,44.06,0.64
Chamoli,Chamoli_S3,2006-07-01,505.0,60.5,0.64
Chamoli,Chamoli_S3,2006-08-01,391.4,72.86,0.64
Chamoli,Chamoli_S3,2006-09-01,232.5,67.25,0.64
Chamoli,Chamoli_S3,2006-10-01,90.1,54.25,0.64
Chamoli,Chamoli_S3,2006-11-01,48.9,43.56,0.64
Chamoli,Chamoli_S3,2006-12-01,63.6,41.13,0.64
Chamoli,Chamoli_S3,2007-01-01,25.4,36.96,0.64
Chamoli,Chamoli_S3,2007-02-01,27.6,34.55,0.64
Chamoli,Chamoli_S3,2007-03-01,44.0,37.91,0.64
Chamoli,Chamoli_S3,2007-04-01,51.6,38.79,0.64
Chamoli,Chamoli_S3,2007-05-01,76.1,40.83,0.64
Chamoli,Chamoli_S3,2007-06-01,210.9,41.41,0.64
Chamoli,Chamoli_S3,2007-07-01,273.9,52.27,0.64
Chamoli,Chamoli_S3,2007-08-01,250.1,51.73,0.64
Chamoli,Chamoli_S3,2007-09-01,176.0,53.42,0.64
Chamoli,Chamoli_S3,2007-10-01,79.8,44.98,0.64
Chamoli,Chamoli_S3,2007-11-01,46.0,42.24,0.64
Chamoli,Chamoli_S3,2007-12-01,40.7,35.37,0.64
Chamoli,Chamoli_S3,2008-01-01,33.2,39.31,0.64
Chamoli,Chamoli_S3,2008-02-01,37.9,35.28,0.64
Chamoli,Chamoli_S3,2008-03-01,51.4,37.63,0.64
Chamoli,Chamoli_S3,2008-04-01,75.0,41.03,0.64
Chamoli,Chamoli_S3,2008-05-01,115.1,41.35,0.64
Chamoli,Chamoli_S3,2008-06-01,292.0,40.04,0.64
Chamoli,Chamoli_S3,2008-07-01,476.9,54.0,0.64
Chamoli,Chamoli_S3,2008-08-01,405.1,63.5,0.64
Chamoli,Chamoli_S3,2008-09-01,258.5,58.22,0.64
Chamoli,Chamoli_S3,2008-10-01,115.7,53.72,0.64
Chamoli,Chamoli_S3,2008-11-01,62.2,44.7,0.64
Chamoli,Chamoli_S3,2008-12-01,48.3,40.61,0.64
Chamoli,Chamoli_S3,2009-01-01,34.4,39.91,0.64
Chamoli,Chamoli_S3,2009-02-01,35.7,37.72,0.64
Chamoli,Chamoli_S3,2009-03-01,58.6,37.28,0.64
Chamoli,Chamoli_S3,2009-04-01,82.1,37.23,0.64
Chamoli,Chamoli_S3,2009-05-01,101.8,40.03,0.64
Chamoli,Chamoli_S3,2009-06-01,286.7,39.45,0.64
Chamoli,Chamoli_S3,2009-07-01,414.3,52.59,0.64
Chamoli,Chamoli_S3,2009-08-01,368.1,63.9,0.64
Chamoli,Chamoli_S3,2009-09-01,259.5,60.04,0.64
Chamoli,Chamoli_S3,2009-10-01,142.9,61.01,0.64
Chamoli,Chamoli_S3,2009-11-01,57.9,41.85,0.64
Chamoli,Chamoli_S3,2009-12-01,52.8,38.77,0.64
Chamoli,Chamoli_S3,2010-01-01,24.3,35.88,0.64
Chamoli,Chamoli_S3,2010-02-01,23.1,35.94,0.64
Chamoli,Chamoli_S3,2010-03-01,38.9,35.9,0.64
Chamoli,Chamoli_S3,2010-04-01,51.7,39.16,0.64
Chamoli,Chamoli_S3,2010-05-01,72.1,37.56,0.64
Chamoli,Chamoli_S3,2010-06-01,231.5,39.39,0.64
Chamoli,Chamoli_S3,2010-07-01,258.5,49.48,0.64
Chamoli,Chamoli_S3,2010-08-01,247.3,48.69,0.64
Chamoli,Chamoli_S3,2010-09-01,170.6,49.87,0.64
Chamoli,Chamoli_S3,2010-10-01,80.3,45.42,0.64
Chamoli,Chamoli_S3,2010-11-01,41.3,40.29,0.64
Chamoli,Chamoli_S3,2010-12-01,38.7,38.52,0.64
Chamoli,Chamoli_S3,2011-01-01,34.0,36.83,0.64
Chamoli,Chamoli_S3,2011-02-01,38.5,36.44,0.64
Chamoli,Chamoli_S3,2011-03-01,57.7,33.98,0.64
Chamoli,Chamoli_S3,2011-04-01,80.5,39.48,0.64
Chamoli,Chamoli_S3,2011-05-01,93.3,38.55,0.64
Chamoli,Chamoli_S3,2011-06-01,266.3,42.29,0.64
Chamoli,Chamoli_S3,2011-07-01,420.7,55.81,0.64
Chamoli,Chamoli_S3,2011-08-01,282.7,62.1,0.64
Chamoli,Chamoli_S3,2011-09-01,242.4,50.64,0.64
Chamoli,Chamoli_S3,2011-10-01,116.8,50.58,0.64
Chamoli,Chamoli_S3,2011-11-01,51.3,42.89,0.64
Chamoli,Chamoli_S3,2011-12-01,52.0,37.14,0.64
Chamoli,Chamoli_S3,2012-01-01,24.9,36.68,0.64
Chamoli,Chamoli_S3,2012-02-01,25.0,36.92,0.64
Chamoli,Chamoli_S3,2012-03-01,36.9,36.77,0.64
Chamoli,Chamoli_S3,2012-04-01,48.9,36.0,0.64
Chamoli,Chamoli_S3,2012-05-01,76.3,34.32,0.64
Chamoli,Chamoli_S3,2012-06-01,203.3,40.09,0.64
Chamoli,Chamoli_S3,2012-07-01,328.9,45.78,0.64
Chamoli,Chamoli_S3,2012-08-01,251.9,56.51,0.64
Chamoli,Chamoli_S3,2012-09-01,173.7,51.13,0.64
Chamoli,Chamoli_S3,2012-10-01,74.4,41.22,0.64
Chamoli,Chamoli_S3,2012-11-01,37.2,39.05,0.64
Chamoli,Chamoli_S3,2012-12-01,33.7,37.33,0.64
Chamoli,Chamoli_S3,2013-01-01,21.4,37.28,0.64
Chamoli,Chamoli_S3,2013-02-01,24.0,35.49,0.64
Chamoli,Chamoli_S3,2013-03-01,38.6,31.93,0.64
Chamoli,Chamoli_S3,2013-04-01,40.6,38.68,0.64
Chamoli,Chamoli_S3,2013-05-01,68.0,37.21,0.64
Chamoli,Chamoli_S3,2013-06-01,168.8,35.92,0.64
Chamoli,Chamoli_S3,2013-07-01,255.1,43.06,0.64
Chamoli,Chamoli_S3,2013-08-01,257.3,51.04,0.64
Chamoli,Chamoli_S3,2013-09-01,148.5,52.27,0.64
Chamoli,Chamoli_S3,2013-10-01,70.8,42.31,0.64
Chamoli,Chamoli_S3,2013-11-01,39.7,39.82,0.64
Chamoli,Chamoli_S3,2013-12-01,36.8,32.92,0.64
Chamoli,Chamoli_S3,2014-01-01,27.8,34.07,0.64
Chamoli,Chamoli_S3,2014-02-01,25.6,31.68,0.64
Chamoli,Chamoli_S3,2014-03-01,42.6,33.57,0.64
Chamoli,Chamoli_S3,2014-04-01,57.2,38.96,0.64
Chamoli,Chamoli_S3,2014-05-01,73.4,40.97,0.64
Chamoli,Chamoli_S3,2014-06-01,222.8,38.61,0.64
Chamoli,Chamoli_S3,2014-07-01,299.3,46.33,0.64
Chamoli,Chamoli_S3,2014-08-01,286.6,52.2,0.64
Chamoli,Chamoli_S3,2014-09-01,190.4,53.14,0.64
Chamoli,Chamoli_S3,2014-10-01,85.5,42.06,0.64
Chamoli,Chamoli_S3,2014-11-01,40.2,37.67,0.64
Chamoli,Chamoli_S3,2014-12-01,44.3,38.38,0.64
Chamoli,Chamoli_S3,2015-01-01,24.1,34.16,0.64
Chamoli,Chamoli_S3,2015-02-01,20.1,33.4,0.64
Chamoli,Chamoli_S3,2015-03-01,40.2,34.43,0.64
Chamoli,Chamoli_S3,2015-04-01,50.3,36.18,0.64
Chamoli,Chamoli_S3,2015-05-01,83.4,35.17,0.64
Chamoli,Chamoli_S3,2015-06-01,181.5,38.55,0.64
Chamoli,Chamoli_S3,2015-07-01,281.0,46.04,0.64
Chamoli,Chamoli_S3,2015-08-01,279.5,56.05,0.64
Chamoli,Chamoli_S3,2015-09-01,160.7,50.58,0.64
Chamoli,Chamoli_S3,2015-10-01,83.5,43.13,0.64
Chamoli,Chamoli_S3,2015-11-01,38.6,41.15,0.64
Chamoli,Chamoli_S3,2015-12-01,40.3,34.35,0.64
Chamoli,Chamoli_S3,2016-01-01,36.3,33.05,0.64
Chamoli,Chamoli_S3,2016-02-01,34.0,35.55,0.64
Chamoli,Chamoli_S3,2016-03-01,47.4,36.81,0.64
Chamoli,Chamoli_S3,2016-04-01,65.1,36.4,0.64
Chamoli,Chamoli_S3,2016-05-01,106.5,36.67,0.64
Chamoli,Chamoli_S3,2016-06-01,248.1,36.6,0.64
Chamoli,Chamoli_S3,2016-07-01,366.2,48.3,0.64
Chamoli,Chamoli_S3,2016-08-01,327.3,59.35,0.64
Chamoli,Chamoli_S3,2016-09-01,217.7,50.09,0.64
Chamoli,Chamoli_S3,2016-10-01,93.1,45.81,0.64
Chamoli,Chamoli_S3,2016-11-01,43.1,37.69,0.64
Chamoli,Chamoli_S3,2016-12-01,52.8,34.0,0.64
Chamoli,Chamoli_S3,2017-01-01,30.4,36.25,0.64
Chamoli,Chamoli_S3,2017-02-01,36.5,35.12,0.64
Chamoli,Chamoli_S3,2017-03-01,57.8,35.47,0.64
Chamoli,Chamoli_S3,2017-04-01,74.3,34.27,0.64
Chamoli,Chamoli_S3,2017-05-01,102.9,33.99,0.64
Chamoli,Chamoli_S3,2017-06-01,262.4,39.31,0.64
Chamoli,Chamoli_S3,2017-07-01,392.8,47.59,0.64
Chamoli,Chamoli_S3,2017-08-01,361.9,62.22,0.64
Chamoli,Chamoli_S3,2017-09-01,232.4,60.17,0.64
Chamoli,Chamoli_S3,2017-10-01,104.9,51.46,0.64
Chamoli,Chamoli_S3,2017-11-01,48.6,36.94,0.64
Chamoli,Chamoli_S3,2017-12-01,55.0,36.19,0.64
Chamoli,Chamoli_S3,2018-01-01,33.7,37.11,0.64
Chamoli,Chamoli_S3,2018-02-01,33.5,35.49,0.64
Chamoli,Chamoli_S3,2018-03-01,56.5,33.54,0.64
Chamoli,Chamoli_S3,2018-04-01,63.1,37.83,0.64
Chamoli,Chamoli_S3,2018-05-01,109.8,35.94,0.64
Chamoli,Chamoli_S3,2018-06-01,249.9,39.06,0.64
Chamoli,Chamoli_S3,2018-07-01,397.5,43.86,0.64
Chamoli,Chamoli_S3,2018-08-01,364.6,58.49,0.64
Chamoli,Chamoli_S3,2018-09-01,210.7,53.85,0.64
Chamoli,Chamoli_S3,2018-10-01,112.8,45.99,0.64
Chamoli,Chamoli_S3,2018-11-01,51.7,39.29,0.64
Chamoli,Chamoli_S3,2018-12-01,46.3,35.32,0.64
Chamoli,Chamoli_S3,2019-01-01,31.9,34.56,0.64
Chamoli,Chamoli_S3,2019-02-01,31.4,35.04,0.64
Chamoli,Chamoli_S3,2019-03-01,40.2,33.32,0.64
Chamoli,Chamoli_S3,2019-04-01,57.9,31.68,0.64
Chamoli,Chamoli_S3,2019-05-01,89.2,36.23,0.64
Chamoli,Chamoli_S3,2019-06-01,224.6,35.63,0.64
Chamoli,Chamoli_S3,2019-07-01,382.6,42.43,0.64
Chamoli,Chamoli_S3,2019-08-01,298.1,52.31,0.64
Chamoli,Chamoli_S3,2019-09-01,189.3,50.59,0.64
Chamoli,Chamoli_S3,2019-10-01,96.1,42.94,0.64
Chamoli,Chamoli_S3,2019-11-01,42.6,33.4,0.64
Chamoli,Chamoli_S3,2019-12-01,47.4,33.41,0.64
Chamoli,Chamoli_S3,2020-01-01,22.4,36.34,0.64
Chamoli,Chamoli_S3,2020-02-01,25.2,32.03,0.64
Chamoli,Chamoli_S3,2020-03-01,39.2,32.64,0.64
Chamoli,Chamoli_S3,2020-04-01,43.6,35.5,0.64
Chamoli,Chamoli_S3,2020-05-01,64.8,35.33,0.64
Chamoli,Chamoli_S3,2020-06-01,194.4,37.04,0.64
Chamoli,Chamoli_S3,2020-07-01,243.0,37.13,0.64
Chamoli,Chamoli_S3,2020-08-01,227.5,50.02,0.64
Chamoli,Chamoli_S3,2020-09-01,161.7,46.48,0.64
Chamoli,Chamoli_S3,2020-10-01,66.7,46.05,0.64
Chamoli,Chamoli_S3,2020-11-01,29.4,33.82,0.64
Chamoli,Chamoli_S3,2020-12-01,31.2,30.0,0.64
Chamoli,Chamoli_S3,2021-01-01,26.4,32.99,0.64
Chamoli,Chamoli_S3,2021-02-01,30.3,32.21,0.64
Chamoli,Chamoli_S3,2021-03-01,41.4,33.94,0.64
Chamoli,Chamoli_S3,2021-04-01,70.2,35.31,0.64
Chamoli,Chamoli_S3,2021-05-01,109.3,35.07,0.64
Chamoli,Chamoli_S3,2021-06-01,227.3,37.09,0.64
Chamoli,Chamoli_S3,2021-07-01,348.5,45.8,0.64
Chamoli,Chamoli_S3,2021-08-01,286.6,51.23,0.64
Chamoli,Chamoli_S3,2021-09-01,196.8,47.3,0.64
Chamoli,Chamoli_S3,2021-10-01,106.6,44.89,0.64
Chamoli,Chamoli_S3,2021-11-01,44.8,39.56,0.64
Chamoli,Chamoli_S3,2021-12-01,45.5,35.29,0.64
Chamoli,Chamoli_S3,2022-01-01,29.1,33.2,0.64
Chamoli,Chamoli_S3,2022-02-01,19.7,28.99,0.64
Chamoli,Chamoli_S3,2022-03-01,38.5,31.64,0.64
Chamoli,Chamoli_S3,2022-04-01,53.0,31.72,0.64
Chamoli,Chamoli_S3,2022-05-01,75.6,33.59,0.64
Chamoli,Chamoli_S3,2022-06-01,227.6,33.95,0.64
Chamoli,Chamoli_S3,2022-07-01,320.9,44.12,0.64
Chamoli,Chamoli_S3,2022-08-01,236.1,47.11,0.64
Chamoli,Chamoli_S3,2022-09-01,202.0,41.74,0.64
Chamoli,Chamoli_S3,2022-10-01,70.8,45.12,0.64
Chamoli,Chamoli_S3,2022-11-01,44.0,33.0,0.64
Chamoli,Chamoli_S3,2022-12-01,40.4,33.06,0.64
Chamoli,Chamoli_S3,2023-01-01,27.7,34.38,0.64
Chamoli,Chamoli_S3,2023-02-01,28.6,33.5,0.64
Chamoli,Chamoli_S3,2023-03-01,43.7,33.33,0.64
Chamoli,Chamoli_S3,2023-04-01,53.1,33.42,0.64
Chamoli,Chamoli_S3,2023-05-01,84.4,34.66,0.64
Chamoli,Chamoli_S3,2023-06-01,215.1,37.69,0.64
Chamoli,Chamoli_S3,2023-07-01,284.6,43.87,0.64
Chamoli,Chamoli_S3,2023-08-01,267.8,42.69,0.64
Chamoli,Chamoli_S3,2023-09-01,169.1,44.77,0.64
Chamoli,Chamoli_S3,2023-10-01,83.1,41.53,0.64
Chamoli,Chamoli_S3,2023-11-01,44.5,33.93,0.64
Chamoli,Chamoli_S3,2023-12-01,43.4,35.38,0.64
Chamoli,Chamoli_S3,2024-01-01,33.1,32.54,0.64
Chamoli,Chamoli_S3,2024-02-01,41.7,32.14,0.64
Chamoli,Chamoli_S3,2024-03-01,60.3,34.31,0.64
Chamoli,Chamoli_S3,2024-04-01,85.6,33.23,0.64
Chamoli,Chamoli_S3,2024-05-01,127.5,35.3,0.64
Chamoli,Chamoli_S3,2024-06-01,317.2,39.09,0.64
Chamoli,Chamoli_S3,2024-07-01,448.1,44.88,0.64
Chamoli,Chamoli_S3,2024-08-01,377.9,55.24,0.64
Chamoli,Chamoli_S3,2024-09-01,274.0,54.05,0.64
Chamoli,Chamoli_S3,2024-10-01,102.4,45.95,0.64
Chamoli,Chamoli_S3,2024-11-01,64.0,38.41,0.64
Chamoli,Chamoli_S3,2024-12-01,60.2,30.87,0.64
Chamoli,Chamoli_S3,2025-01-01,28.2,30.45,0.64
Chamoli,Chamoli_S3,2025-02-01,28.4,32.58,0.64
Chamoli,Chamoli_S3,2025-03-01,47.6,32.72,0.64
Chamoli,Chamoli_S3,2025-04-01,72.3,32.13,0.64
Chamoli,Chamoli_S3,2025-05-01,94.6,34.52,0.64
Chamoli,Chamoli_S3,2025-06-01,219.5,36.41,0.64
Chamoli,Chamoli_S3,2025-07-01,332.0,40.56,0.64
Chamoli,Chamoli_S3,2025-08-01,302.8,47.02,0.64
Chamoli,Chamoli_S3,2025-09-01,173.0,47.46,0.64
Chamoli,Chamoli_S3,2025-10-01,77.5,41.27,0.64
Chamoli,Chamoli_S3,2025-11-01,42.9,31.98,0.64
Chamoli,Chamoli_S3,2025-12-01,45.9,31.62,0.64
Chamoli,Chamoli_S4,2005-01-01,35.0,46.57,0.64
Chamoli,Chamoli_S4,2005-02-01,30.3,38.58,0.64
Chamoli,Chamoli_S4,2005-03-01,51.0,41.7,0.64
Chamoli,Chamoli_S4,2005-04-01,67.4,39.57,0.64
Chamoli,Chamoli_S4,2005-05-01,117.4,41.15,0.64
Chamoli,Chamoli_S4,2005-06-01,231.5,41.67,0.64
Chamoli,Chamoli_S4,2005-07-01,392.1,51.46,0.64
Chamoli,Chamoli_S4,2005-08-01,411.9,66.42,0.64
Chamoli,Chamoli_S4,2005-09-01,240.4,67.1,0.64
Chamoli,Chamoli_S4,2005-10-01,118.9,55.29,0.64
Chamoli,Chamoli_S4,2005-11-01,48.2,46.16,0.64
Chamoli,Chamoli_S4,2005-12-01,48.3,43.97,0.64
Chamoli,Chamoli_S4,2006-01-01,38.0,38.26,0.64
Chamoli,Chamoli_S4,2006-02-01,38.0,35.79,0.64
Chamoli,Chamoli_S4,2006-03-01,51.5,36.82,0.64
Chamoli,Chamoli_S4,2006-04-01,76.0,38.34,0.64
Chamoli,Chamoli_S4,2006-05-01,102.7,39.36,0.64
Chamoli,Chamoli_S4,2006-06-01,330.1,43.37,0.64
Chamoli,Chamoli_S4,2006-07-01,505.0,62.71,0.64
Chamoli,Chamoli_S4,2006-08-01,391.4,76.59,0.64
Chamoli,Chamoli_S4,2006-09-01,232.5,64.65,0.64
Chamoli,Chamoli_S4,2006-10-01,90.1,57.42,0.64
Chamoli,Chamoli_S4,2006-11-01,48.9,41.13,0.64
Chamoli,Chamoli_S4,2006-12-01,63.6,35.75,0.64
Chamoli,Chamoli_S4,2007-01-01,25.4,41.97,0.64
Chamoli,Chamoli_S4,2007-02-01,27.6,33.74,0.64
Chamoli,Chamoli_S4,2007-03-01,44.0,35.82,0.64
Chamoli,Chamoli_S4,2007-04-01,51.6,39.28,0.64
Chamoli,Chamoli_S4,2007-05-01,76.1,38.53,0.64
Chamoli,Chamoli_S4,2007-06-01,210.9,39.95,0.64
Chamoli,Chamoli_S4,2007-07-01,273.9,46.55,0.64
Chamoli,Chamoli_S4,2007-08-01,250.1,53.64,0.64
Chamoli,Chamoli_S4,2007-09-01,176.0,54.55,0.64
Chamoli,Chamoli_S4,2007-10-01,79.8,46.85,0.64
Chamoli,Chamoli_S4,2007-11-01,46.0,38.52,0.64
Chamoli,Chamoli_S4,2007-12-01,40.7,35.46,0.64
Chamoli,Chamoli_S4,2008-01-01,33.2,35.87,0.64
Chamoli,Chamoli_S4,2008-02-01,37.9,37.53,0.64
Chamoli,Chamoli_S4,2008-03-01,51.4,37.68,0.64
Chamoli,Chamoli_S4,2008-04-01,75.0,36.36,0.64
Chamoli,Chamoli_S4,2008-05-01,115.1,35.03,0.64
Chamoli,Chamoli_S4,2008-06-01,292.0,42.87,0.64
Chamoli,Chamoli_S4,2008-07-01,476.9,51.31,0.64
Chamoli,Chamoli_S4,2008-08-01,405.1,68.21,0.64
Chamoli,Chamoli_S4,2008-09-01,258.5,58.72,0.64
Chamoli,Chamoli_S4,2008-10-01,115.7,48.65,0.64
Chamoli,Chamoli_S4,2008-11-01,62.2,41.94,0.64
Chamoli,Chamoli_S4,2008-12-01,48.3,42.48,0.64
Chamoli,Chamoli_S4,2009-01-01,34.4,38.39,0.64
Chamoli,Chamoli_S4,2009-02-01,35.7,36.26,0.64
Chamoli,Chamoli_S4,2009-03-01,58.6,36.68,0.64
Chamoli,Chamoli_S4,2009-04-01,82.1,34.18,0.64
Chamoli,Chamoli_S4,2009-05-01,101.8,36.74,0.64
Chamoli,Chamoli_S4,2009-06-01,286.7,35.09,0.64
Chamoli,Chamoli_S4,2009-07-01,414.3,56.62,0.64
Chamoli,Chamoli_S4,2009-08-01,368.1,64.91,0.64
Chamoli,Chamoli_S4,2009-09-01,259.5,58.32,0.64
Chamoli,Chamoli_S4,2009-10-01,142.9,50.38,0.64
Chamoli,Chamoli_S4,2009-11-01,57.9,39.11,0.64
Chamoli,Chamoli_S4,2009-12-01,52.8,36.42,0.64
Chamoli,Chamoli_S4,2010-01-01,24.3,39.68,0.64
Chamoli,Chamoli_S4,2010-02-01,23.1,34.75,0.64
Chamoli,Chamoli_S4,2010-03-01,38.9,33.4,0.64
Chamoli,Chamoli_S4,2010-04-01,51.7,32.21,0.64
Chamoli,Chamoli_S4,2010-05-01,72.1,38.56,0.64
Chamoli,Chamoli_S4,2010-06-01,231.5,37.17,0.64
Chamoli,Chamoli_S4,2010-07-01,258.5,43.21,0.64
Chamoli,Chamoli_S4,2010-08-01,247.3,46.73,0.64
Chamoli,Chamoli_S4,2010-09-01,170.6,45.11,0.64
Chamoli,Chamoli_S4,2010-10-01,80.3,42.95,0.64
Chamoli,Chamoli_S4,2010-11-01,41.3,37.83,0.64
Chamoli,Chamoli_S4,2010-12-01,38.7,34.03,0.64
Chamoli,Chamoli_S4,2011-01-01,34.0,36.03,0.64
Chamoli,Chamoli_S4,2011-02-01,38.5,34.45,0.64
Chamoli,Chamoli_S4,2011-03-01,57.7,36.36,0.64
Chamoli,Chamoli_S4,2011-04-01,80.5,35.02,0.64
Chamoli,Chamoli_S4,2011-05-01,93.3,42.64,0.64
Chamoli,Chamoli_S4,2011-06-01,266.3,36.67,0.64
Chamoli,Chamoli_S4,2011-07-01,420.7,46.23,0.64
Chamoli,Chamoli_S4,2011-08-01,282.7,54.93,0.64
Chamoli,Chamoli_S4,2011-09-01,242.4,48.72,0.64
Chamoli,Chamoli_S4,2011-10-01,116.8,42.64,0.64
Chamoli,Chamoli_S4,2011-11-01,51.3,39.38,0.64
Chamoli,Chamoli_S4,2011-12-01,52.0,31.4,0.64
Chamoli,Chamoli_S4,2012-01-01,24.9,34.96,0.64
Chamoli,Chamoli_S4,2012-02-01,25.0,30.72,0.64
Chamoli,Chamoli_S4,2012-03-01,36.9,32.26,0.64
Chamoli,Chamoli_S4,2012-04-01,48.9,34.56,0.64
Chamoli,Chamoli_S4,2012-05-01,76.3,38.16,0.64
Chamoli,Chamoli_S4,2012-06-01,203.3,33.88,0.64
Chamoli,Chamoli_S4,2012-07-01,328.9,43.13,0.64
Chamoli,Chamoli_S4,2012-08-01,251.9,49.13,0.64
Chamoli,Chamoli_S4,2012-09-01,173.7,44.2,0.64
Chamoli,Chamoli_S4,2012-10-01,74.4,39.93,0.64
Chamoli,Chamoli_S4,2012-11-01,37.2,36.8,0.64
Chamoli,Chamoli_S4,2012-12-01,33.7,32.23,0.64
Chamoli,Chamoli_S4,2013-01-01,21.4,36.45,0.64
Chamoli,Chamoli_S4,2013-02-01,24.0,32.63,0.64
Chamoli,Chamoli_S4,2013-03-01,38.6,30.44,0.64
Chamoli,Chamoli_S4,2013-04-01,40.6,32.26,0.64
Chamoli,Chamoli_S4,2013-05-01,68.0,31.6,0.64
Chamoli,Chamoli_S4,2013-06-01,168.8,35.85,0.64
Chamoli,Chamoli_S4,2013-07-01,255.1,37.07,0.64
Chamoli,Chamoli_S4,2013-08-01,257.3,42.36,0.64
Chamoli,Chamoli_S4,2013-09-01,148.5,44.1,0.64
Chamoli,Chamoli_S4,2013-10-01,70.8,40.28,0.64
Chamoli,Chamoli_S4,2013-11-01,39.7,36.42,0.64
Chamoli,Chamoli_S4,2013-12-01,36.8,34.64,0.64
Chamoli,Chamoli_S4,2014-01-01,27.8,33.03,0.64
Chamoli,Chamoli_S4,2014-02-01,25.6,31.45,0.64
Chamoli,Chamoli_S4,2014-03-01,42.6,32.64,0.64
Chamoli,Chamoli_S4,2014-04-01,57.2,30.47,0.64
Chamoli,Chamoli_S4,2014-05-01,73.4,30.05,0.64
Chamoli,Chamoli_S4,2014-06-01,222.8,34.72,0.64
Chamoli,Chamoli_S4,2014-07-01,299.3,40.42,0.64
Chamoli,Chamoli_S4,2014-08-01,286.6,46.74,0.64
Chamoli,Chamoli_S4,2014-09-01,190.4,46.34,0.64
Chamoli,Chamoli_S4,2014-10-01,85.5,40.94,0.64
Chamoli,Chamoli_S4,2014-11-01,40.2,35.95,0.64
Chamoli,Chamoli_S4,2014-12-01,44.3,32.99,0.64
Chamoli,Chamoli_S4,2015-01-01,24.1,32.15,0.64
Chamoli,Chamoli_S4,2015-02-01,20.1,29.95,0.64
Chamoli,Chamoli_S4,2015-03-01,40.2,30.5,0.64
Chamoli,Chamoli_S4,2015-04-01,50.3,30.48,0.64
Chamoli,Chamoli_S4,2015-05-01,83.4,31.62,0.64
Chamoli,Chamoli_S4,2015-06-01,181.5,38.16,0.64
Chamoli,Chamoli_S4,2015-07-01,281.0,39.58,0.64
Chamoli,Chamoli_S4,2015-08-01,279.5,45.76,0.64
Chamoli,Chamoli_S4,2015-09-01,160.7,43.01,0.64
Chamoli,Chamoli_S4,2015-10-01,83.5,39.75,0.64
Chamoli,Chamoli_S4,2015-11-01,38.6,34.68,0.64
Chamoli,Chamoli_S4,2015-12-01,40.3,32.02,0.64
Chamoli,Chamoli_S4,2016-01-01,36.3,31.2,0.64
Chamoli,Chamoli_S4,2016-02-01,34.0,32.17,0.64
Chamoli,Chamoli_S4,2016-03-01,47.4,32.33,0.64
Chamoli,Chamoli_S4,2016-04-01,65.1,31.52,0.64
Chamoli,Chamoli_S4,2016-05-01,106.5,31.81,0.64
Chamoli,Chamoli_S4,2016-06-01,248.1,35.75,0.64
Chamoli,Chamoli_S4,2016-07-01,366.2,40.07,0.64
Chamoli,Chamoli_S4,2016-08-01,327.3,46.65,0.64
Chamoli,Chamoli_S4,2016-09-01,217.7,46.03,0.64
Chamoli,Chamoli_S4,2016-10-01,93.1,36.57,0.64
Chamoli,Chamoli_S4,2016-11-01,43.1,34.53,0.64
Chamoli,Chamoli_S4,2016-12-01,52.8,28.9,0.64
Chamoli,Chamoli_S4,2017-01-01,30.4,30.1,0.64
Chamoli,Chamoli_S4,2017-02-01,36.5,29.23,0.64
Chamoli,Chamoli_S4,2017-03-01,57.8,29.88,0.64
Chamoli,Chamoli_S4,2017-04-01,74.3,30.38,0.64
Chamoli,Chamoli_S4,2017-05-01,102.9,31.64,0.64
Chamoli,Chamoli_S4,2017-06-01,262.4,33.13,0.64
Chamoli,Chamoli_S4,2017-07-01,392.8,40.82,0.64
Chamoli,Chamoli_S4,2017-08-01,361.9,46.8,0.64
Chamoli,Chamoli_S4,2017-09-01,232.4,49.46,0.64
Chamoli,Chamoli_S4,2017-10-01,104.9,35.7,0.64
Chamoli,Chamoli_S4,2017-11-01,48.6,32.66,0.64
Chamoli,Chamoli_S4,2017-12-01,55.0,29.23,0.64
Chamoli,Chamoli_S4,2018-01-01,33.7,30.85,0.64
Chamoli,Chamoli_S4,2018-02-01,33.5,26.91,0.64
Chamoli,Chamoli_S4,2018-03-01,56.5,28.23,0.64
Chamoli,Chamoli_S4,2018-04-01,63.1,29.96,0.64
Chamoli,Chamoli_S4,2018-05-01,109.8,32.03,0.64
Chamoli,Chamoli_S4,2018-06-01,249.9,33.35,0.64
Chamoli,Chamoli_S4,2018-07-01,397.5,37.74,0.64
Chamoli,Chamoli_S4,2018-08-01,364.6,46.62,0.64
Chamoli,Chamoli_S4,2018-09-01,210.7,48.0,0.64
Chamoli,Chamoli_S4,2018-10-01,112.8,35.55,0.64
Chamoli,Chamoli_S4,2018-11-01,51.7,32.51,0.64
Chamoli,Chamoli_S4,2018-12-01,46.3,29.37,0.64
Chamoli,Chamoli_S4,2019-01-01,31.9,28.49,0.64
Chamoli,Chamoli_S4,2019-02-01,31.4,32.06,0.64
Chamoli,Chamoli_S4,2019-03-01,40.2,27.58,0.64
Chamoli,Chamoli_S4,2019-04-01,57.9,29.2,0.64
Chamoli,Chamoli_S4,2019-05-01,89.2,28.29,0.64
Chamoli,Chamoli_S4,2019-06-01,224.6,31.79,0.64
Chamoli,Chamoli_S4,2019-07-01,382.6,39.51,0.64
Chamoli,Chamoli_S4,2019-08-01,298.1,44.54,0.64
Chamoli,Chamoli_S4,2019-09-01,189.3,41.36,0.64
Chamoli,Chamoli_S4,2019-10-01,96.1,34.23,0.64
Chamoli,Chamoli_S4,2019-11-01,42.6,29.25,0.64
Chamoli,Chamoli_S4,2019-12-01,47.4,29.7,0.64
Chamoli,Chamoli_S4,2020-01-01,22.4,27.64,0.64
Chamoli,Chamoli_S4,2020-02-01,25.2,23.83,0.64
Chamoli,Chamoli_S4,2020-03-01,39.2,29.59,0.64
Chamoli,Chamoli_S4,2020-04-01,43.6,26.73,0.64
Chamoli,Chamoli_S4,2020-05-01,64.8,27.66,0.64
Chamoli,Chamoli_S4,2020-06-01,194.4,31.4,0.64
Chamoli,Chamoli_S4,2020-07-01,243.0,35.21,0.64
Chamoli,Chamoli_S4,2020-08-01,227.5,37.51,0.64
Chamoli,Chamoli_S4,2020-09-01,161.7,34.7,0.64
Chamoli,Chamoli_S4,2020-10-01,66.7,30.87,0.64
Chamoli,Chamoli_S4,2020-11-01,29.4,28.58,0.64
Chamoli,Chamoli_S4,2020-12-01,31.2,27.4,0.64
Chamoli,Chamoli_S4,2021-01-01,26.4,27.36,0.64
Chamoli,Chamoli_S4,2021-02-01,30.3,26.02,0.64
Chamoli,Chamoli_S4,2021-03-01,41.4,26.83,0.64
Chamoli,Chamoli_S4,2021-04-01,70.2,24.79,0.64
Chamoli,Chamoli_S4,2021-05-01,109.3,29.32,0.64
Chamoli,Chamoli_S4,2021-06-01,227.3,30.76,0.64
Chamoli,Chamoli_S4,2021-07-01,348.5,39.81,0.64
Chamoli,Chamoli_S4,2021-08-01,286.6,42.11,0.64
Chamoli,Chamoli_S4,2021-09-01,196.8,37.15,0.64
Chamoli,Chamoli_S4,2021-10-01,106.6,34.45,0.64
Chamoli,Chamoli_S4,2021-11-01,44.8,29.59,0.64
Chamoli,Chamoli_S4,2021-12-01,45.5,27.62,0.64
Chamoli,Chamoli_S4,2022-01-01,29.1,27.04,0.64
Chamoli,Chamoli_S4,2022-02-01,19.7,24.51,0.64
Chamoli,Chamoli_S4,2022-03-01,38.5,23.56,0.64
Chamoli,Chamoli_S4,2022-04-01,53.0,26.86,0.64
Chamoli,Chamoli_S4,2022-05-01,75.6,29.03,0.64
Chamoli,Chamoli_S4,2022-06-01,227.6,28.3,0.64
Chamoli,Chamoli_S4,2022-07-01,320.9,36.84,0.64
Chamoli,Chamoli_S4,2022-08-01,236.1,41.8,0.64
Chamoli,Chamoli_S4,2022-09-01,202.0,36.14,0.64
Chamoli,Chamoli_S4,2022-10-01,70.8,32.59,0.64
Chamoli,Chamoli_S4,2022-11-01,44.0,27.95,0.64
Chamoli,Chamoli_S4,2022-12-01,40.4,27.95,0.64
Chamoli,Chamoli_S4,2023-01-01,27.7,26.82,0.64
Chamoli,Chamoli_S4,2023-02-01,28.6,26.43,0.64
Chamoli,Chamoli_S4,2023-03-01,43.7,24.88,0.64
Chamoli,Chamoli_S4,2023-04-01,53.1,25.87,0.64
Chamoli,Chamoli_S4,2023-05-01,84.4,26.36,0.64
Chamoli,Chamoli_S4,2023-06-01,215.1,27.86,0.64
Chamoli,Chamoli_S4,2023-07-01,284.6,35.96,0.64
Chamoli,Chamoli_S4,2023-08-01,267.8,32.79,0.64
Chamoli,Chamoli_S4,2023-09-01,169.1,36.35,0.64
Chamoli,Chamoli_S4,2023-10-01,83.1,31.52,0.64
Chamoli,Chamoli_S4,2023-11-01,44.5,25.7,0.64
Chamoli,Chamoli_S4,2023-12-01,43.4,26.62,0.64
Chamoli,Chamoli_S4,2024-01-01,33.1,24.72,0.64
Chamoli,Chamoli_S4,2024-02-01,41.7,24.68,0.64
Chamoli,Chamoli_S4,2024-03-01,60.3,27.83,0.64
Chamoli,Chamoli_S4,2024-04-01,85.6,27.6,0.64
Chamoli,Chamoli_S4,2024-05-01,127.5,28.17,0.64
Chamoli,Chamoli_S4,2024-06-01,317.2,29.8,0.64
Chamoli,Chamoli_S4,2024-07-01,448.1,37.52,0.64
Chamoli,Chamoli_S4,2024-08-01,377.9,48.09,0.64
Chamoli,Chamoli_S4,2024-09-01,274.0,42.06,0.64
Chamoli,Chamoli_S4,2024-10-01,102.4,34.32,0.64
Chamoli,Chamoli_S4,2024-11-01,64.0,25.87,0.64
Chamoli,Chamoli_S4,2024-12-01,60.2,26.77,0.64
Chamoli,Chamoli_S4,2025-01-01,28.2,25.73,0.64
Chamoli,Chamoli_S4,2025-02-01,28.4,22.58,0.64
Chamoli,Chamoli_S4,2025-03-01,47.6,24.8,0.64
Chamoli,Chamoli_S4,2025-04-01,72.3,24.75,0.64
Chamoli,Chamoli_S4,2025-05-01,94.6,26.84,0.64
Chamoli,Chamoli_S4,2025-06-01,219.5,27.68,0.64
Chamoli,Chamoli_S4,2025-07-01,332.0,31.6,0.64
Chamoli,Chamoli_S4,2025-08-01,302.8,38.72,0.64
Chamoli,Chamoli_S4,2025-09-01,173.0,35.26,0.64
Chamoli,Chamoli_S4,2025-10-01,77.5,29.68,0.64
Chamoli,Chamoli_S4,2025-11-01,42.9,25.37,0.64
Chamoli,Chamoli_S4,2025-12-01,45.9,25.87,0.64
Chamoli,Chamoli_S5,2005-01-01,35.0,50.52,0.64
Chamoli,Chamoli_S5,2005-02-01,30.3,38.02,0.64
Chamoli,Chamoli_S5,2005-03-01,51.0,33.34,0.64
Chamoli,Chamoli_S5,2005-04-01,67.4,42.55,0.64
Chamoli,Chamoli_S5,2005-05-01,117.4,40.81,0.64
Chamoli,Chamoli_S5,2005-06-01,231.5,43.04,0.64
Chamoli,Chamoli_S5,2005-07-01,392.1,51.45,0.64
Chamoli,Chamoli_S5,2005-08-01,411.9,62.97,0.64
Chamoli,Chamoli_S5,2005-09-01,240.4,69.81,0.64
Chamoli,Chamoli_S5,2005-10-01,118.9,53.7,0.64
Chamoli,Chamoli_S5,2005-11-01,48.2,47.43,0.64
Chamoli,Chamoli_S5,2005-12-01,48.3,40.46,0.64
Chamoli,Chamoli_S5,2006-01-01,38.0,38.8,0.64
Chamoli,Chamoli_S5,2006-02-01,38.0,37.84,0.64
Chamoli,Chamoli_S5,2006-03-01,51.5,39.58,0.64
Chamoli,Chamoli_S5,2006-04-01,76.0,40.96,0.64
Chamoli,Chamoli_S5,2006-05-01,102.7,43.0,0.64
Chamoli,Chamoli_S5,2006-06-01,330.1,42.16,0.64
Chamoli,Chamoli_S5,2006-07-01,505.0,58.89,0.64
Chamoli,Chamoli_S5,2006-08-01,391.4,72.38,0.64
Chamoli,Chamoli_S5,2006-09-01,232.5,61.14,0.64
Chamoli,Chamoli_S5,2006-10-01,90.1,48.35,0.64
Chamoli,Chamoli_S5,2006-11-01,48.9,39.7,0.64
Chamoli,Chamoli_S5,2006-12-01,63.6,37.98,0.64
Chamoli,Chamoli_S5,2007-01-01,25.4,40.66,0.64
Chamoli,Chamoli_S5,2007-02-01,27.6,38.97,0.64
Chamoli,Chamoli_S5,2007-03-01,44.0,34.24,0.64
Chamoli,Chamoli_S5,2007-04-01,51.6,36.63,0.64
Chamoli,Chamoli_S5,2007-05-01,76.1,37.5,0.64
Chamoli,Chamoli_S5,2007-06-01,210.9,41.33,0.64
Chamoli,Chamoli_S5,2007-07-01,273.9,47.45,0.64
Chamoli,Chamoli_S5,2007-08-01,250.1,51.72,0.64
Chamoli,Chamoli_S5,2007-09-01,176.0,47.53,0.64
Chamoli,Chamoli_S5,2007-10-01,79.8,47.17,0.64
Chamoli,Chamoli_S5,2007-11-01,46.0,39.21,0.64
Chamoli,Chamoli_S5,2007-12-01,40.7,35.97,0.64
Chamoli,Chamoli_S5,2008-01-01,33.2,36.27,0.64
Chamoli,Chamoli_S5,2008-02-01,37.9,38.21,0.64
Chamoli,Chamoli_S5,2008-03-01,51.4,34.56,0.64
Chamoli,Chamoli_S5,2008-04-01,75.0,35.63,0.64
Chamoli,Chamoli_S5,2008-05-01,115.1,41.09,0.64
Chamoli,Chamoli_S5,2008-06-01,292.0,41.36,0.64
Chamoli,Chamoli_S5,2008-07-01,476.9,54.46,0.64
Chamoli,Chamoli_S5,2008-08-01,405.1,65.96,0.64
Chamoli,Chamoli_S5,2008-09-01,258.5,59.72,0.64
Chamoli,Chamoli_S5,2008-10-01,115.7,49.28,0.64
Chamoli,Chamoli_S5,2008-11-01,62.2,42.47,0.64
Chamoli,Chamoli_S5,2008-12-01,48.3,39.37,0.64
Chamoli,Chamoli_S5,2009-01-01,34.4,38.19,0.64
Chamoli,Chamoli_S5,2009-02-01,35.7,33.16,0.64
Chamoli,Chamoli_S5,2009-03-01,58.6,37.54,0.64
Chamoli,Chamoli_S5,2009-04-01,82.1,35.98,0.64
Chamoli,Chamoli_S5,2009-05-01,101.8,36.62,0.64
Chamoli,Chamoli_S5,2009-06-01,286.7,38.89,0.64
Chamoli,Chamoli_S5,2009-07-01,414.3,53.02,0.64
Chamoli,Chamoli_S5,2009-08-01,368.1,60.49,0.64
Chamoli,Chamoli_S5,2009-09-01,259.5,55.12,0.64
Chamoli,Chamoli_S5,2009-10-01,142.9,50.87,0.64
Chamoli,Chamoli_S5,2009-11-01,57.9,41.65,0.64
Chamoli,Chamoli_S5,2009-12-01,52.8,34.88,0.64
Chamoli,Chamoli_S5,2010-01-01,24.3,34.25,0.64
Chamoli,Chamoli_S5,2010-02-01,23.1,34.33,0.64
Chamoli,Chamoli_S5,2010-03-01,38.9,33.35,0.64
Chamoli,Chamoli_S5,2010-04-01,51.7,32.02,0.64
Chamoli,Chamoli_S5,2010-05-01,72.1,36.6,0.64
Chamoli,Chamoli_S5,2010-06-01,231.5,35.42,0.64
Chamoli,Chamoli_S5,2010-07-01,258.5,49.75,0.64
Chamoli,Chamoli_S5,2010-08-01,247.3,44.3,0.64
Chamoli,Chamoli_S5,2010-09-01,170.6,46.42,0.64
Chamoli,Chamoli_S5,2010-10-01,80.3,40.54,0.64
Chamoli,Chamoli_S5,2010-11-01,41.3,34.6,0.64
Chamoli,Chamoli_S5,2010-12-01,38.7,33.07,0.64
Chamoli,Chamoli_S5,2011-01-01,34.0,36.65,0.64
Chamoli,Chamoli_S5,2011-02-01,38.5,33.54,0.64
Chamoli,Chamoli_S5,2011-03-01,57.7,32.17,0.64
Chamoli,Chamoli_S5,2011-04-01,80.5,31.42,0.64
Chamoli,Chamoli_S5,2011-05-01,93.3,32.79,0.64
Chamoli,Chamoli_S5,2011-06-01,266.3,35.59,0.64
Chamoli,Chamoli_S5,2011-07-01,420.7,45.41,0.64
Chamoli,Chamoli_S5,2011-08-01,282.7,55.44,0.64
Chamoli,Chamoli_S5,2011-09-01,242.4,42.25,0.64
Chamoli,Chamoli_S5,2011-10-01,116.8,44.94,0.64
Chamoli,Chamoli_S5,2011-11-01,51.3,39.47,0.64
Chamoli,Chamoli_S5,2011-12-01,52.0,36.28,0.64
Chamoli,Chamoli_S5,2012-01-01,24.9,30.35,0.64
Chamoli,Chamoli_S5,2012-02-01,25.0,30.56,0.64
Chamoli,Chamoli_S5,2012-03-01,36.9,30.41,0.64
Chamoli,Chamoli_S5,2012-04-01,48.9,32.63,0.64
Chamoli,Chamoli_S5,2012-05-01,76.3,31.02,0.64
Chamoli,Chamoli_S5,2012-06-01,203.3,37.47,0.64
Chamoli,Chamoli_S5,2012-07-01,328.9,42.01,0.64
Chamoli,Chamoli_S5,2012-08-01,251.9,48.85,0.64
Chamoli,Chamoli_S5,2012-09-01,173.7,48.1,0.64
Chamoli,Chamoli_S5,2012-10-01,74.4,39.87,0.64
Chamoli,Chamoli_S5,2012-11-01,37.2,34.73,0.64
Chamoli,Chamoli_S5,2012-12-01,33.7,30.62,0.64
Chamoli,Chamoli_S5,2013-01-01,21.4,29.38,0.64
Chamoli,Chamoli_S5,2013-02-01,24.0,29.82,0.64
Chamoli,Chamoli_S5,2013-03-01,38.6,34.21,0.64
Chamoli,Chamoli_S5,2013-04-01,40.6,32.6,0.64
Chamoli,Chamoli_S5,2013-05-01,68.0,32.07,0.64
Chamoli,Chamoli_S5,2013-06-01,168.8,31.51,0.64
Chamoli,Chamoli_S5,2013-07-01,255.1,40.56,0.64
Chamoli,Chamoli_S5,2013-08-01,257.3,40.64,0.64
Chamoli,Chamoli_S5,2013-09-01,148.5,40.21,0.64
Chamoli,Chamoli_S5,2013-10-01,70.8,36.33,0.64
Chamoli,Chamoli_S5,2013-11-01,39.7,36.12,0.64
Chamoli,Chamoli_S5,2013-12-01,36.8,34.02,0.64
Chamoli,Chamoli_S5,2014-01-01,27.8,30.15,0.64
Chamoli,Chamoli_S5,2014-02-01,25.6,29.25,0.64
Chamoli,Chamoli_S5,2014-03-01,42.6,27.61,0.64
Chamoli,Chamoli_S5,2014-04-01,57.2,31.07,0.64
Chamoli,Chamoli_S5,2014-05-01,73.4,31.94,0.64
Chamoli,Chamoli_S5,2014-06-01,222.8,33.8,0.64
Chamoli,Chamoli_S5,2014-07-01,299.3,42.56,0.64
Chamoli,Chamoli_S5,2014-08-01,286.6,44.39,0.64
Chamoli,Chamoli_S5,2014-09-01,190.4,45.26,0.64
Chamoli,Chamoli_S5,2014-10-01,85.5,37.29,0.64
Chamoli,Chamoli_S5,2014-11-01,40.2,33.68,0.64
Chamoli,Chamoli_S5,2014-12-01,44.3,29.48,0.64
Chamoli,Chamoli_S5,2015-01-01,24.1,31.09,0.64
Chamoli,Chamoli_S5,2015-02-01,20.1,29.78,0.64
Chamoli,Chamoli_S5,2015-03-01,40.2,29.04,0.64
Chamoli,Chamoli_S5,2015-04-01,50.3,31.15,0.64
Chamoli,Chamoli_S5,2015-05-01,83.4,28.05,0.64
Chamoli,Chamoli_S5,2015-06-01,181.5,30.44,0.64
Chamoli,Chamoli_S5,2015-07-01,281.0,36.86,0.64
Chamoli,Chamoli_S5,2015-08-01,279.5,39.54,0.64
Chamoli,Chamoli_S5,2015-09-01,160.7,41.57,0.64
Chamoli,Chamoli_S5,2015-10-01,83.5,35.31,0.64
Chamoli,Chamoli_S5,2015-11-01,38.6,33.87,0.64
Chamoli,Chamoli_S5,2015-12-01,40.3,29.53,0.64
Chamoli,Chamoli_S5,2016-01-01,36.3,30.86,0.64
Chamoli,Chamoli_S5,2016-02-01,34.0,29.5,0.64
Chamoli,Chamoli_S5,2016-03-01,47.4,28.1,0.64
Chamoli,Chamoli_S5,2016-04-01,65.1,29.71,0.64
Chamoli,Chamoli_S5,2016-05-01,106.5,31.48,0.64
Chamoli,Chamoli_S5,2016-06-01,248.1,34.41,0.64
Chamoli,Chamoli_S5,2016-07-01,366.2,39.55,0.64
Chamoli,Chamoli_S5,2016-08-01,327.3,42.1,0.64
Chamoli,Chamoli_S5,2016-09-01,217.7,39.99,0.64
Chamoli,Chamoli_S5,2016-10-01,93.1,37.33,0.64
Chamoli,Chamoli_S5,2016-11-01,43.1,27.73,0.64
Chamoli,Chamoli_S5,2016-12-01,52.8,31.33,0.64
Chamoli,Chamoli_S5,2017-01-01,30.4,30.05,0.64
Chamoli,Chamoli_S5,2017-02-01,36.5,27.07,0.64
Chamoli,Chamoli_S5,2017-03-01,57.8,26.64,0.64
Chamoli,Chamoli_S5,2017-04-01,74.3,30.74,0.64
Chamoli,Chamoli_S5,2017-05-01,102.9,28.34,0.64
Chamoli,Chamoli_S5,2017-06-01,262.4,29.8,0.64
Chamoli,Chamoli_S5,2017-07-01,392.8,37.93,0.64
Chamoli,Chamoli_S5,2017-08-01,361.9,46.23,0.64
Chamoli,Chamoli_S5,2017-09-01,232.4,45.67,0.64
Chamoli,Chamoli_S5,2017-10-01,104.9,39.89,0.64
Chamoli,Chamoli_S5,2017-11-01,48.6,32.76,0.64
Chamoli,Chamoli_S5,2017-12-01,55.0,28.23,0.64
Chamoli,Chamoli_S5,2018-01-01,33.7,29.94,0.64
Chamoli,Chamoli_S5,2018-02-01,33.5,26.43,0.64
Chamoli,Chamoli_S5,2018-03-01,56.5,24.79,0.64
Chamoli,Chamoli_S5,2018-04-01,63.1,27.4,0.64
Chamoli,Chamoli_S5,2018-05-01,109.8,27.46,0.64
Chamoli,Chamoli_S5,2018-06-01,249.9,29.89,0.64
Chamoli,Chamoli_S5,2018-07-01,397.5,35.92,0.64
Chamoli,Chamoli_S5,2018-08-01,364.6,43.89,0.64
Chamoli,Chamoli_S5,2018-09-01,210.7,44.55,0.64
Chamoli,Chamoli_S5,2018-10-01,112.8,38.59,0.64
Chamoli,Chamoli_S5,2018-11-01,51.7,28.01,0.64
Chamoli,Chamoli_S5,2018-12-01,46.3,25.82,0.64
Chamoli,Chamoli_S5,2019-01-01,31.9,26.19,0.64
Chamoli,Chamoli_S5,2019-02-01,31.4,27.52,0.64
Chamoli,Chamoli_S5,2019-03-01,40.2,26.15,0.64
Chamoli,Chamoli_S5,2019-04-01,57.9,25.81,0.64
Chamoli,Chamoli_S5,2019-05-01,89.2,28.56,0.64
Chamoli,Chamoli_S5,2019-06-01,224.6,30.41,0.64
Chamoli,Chamoli_S5,2019-07-01,382.6,35.44,0.64
Chamoli,Chamoli_S5,2019-08-01,298.1,41.22,0.64
Chamoli,Chamoli_S5,2019-09-01,189.3,39.35,0.64
Chamoli,Chamoli_S5,2019-10-01,96.1,33.14,0.64
Chamoli,Chamoli_S5,2019-11-01,42.6,28.67,0.64
Chamoli,Chamoli_S5,2019-12-01,47.4,25.73,0.64
Chamoli,Chamoli_S5,2020-01-01,22.4,27.8,0.64
Chamoli,Chamoli_S5,2020-02-01,25.2,25.64,0.64
Chamoli,Chamoli_S5,2020-03-01,39.2,26.71,0.64
Chamoli,Chamoli_S5,2020-04-01,43.6,27.74,0.64
Chamoli,Chamoli_S5,2020-05-01,64.8,26.74,0.64
Chamoli,Chamoli_S5,2020-06-01,194.4,26.39,0.64
Chamoli,Chamoli_S5,2020-07-01,243.0,34.8,0.64
Chamoli,Chamoli_S5,2020-08-01,227.5,36.09,0.64
Chamoli,Chamoli_S5,2020-09-01,161.7,38.95,0.64
Chamoli,Chamoli_S5,2020-10-01,66.7,31.81,0.64
Chamoli,Chamoli_S5,2020-11-01,29.4,27.79,0.64
Chamoli,Chamoli_S5,2020-12-01,31.2,25.42,0.64
Chamoli,Chamoli_S5,2021-01-01,26.4,24.96,0.64
Chamoli,Chamoli_S5,2021-02-01,30.3,24.49,0.64
Chamoli,Chamoli_S5,2021-03-01,41.4,25.29,0.64
Chamoli,Chamoli_S5,2021-04-01,70.2,26.04,0.64
Chamoli,Chamoli_S5,2021-05-01,109.3,28.17,0.64
Chamoli,Chamoli_S5,2021-06-01,227.3,28.79,0.64
Chamoli,Chamoli_S5,2021-07-01,348.5,32.88,0.64
Chamoli,Chamoli_S5,2021-08-01,286.6,38.44,0.64
Chamoli,Chamoli_S5,2021-09-01,196.8,33.79,0.64
Chamoli,Chamoli_S5,2021-10-01,106.6,34.71,0.64
Chamoli,Chamoli_S5,2021-11-01,44.8,27.15,0.64
Chamoli,Chamoli_S5,2021-12-01,45.5,26.27,0.64
Chamoli,Chamoli_S5,2022-01-01,29.1,25.38,0.64
Chamoli,Chamoli_S5,2022-02-01,19.7,24.61,0.64
Chamoli,Chamoli_S5,2022-03-01,38.5,23.62,0.64
Chamoli,Chamoli_S5,2022-04-01,53.0,23.58,0.64
Chamoli,Chamoli_S5,2022-05-01,75.6,23.92,0.64
Chamoli,Chamoli_S5,2022-06-01,227.6,28.33,0.64
Chamoli,Chamoli_S5,2022-07-01,320.9,32.93,0.64
Chamoli,Chamoli_S5,2022-08-01,236.1,38.85,0.64
Chamoli,Chamoli_S5,2022-09-01,202.0,35.25,0.64
Chamoli,Chamoli_S5,2022-10-01,70.8,30.74,0.64
Chamoli,Chamoli_S5,2022-11-01,44.0,26.1,0.64
Chamoli,Chamoli_S5,2022-12-01,40.4,24.39,0.64
Chamoli,Chamoli_S5,2023-01-01,27.7,22.72,0.64
Chamoli,Chamoli_S5,2023-02-01,28.6,23.29,0.64
Chamoli,Chamoli_S5,2023-03-01,43.7,24.18,0.64
Chamoli,Chamoli_S5,2023-04-01,53.1,23.49,0.64
Chamoli,Chamoli_S5,2023-05-01,84.4,24.05,0.64
Chamoli,Chamoli_S5,2023-06-01,215.1,25.51,0.64
Chamoli,Chamoli_S5,2023-07-01,284.6,34.6,0.64
Chamoli,Chamoli_S5,2023-08-01,267.8,31.07,0.64
Chamoli,Chamoli_S5,2023-09-01,169.1,34.25,0.64
Chamoli,Chamoli_S5,2023-10-01,83.1,28.75,0.64
Chamoli,Chamoli_S5,2023-11-01,44.5,24.57,0.64
Chamoli,Chamoli_S5,2023-12-01,43.4,23.35,0.64
Chamoli,Chamoli_S5,2024-01-01,33.1,24.37,0.64
Chamoli,Chamoli_S5,2024-02-01,41.7,23.92,0.64
Chamoli,Chamoli_S5,2024-03-01,60.3,23.62,0.64
Chamoli,Chamoli_S5,2024-04-01,85.6,25.45,0.64
Chamoli,Chamoli_S5,2024-05-01,127.5,26.73,0.64
Chamoli,Chamoli_S5,2024-06-01,317.2,27.92,0.64
Chamoli,Chamoli_S5,2024-07-01,448.1,33.76,0.64
Chamoli,Chamoli_S5,2024-08-01,377.9,41.07,0.64
Chamoli,Chamoli_S5,2024-09-01,274.0,37.99,0.64
Chamoli,Chamoli_S5,2024-10-01,102.4,31.33,0.64
Chamoli,Chamoli_S5,2024-11-01,64.0,23.48,0.64
Chamoli,Chamoli_S5,2024-12-01,60.2,21.42,0.64
Chamoli,Chamoli_S5,2025-01-01,28.2,23.7,0.64
Chamoli,Chamoli_S5,2025-02-01,28.4,22.58,0.64
Chamoli,Chamoli_S5,2025-03-01,47.6,20.89,0.64
Chamoli,Chamoli_S5,2025-04-01,72.3,24.14,0.64
Chamoli,Chamoli_S5,2025-05-01,94.6,24.08,0.64
Chamoli,Chamoli_S5,2025-06-01,219.5,26.42,0.64
Chamoli,Chamoli_S5,2025-07-01,332.0,30.32,0.64
Chamoli,Chamoli_S5,2025-08-01,302.8,32.44,0.64
Chamoli,Chamoli_S5,2025-09-01,173.0,33.76,0.64
Chamoli,Chamoli_S5,2025-10-01,77.5,28.61,0.64
Chamoli,Chamoli_S5,2025-11-01,42.9,23.12,0.64
Chamoli,Chamoli_S5,2025-12-01,45.9,20.72,0.64
Chamoli,Chamoli_S6,2005-01-01,35.0,51.3,0.64
Chamoli,Chamoli_S6,2005-02-01,30.3,40.53,0.64
Chamoli,Chamoli_S6,2005-03-01,51.0,44.49,0.64
Chamoli,Chamoli_S6,2005-04-01,67.4,37.95,0.64
Chamoli,Chamoli_S6,2005-05-01,117.4,43.93,0.64
Chamoli,Chamoli_S6,2005-06-01,231.5,50.71,0.64
Chamoli,Chamoli_S6,2005-07-01,392.1,53.32,0.64
Chamoli,Chamoli_S6,2005-08-01,411.9,67.22,0.64
Chamoli,Chamoli_S6,2005-09-01,240.4,67.74,0.64
Chamoli,Chamoli_S6,2005-10-01,118.9,54.31,0.64
Chamoli,Chamoli_S6,2005-11-01,48.2,47.66,0.64
Chamoli,Chamoli_S6,2005-12-01,48.3,39.05,0.64
Chamoli,Chamoli_S6,2006-01-01,38.0,41.47,0.64
Chamoli,Chamoli_S6,2006-02-01,38.0,41.93,0.64
Chamoli,Chamoli_S6,2006-03-01,51.5,40.38,0.64
Chamoli,Chamoli_S6,2006-04-01,76.0,39.66,0.64
Chamoli,Chamoli_S6,2006-05-01,102.7,45.74,0.64
Chamoli,Chamoli_S6,2006-06-01,330.1,47.07,0.64
Chamoli,Chamoli_S6,2006-07-01,505.0,58.87,0.64
Chamoli,Chamoli_S6,2006-08-01,391.4,70.04,0.64
Chamoli,Chamoli_S6,2006-09-01,232.5,63.27,0.64
Chamoli,Chamoli_S6,2006-10-01,90.1,56.16,0.64
Chamoli,Chamoli_S6,2006-11-01,48.9,44.77,0.64
Chamoli,Chamoli_S6,2006-12-01,63.6,42.7,0.64
Chamoli,Chamoli_S6,2007-01-01,25.4,41.4,0.64
Chamoli,Chamoli_S6,2007-02-01,27.6,37.43,0.64
Chamoli,Chamoli_S6,2007-03-01,44.0,41.15,0.64
Chamoli,Chamoli_S6,2007-04-01,51.6,39.36,0.64
Chamoli,Chamoli_S6,2007-05-01,76.1,41.35,0.64
Chamoli,Chamoli_S6,2007-06-01,210.9,39.38,0.64
Chamoli,Chamoli_S6,2007-07-01,273.9,50.9,0.64
Chamoli,Chamoli_S6,2007-08-01,250.1,59.74,0.64
Chamoli,Chamoli_S6,2007-09-01,176.0,53.09,0.64
Chamoli,Chamoli_S6,2007-10-01,79.8,51.67,0.64
Chamoli,Chamoli_S6,2007-11-01,46.0,37.67,0.64
Chamoli,Chamoli_S6,2007-12-01,40.7,39.03,0.64
Chamoli,Chamoli_S6,2008-01-01,33.2,39.37,0.64
Chamoli,Chamoli_S6,2008-02-01,37.9,42.53,0.64
Chamoli,Chamoli_S6,2008-03-01,51.4,37.09,0.64
Chamoli,Chamoli_S6,2008-04-01,75.0,41.65,0.64
Chamoli,Chamoli_S6,2008-05-01,115.1,44.14,0.64
Chamoli,Chamoli_S6,2008-06-01,292.0,43.11,0.64
Chamoli,Chamoli_S6,2008-07-01,476.9,56.18,0.64
Chamoli,Chamoli_S6,2008-08-01,405.1,70.8,0.64
Chamoli,Chamoli_S6,2008-09-01,258.5,60.28,0.64
Chamoli,Chamoli_S6,2008-10-01,115.7,53.38,0.64
Chamoli,Chamoli_S6,2008-11-01,62.2,47.28,0.64
Chamoli,Chamoli_S6,2008-12-01,48.3,41.66,0.64
Chamoli,Chamoli_S6,2009-01-01,34.4,39.24,0.64
Chamoli,Chamoli_S6,2009-02-01,35.7,38.74,0.64
Chamoli,Chamoli_S6,2009-03-01,58.6,39.67,0.64
Chamoli,Chamoli_S6,2009-04-01,82.1,41.65,0.64
Chamoli,Chamoli_S6,2009-05-01,101.8,40.54,0.64
Chamoli,Chamoli_S6,2009-06-01,286.7,46.31,0.64
Chamoli,Chamoli_S6,2009-07-01,414.3,59.56,0.64
Chamoli,Chamoli_S6,2009-08-01,368.1,66.89,0.64
Chamoli,Chamoli_S6,2009-09-01,259.5,58.8,0.64
Chamoli,Chamoli_S6,2009-10-01,142.9,51.0,0.64
Chamoli,Chamoli_S6,2009-11-01,57.9,44.81,0.64
Chamoli,Chamoli_S6,2009-12-01,52.8,39.71,0.64
Chamoli,Chamoli_S6,2010-01-01,24.3,35.71,0.64
Chamoli,Chamoli_S6,2010-02-01,23.1,38.07,0.64
Chamoli,Chamoli_S6,2010-03-01,38.9,39.39,0.64
Chamoli,Chamoli_S6,2010-04-01,51.7,39.14,0.64
Chamoli,Chamoli_S6,2010-05-01,72.1,37.56,0.64
Chamoli,Chamoli_S6,2010-06-01,231.5,38.62,0.64
Chamoli,Chamoli_S6,2010-07-01,258.5,51.88,0.64
Chamoli,Chamoli_S6,2010-08-01,247.3,52.48,0.64
Chamoli,Chamoli_S6,2010-09-01,170.6,53.2,0.64
Chamoli,Chamoli_S6,2010-10-01,80.3,48.13,0.64
Chamoli,Chamoli_S6,2010-11-01,41.3,42.69,0.64
Chamoli,Chamoli_S6,2010-12-01,38.7,35.63,0.64
Chamoli,Chamoli_S6,2011-01-01,34.0,37.95,0.64
Chamoli,Chamoli_S6,2011-02-01,38.5,36.48,0.64
Chamoli,Chamoli_S6,2011-03-01,57.7,37.23,0.64
Chamoli,Chamoli_S6,2011-04-01,80.5,40.33,0.64
Chamoli,Chamoli_S6,2011-05-01,93.3,42.1,0.64
Chamoli,Chamoli_S6,2011-06-01,266.3,43.81,0.64
Chamoli,Chamoli_S6,2011-07-01,420.7,53.68,0.64
Chamoli,Chamoli_S6,2011-08-01,282.7,62.55,0.64
Chamoli,Chamoli_S6,2011-09-01,242.4,52.84,0.64
Chamoli,Chamoli_S6,2011-10-01,116.8,46.33,0.64
Chamoli,Chamoli_S6,2011-11-01,51.3,45.06,0.64
Chamoli,Chamoli_S6,2011-12-01,52.0,37.17,0.64
Chamoli,Chamoli_S6,2012-01-01,24.9,38.72,0.64
Chamoli,Chamoli_S6,2012-02-01,25.0,37.12,0.64
Chamoli,Chamoli_S6,2012-03-01,36.9,33.62,0.64
Chamoli,Chamoli_S6,2012-04-01,48.9,34.91,0.64
Chamoli,Chamoli_S6,2012-05-01,76.3,40.23,0.64
Chamoli,Chamoli_S6,2012-06-01,203.3,39.68,0.64
Chamoli,Chamoli_S6,2012-07-01,328.9,46.1,0.64
Chamoli,Chamoli_S6,2012-08-01,251.9,55.37,0.64
Chamoli,Chamoli_S6,2012-09-01,173.7,53.29,0.64
Chamoli,Chamoli_S6,2012-10-01,74.4,47.43,0.64
Chamoli,Chamoli_S6,2012-11-01,37.2,35.86,0.64
Chamoli,Chamoli_S6,2012-12-01,33.7,39.15,0.64
Chamoli,Chamoli_S6,2013-01-01,21.4,37.64,0.64
Chamoli,Chamoli_S6,2013-02-01,24.0,34.78,0.64
Chamoli,Chamoli_S6,2013-03-01,38.6,33.07,0.64
Chamoli,Chamoli_S6,2013-04-01,40.6,37.97,0.64
Chamoli,Chamoli_S6,2013-05-01,68.0,37.01,0.64
Chamoli,Chamoli_S6,2013-06-01,168.8,35.12,0.64
Chamoli,Chamoli_S6,2013-07-01,255.1,43.88,0.64
Chamoli,Chamoli_S6,2013-08-01,257.3,57.76,0.64
Chamoli,Chamoli_S6,2013-09-01,148.5,50.06,0.64
Chamoli,Chamoli_S6,2013-10-01,70.8,41.29,0.64
Chamoli,Chamoli_S6,2013-11-01,39.7,35.88,0.64
Chamoli,Chamoli_S6,2013-12-01,36.8,38.89,0.64
Chamoli,Chamoli_S6,2014-01-01,27.8,36.99,0.64
Chamoli,Chamoli_S6,2014-02-01,25.6,37.3,0.64
Chamoli,Chamoli_S6,2014-03-01,42.6,35.09,0.64
Chamoli,Chamoli_S6,2014-04-01,57.2,37.94,0.64
Chamoli,Chamoli_S6,2014-05-01,73.4,35.03,0.64
Chamoli,Chamoli_S6,2014-06-01,222.8,37.87,0.64
Chamoli,Chamoli_S6,2014-07-01,299.3,47.76,0.64
Chamoli,Chamoli_S6,2014-08-01,286.6,55.49,0.64
Chamoli,Chamoli_S6,2014-09-01,190.4,51.83,0.64
Chamoli,Chamoli_S6,2014-10-01,85.5,43.41,0.64
Chamoli,Chamoli_S6,2014-11-01,40.2,38.19,0.64
Chamoli,Chamoli_S6,2014-12-01,44.3,32.19,0.64
Chamoli,Chamoli_S6,2015-01-01,24.1,31.24,0.64
Chamoli,Chamoli_S6,2015-02-01,20.1,35.42,0.64
Chamoli,Chamoli_S6,2015-03-01,40.2,33.07,0.64
Chamoli,Chamoli_S6,2015-04-01,50.3,34.47,0.64
Chamoli,Chamoli_S6,2015-05-01,83.4,36.99,0.64
Chamoli,Chamoli_S6,2015-06-01,181.5,40.17,0.64
Chamoli,Chamoli_S6,2015-07-01,281.0,44.83,0.64
Chamoli,Chamoli_S6,2015-08-01,279.5,54.65,0.64
Chamoli,Chamoli_S6,2015-09-01,160.7,50.93,0.64
Chamoli,Chamoli_S6,2015-10-01,83.5,42.8,0.64
Chamoli,Chamoli_S6,2015-11-01,38.6,37.72,0.64
Chamoli,Chamoli_S6,2015-12-01,40.3,32.21,0.64
Chamoli,Chamoli_S6,2016-01-01,36.3,36.12,0.64
Chamoli,Chamoli_S6,2016-02-01,34.0,30.0,0.64
Chamoli,Chamoli_S6,2016-03-01,47.4,32.99,0.64
Chamoli,Chamoli_S6,2016-04-01,65.1,34.8,0.64
Chamoli,Chamoli_S6,2016-05-01,106.5,34.39,0.64
Chamoli,Chamoli_S6,2016-06-01,248.1,37.45,0.64
Chamoli,Chamoli_S6,2016-07-01,366.2,51.34,0.64
Chamoli,Chamoli_S6,2016-08-01,327.3,57.23,0.64
Chamoli,Chamoli_S6,2016-09-01,217.7,49.98,0.64
Chamoli,Chamoli_S6,2016-10-01,93.1,43.88,0.64
Chamoli,Chamoli_S6,2016-11-01,43.1,34.84,0.64
Chamoli,Chamoli_S6,2016-12-01,52.8,35.3,0.64
Chamoli,Chamoli_S6,2017-01-01,30.4,34.2,0.64
Chamoli,Chamoli_S6,2017-02-01,36.5,29.95,0.64
Chamoli,Chamoli_S6,2017-03-01,57.8,33.71,0.64
Chamoli,Chamoli_S6,2017-04-01,74.3,35.56,0.64
Chamoli,Chamoli_S6,2017-05-01,102.9,37.47,0.64
Chamoli,Chamoli_S6,2017-06-01,262.4,37.29,0.64
Chamoli,Chamoli_S6,2017-07-01,392.8,46.19,0.64
Chamoli,Chamoli_S6,2017-08-01,361.9,60.36,0.64
Chamoli,Chamoli_S6,2017-09-01,232.4,52.97,0.64
Chamoli,Chamoli_S6,2017-10-01,104.9,46.66,0.64
Chamoli,Chamoli_S6,2017-11-01,48.6,36.27,0.64
Chamoli,Chamoli_S6,2017-12-01,55.0,35.0,0.64
Chamoli,Chamoli_S6,2018-01-01,33.7,31.68,0.64
Chamoli,Chamoli_S6,2018-02-01,33.5,32.08,0.64
Chamoli,Chamoli_S6,2018-03-01,56.5,30.79,0.64
Chamoli,Chamoli_S6,2018-04-01,63.1,33.07,0.64
Chamoli,Chamoli_S6,2018-05-01,109.8,36.6,0.64
Chamoli,Chamoli_S6,2018-06-01,249.9,36.05,0.64
Chamoli,Chamoli_S6,2018-07-01,397.5,47.13,0.64
Chamoli,Chamoli_S6,2018-08-01,364.6,58.34,0.64
Chamoli,Chamoli_S6,2018-09-01,210.7,52.12,0.64
Chamoli,Chamoli_S6,2018-10-01,112.8,45.1,0.64
Chamoli,Chamoli_S6,2018-11-01,51.7,38.08,0.64
Chamoli,Chamoli_S6,2018-12-01,46.3,33.62,0.64
Chamoli,Chamoli_S6,2019-01-01,31.9,34.3,0.64
Chamoli,Chamoli_S6,2019-02-01,31.4,35.12,0.64
Chamoli,Chamoli_S6,2019-03-01,40.2,31.06,0.64
Chamoli,Chamoli_S6,2019-04-01,57.9,30.99,0.64
Chamoli,Chamoli_S6,2019-05-01,89.2,31.84,0.64
Chamoli,Chamoli_S6,2019-06-01,224.6,37.09,0.64
Chamoli,Chamoli_S6,2019-07-01,382.6,45.66,0.64
Chamoli,Chamoli_S6,2019-08-01,298.1,51.0,0.64
Chamoli,Chamoli_S6,2019-09-01,189.3,42.33,0.64
Chamoli,Chamoli_S6,2019-10-01,96.1,39.58,0.64
Chamoli,Chamoli_S6,2019-11-01,42.6,36.45,0.64
Chamoli,Chamoli_S6,2019-12-01,47.4,32.2,0.64
Chamoli,Chamoli_S6,2020-01-01,22.4,32.84,0.64
Chamoli,Chamoli_S6,2020-02-01,25.2,30.23,0.64
Chamoli,Chamoli_S6,2020-03-01,39.2,32.74,0.64
Chamoli,Chamoli_S6,2020-04-01,43.6,32.48,0.64
Chamoli,Chamoli_S6,2020-05-01,64.8,33.08,0.64
Chamoli,Chamoli_S6,2020-06-01,194.4,33.57,0.64
Chamoli,Chamoli_S6,2020-07-01,243.0,41.79,0.64
Chamoli,Chamoli_S6,2020-08-01,227.5,44.46,0.64
Chamoli,Chamoli_S6,2020-09-01,161.7,40.53,0.64
Chamoli,Chamoli_S6,2020-10-01,66.7,39.39,0.64
Chamoli,Chamoli_S6,2020-11-01,29.4,34.49,0.64
Chamoli,Chamoli_S6,2020-12-01,31.2,32.78,0.64
Chamoli,Chamoli_S6,2021-01-01,26.4,31.7,0.64
Chamoli,Chamoli_S6,2021-02-01,30.3,29.25,0.64
Chamoli,Chamoli_S6,2021-03-01,41.4,29.65,0.64
Chamoli,Chamoli_S6,2021-04-01,70.2,30.81,0.64
Chamoli,Chamoli_S6,2021-05-01,109.3,33.4,0.64
Chamoli,Chamoli_S6,2021-06-01,227.3,35.03,0.64
Chamoli,Chamoli_S6,2021-07-01,348.5,39.53,0.64
Chamoli,Chamoli_S6,2021-08-01,286.6,45.92,0.64
Chamoli,Chamoli_S6,2021-09-01,196.8,40.37,0.64
Chamoli,Chamoli_S6,2021-10-01,106.6,33.74,0.64
Chamoli,Chamoli_S6,2021-11-01,44.8,34.61,0.64
Chamoli,Chamoli_S6,2021-12-01,45.5,34.95,0.64
Chamoli,Chamoli_S6,2022-01-01,29.1,34.12,0.64
Chamoli,Chamoli_S6,2022-02-01,19.7,28.86,0.64
Chamoli,Chamoli_S6,2022-03-01,38.5,30.0,0.64
Chamoli,Chamoli_S6,2022-04-01,53.0,28.53,0.64
Chamoli,Chamoli_S6,2022-05-01,75.6,29.48,0.64
Chamoli,Chamoli_S6,2022-06-01,227.6,30.8,0.64
Chamoli,Chamoli_S6,2022-07-01,320.9,40.7,0.64
Chamoli,Chamoli_S6,2022-08-01,236.1,45.87,0.64
Chamoli,Chamoli_S6,2022-09-01,202.0,42.04,0.64
Chamoli,Chamoli_S6,2022-10-01,70.8,40.88,0.64
Chamoli,Chamoli_S6,2022-11-01,44.0,31.71,0.64
Chamoli,Chamoli_S6,2022-12-01,40.4,30.79,0.64
Chamoli,Chamoli_S6,2023-01-01,27.7,28.82,0.64
Chamoli,Chamoli_S6,2023-02-01,28.6,27.74,0.64
Chamoli,Chamoli_S6,2023-03-01,43.7,27.52,0.64
Chamoli,Chamoli_S6,2023-04-01,53.1,31.52,0.64
Chamoli,Chamoli_S6,2023-05-01,84.4,30.48,0.64
Chamoli,Chamoli_S6,2023-06-01,215.1,29.61,0.64
Chamoli,Chamoli_S6,2023-07-01,284.6,39.64,0.64
Chamoli,Chamoli_S6,2023-08-01,267.8,40.78,0.64
Chamoli,Chamoli_S6,2023-09-01,169.1,46.05,0.64
Chamoli,Chamoli_S6,2023-10-01,83.1,36.01,0.64
Chamoli,Chamoli_S6,2023-11-01,44.5,33.46,0.64
Chamoli,Chamoli_S6,2023-12-01,43.4,31.86,0.64
Chamoli,Chamoli_S6,2024-01-01,33.1,28.68,0.64
Chamoli,Chamoli_S6,2024-02-01,41.7,29.62,0.64
Chamoli,Chamoli_S6,2024-03-01,60.3,30.76,0.64
Chamoli,Chamoli_S6,2024-04-01,85.6,31.07,0.64
Chamoli,Chamoli_S6,2024-05-01,127.5,32.79,0.64
Chamoli,Chamoli_S6,2024-06-01,317.2,32.13,0.64
Chamoli,Chamoli_S6,2024-07-01,448.1,45.79,0.64
Chamoli,Chamoli_S6,2024-08-01,377.9,50.25,0.64
Chamoli,Chamoli_S6,2024-09-01,274.0,48.5,0.64
Chamoli,Chamoli_S6,2024-10-01,102.4,43.98,0.64
Chamoli,Chamoli_S6,2024-11-01,64.0,33.92,0.64
Chamoli,Chamoli_S6,2024-12-01,60.2,31.27,0.64
Chamoli,Chamoli_S6,2025-01-01,28.2,31.46,0.64
Chamoli,Chamoli_S6,2025-02-01,28.4,29.73,0.64
Chamoli,Chamoli_S6,2025-03-01,47.6,30.85,0.64
Chamoli,Chamoli_S6,2025-04-01,72.3,29.63,0.64
Chamoli,Chamoli_S6,2025-05-01,94.6,31.2,0.64
Chamoli,Chamoli_S6,2025-06-01,219.5,33.57,0.64
Chamoli,Chamoli_S6,2025-07-01,332.0,37.67,0.64
Chamoli,Chamoli_S6,2025-08-01,302.8,41.52,0.64
Chamoli,Chamoli_S6,2025-09-01,173.0,43.95,0.64
Chamoli,Chamoli_S6,2025-10-01,77.5,35.64,0.64
Chamoli,Chamoli_S6,2025-11-01,42.9,29.08,0.64
Chamoli,Chamoli_S6,2025-12-01,45.9,29.82,0.64
Bageshwar,Bageshwar_S1,2005-01-01,25.4,41.56,0.5
Bageshwar,Bageshwar_S1,2005-02-01,31.5,31.25,0.5
Bageshwar,Bageshwar_S1,2005-03-01,34.9,34.81,0.5
Bageshwar,Bageshwar_S1,2005-04-01,56.4,32.39,0.5
Bageshwar,Bageshwar_S1,2005-05-01,100.3,35.68,0.5
Bageshwar,Bageshwar_S1,2005-06-01,227.1,44.96,0.5
Bageshwar,Bageshwar_S1,2005-07-01,323.0,49.34,0.5
Bageshwar,Bageshwar_S1,2005-08-01,309.3,53.35,0.5
Bageshwar,Bageshwar_S1,2005-09-01,163.5,55.67,0.5
Bageshwar,Bageshwar_S1,2005-10-01,88.0,42.24,0.5
Bageshwar,Bageshwar_S1,2005-11-01,44.0,35.73,0.5
Bageshwar,Bageshwar_S1,2005-12-01,50.2,37.7,0.5
Bageshwar,Bageshwar_S1,2006-01-01,19.0,36.32,0.5
Bageshwar,Bageshwar_S1,2006-02-01,18.1,32.59,0.5
Bageshwar,Bageshwar_S1,2006-03-01,26.9,31.25,0.5
Bageshwar,Bageshwar_S1,2006-04-01,42.6,31.93,0.5
Bageshwar,Bageshwar_S1,2006-05-01,58.8,36.09,0.5
Bageshwar,Bageshwar_S1,2006-06-01,149.5,35.13,0.5
Bageshwar,Bageshwar_S1,2006-07-01,206.2,34.83,0.5
Bageshwar,Bageshwar_S1,2006-08-01,186.7,50.69,0.5
Bageshwar,Bageshwar_S1,2006-09-01,122.3,44.05,0.5
Bageshwar,Bageshwar_S1,2006-10-01,52.7,39.49,0.5
Bageshwar,Bageshwar_S1,2006-11-01,28.7,35.47,0.5
Bageshwar,Bageshwar_S1,2006-12-01,28.5,32.54,0.5
Bageshwar,Bageshwar_S1,2007-01-01,21.5,32.87,0.5
Bageshwar,Bageshwar_S1,2007-02-01,21.7,30.43,0.5
Bageshwar,Bageshwar_S1,2007-03-01,30.5,29.1,0.5
Bageshwar,Bageshwar_S1,2007-04-01,42.1,31.99,0.5
Bageshwar,Bageshwar_S1,2007-05-01,74.8,34.59,0.5
Bageshwar,Bageshwar_S1,2007-06-01,199.0,33.4,0.5
Bageshwar,Bageshwar_S1,2007-07-01,214.3,41.67,0.5
Bageshwar,Bageshwar_S1,2007-08-01,197.2,46.89,0.5
Bageshwar,Bageshwar_S1,2007-09-01,126.5,41.87,0.5
Bageshwar,Bageshwar_S1,2007-10-01,69.2,36.98,0.5
Bageshwar,Bageshwar_S1,2007-11-01,30.9,32.99,0.5
Bageshwar,Bageshwar_S1,2007-12-01,32.5,30.73,0.5
Bageshwar,Bageshwar_S1,2008-01-01,31.2,28.42,0.5
Bageshwar,Bageshwar_S1,2008-02-01,33.0,29.84,0.5
Bageshwar,Bageshwar_S1,2008-03-01,48.7,31.05,0.5
Bageshwar,Bageshwar_S1,2008-04-01,59.4,32.05,0.5
Bageshwar,Bageshwar_S1,2008-05-01,101.5,34.21,0.5
Bageshwar,Bageshwar_S1,2008-06-01,232.6,38.37,0.5
Bageshwar,Bageshwar_S1,2008-07-01,379.9,47.34,0.5
Bageshwar,Bageshwar_S1,2008-08-01,297.2,56.42,0.5
Bageshwar,Bageshwar_S1,2008-09-01,195.0,47.8,0.5
Bageshwar,Bageshwar_S1,2008-10-01,85.4,39.79,0.5
Bageshwar,Bageshwar_S1,2008-11-01,43.3,33.56,0.5
Bageshwar,Bageshwar_S1,2008-12-01,45.2,31.48,0.5
Bageshwar,Bageshwar_S1,2009-01-01,15.0,31.87,0.5
Bageshwar,Bageshwar_S1,2009-02-01,14.6,29.38,0.5
Bageshwar,Bageshwar_S1,2009-03-01,24.3,28.22,0.5
Bageshwar,Bageshwar_S1,2009-04-01,31.5,30.09,0.5
Bageshwar,Bageshwar_S1,2009-05-01,43.2,31.19,0.5
Bageshwar,Bageshwar_S1,2009-06-01,117.5,31.35,0.5
Bageshwar,Bageshwar_S1,2009-07-01,164.6,34.8,0.5
Bageshwar,Bageshwar_S1,2009-08-01,170.6,36.28,0.5
Bageshwar,Bageshwar_S1,2009-09-01,92.6,36.5,0.5
Bageshwar,Bageshwar_S1,2009-10-01,43.1,31.79,0.5
Bageshwar,Bageshwar_S1,2009-11-01,20.8,29.96,0.5
Bageshwar,Bageshwar_S1,2009-12-01,20.2,28.76,0.5
Bageshwar,Bageshwar_S1,2010-01-01,25.5,25.94,0.5
Bageshwar,Bageshwar_S1,2010-02-01,27.7,27.46,0.5
Bageshwar,Bageshwar_S1,2010-03-01,40.8,28.57,0.5
Bageshwar,Bageshwar_S1,2010-04-01,59.8,27.69,0.5
Bageshwar,Bageshwar_S1,2010-05-01,74.9,30.78,0.5
Bageshwar,Bageshwar_S1,2010-06-01,196.7,30.52,0.5
Bageshwar,Bageshwar_S1,2010-07-01,247.4,37.28,0.5
Bageshwar,Bageshwar_S1,2010-08-01,265.0,41.9,0.5
Bageshwar,Bageshwar_S1,2010-09-01,164.7,43.62,0.5
Bageshwar,Bageshwar_S1,2010-10-01,79.2,34.77,0.5
Bageshwar,Bageshwar_S1,2010-11-01,34.2,30.44,0.5
Bageshwar,Bageshwar_S1,2010-12-01,38.7,28.54,0.5
Bageshwar,Bageshwar_S1,2011-01-01,25.0,27.02,0.5
Bageshwar,Bageshwar_S1,2011-02-01,23.4,24.9,0.5
Bageshwar,Bageshwar_S1,2011-03-01,40.6,24.89,0.5
Bageshwar,Bageshwar_S1,2011-04-01,57.6,27.37,0.5
Bageshwar,Bageshwar_S1,2011-05-01,67.6,27.02,0.5
Bageshwar,Bageshwar_S1,2011-06-01,209.3,28.94,0.5
Bageshwar,Bageshwar_S1,2011-07-01,209.5,41.26,0.5
Bageshwar,Bageshwar_S1,2011-08-01,260.6,35.37,0.5
Bageshwar,Bageshwar_S1,2011-09-01,136.7,40.42,0.5
Bageshwar,Bageshwar_S1,2011-10-01,71.1,36.87,0.5
Bageshwar,Bageshwar_S1,2011-11-01,33.2,29.83,0.5
Bageshwar,Bageshwar_S1,2011-12-01,36.5,26.35,0.5
Bageshwar,Bageshwar_S1,2012-01-01,23.0,26.75,0.5
Bageshwar,Bageshwar_S1,2012-02-01,26.2,26.63,0.5
Bageshwar,Bageshwar_S1,2012-03-01,38.9,28.41,0.5
Bageshwar,Bageshwar_S1,2012-04-01,60.9,26.15,0.5
Bageshwar,Bageshwar_S1,2012-05-01,83.9,27.03,0.5
Bageshwar,Bageshwar_S1,2012-06-01,195.8,27.36,0.5
Bageshwar,Bageshwar_S1,2012-07-01,286.0,36.13,0.5
Bageshwar,Bageshwar_S1,2012-08-01,303.8,38.28,0.5
Bageshwar,Bageshwar_S1,2012-09-01,185.7,41.13,0.5
Bageshwar,Bageshwar_S1,2012-10-01,75.1,33.43,0.5
Bageshwar,Bageshwar_S1,2012-11-01,39.7,29.96,0.5
Bageshwar,Bageshwar_S1,2012-12-01,39.8,25.61,0.5
Bageshwar,Bageshwar_S1,2013-01-01,19.0,26.72,0.5
Bageshwar,Bageshwar_S1,2013-02-01,20.9,22.92,0.5
Bageshwar,Bageshwar_S1,2013-03-01,36.8,25.11,0.5
Bageshwar,Bageshwar_S1,2013-04-01,42.8,24.24,0.5
Bageshwar,Bageshwar_S1,2013-05-01,65.6,25.51,0.5
Bageshwar,Bageshwar_S1,2013-06-01,178.5,30.32,0.5
Bageshwar,Bageshwar_S1,2013-07-01,285.8,35.25,0.5
Bageshwar,Bageshwar_S1,2013-08-01,220.8,39.46,0.5
Bageshwar,Bageshwar_S1,2013-09-01,156.0,41.63,0.5
Bageshwar,Bageshwar_S1,2013-10-01,63.0,30.63,0.5
Bageshwar,Bageshwar_S1,2013-11-01,32.4,28.31,0.5
Bageshwar,Bageshwar_S1,2013-12-01,33.1,23.03,0.5
Bageshwar,Bageshwar_S1,2014-01-01,20.9,24.6,0.5
Bageshwar,Bageshwar_S1,2014-02-01,22.7,22.52,0.5
Bageshwar,Bageshwar_S1,2014-03-01,29.8,24.49,0.5
Bageshwar,Bageshwar_S1,2014-04-01,42.4,24.56,0.5
Bageshwar,Bageshwar_S1,2014-05-01,67.2,24.74,0.5
Bageshwar,Bageshwar_S1,2014-06-01,158.5,27.87,0.5
Bageshwar,Bageshwar_S1,2014-07-01,253.8,30.5,0.5
Bageshwar,Bageshwar_S1,2014-08-01,213.4,37.15,0.5
Bageshwar,Bageshwar_S1,2014-09-01,136.1,35.62,0.5
Bageshwar,Bageshwar_S1,2014-10-01,53.4,27.67,0.5
Bageshwar,Bageshwar_S1,2014-11-01,30.9,24.33,0.5
Bageshwar,Bageshwar_S1,2014-12-01,32.8,24.04,0.5
Bageshwar,Bageshwar_S1,2015-01-01,31.7,24.76,0.5
Bageshwar,Bageshwar_S1,2015-02-01,33.0,25.57,0.5
Bageshwar,Bageshwar_S1,2015-03-01,41.0,23.62,0.5
Bageshwar,Bageshwar_S1,2015-04-01,60.0,23.85,0.5
Bageshwar,Bageshwar_S1,2015-05-01,99.7,24.08,0.5
Bageshwar,Bageshwar_S1,2015-06-01,225.1,27.68,0.5
Bageshwar,Bageshwar_S1,2015-07-01,358.8,33.33,0.5
Bageshwar,Bageshwar_S1,2015-08-01,320.6,40.28,0.5
Bageshwar,Bageshwar_S1,2015-09-01,201.2,38.51,0.5
Bageshwar,Bageshwar_S1,2015-10-01,88.5,33.16,0.5
Bageshwar,Bageshwar_S1,2015-11-01,41.8,25.49,0.5
Bageshwar,Bageshwar_S1,2015-12-01,51.9,22.79,0.5
Bageshwar,Bageshwar_S1,2016-01-01,27.0,24.68,0.5
Bageshwar,Bageshwar_S1,2016-02-01,25.4,19.34,0.5
Bageshwar,Bageshwar_S1,2016-03-01,39.5,21.96,0.5
Bageshwar,Bageshwar_S1,2016-04-01,53.2,21.96,0.5
Bageshwar,Bageshwar_S1,2016-05-01,81.3,25.38,0.5
Bageshwar,Bageshwar_S1,2016-06-01,222.5,24.76,0.5
Bageshwar,Bageshwar_S1,2016-07-01,270.9,31.6,0.5
Bageshwar,Bageshwar_S1,2016-08-01,231.9,34.81,0.5
Bageshwar,Bageshwar_S1,2016-09-01,171.9,31.82,0.5
Bageshwar,Bageshwar_S1,2016-10-01,67.8,29.04,0.5
Bageshwar,Bageshwar_S1,2016-11-01,38.4,24.38,0.5
Bageshwar,Bageshwar_S1,2016-12-01,37.8,22.22,0.5
Bageshwar,Bageshwar_S1,2017-01-01,29.9,22.11,0.5
Bageshwar,Bageshwar_S1,2017-02-01,21.8,21.01,0.5
Bageshwar,Bageshwar_S1,2017-03-01,45.7,20.41,0.5
Bageshwar,Bageshwar_S1,2017-04-01,50.6,22.86,0.5
Bageshwar,Bageshwar_S1,2017-05-01,79.5,23.32,0.5
Bageshwar,Bageshwar_S1,2017-06-01,182.8,22.6,0.5
Bageshwar,Bageshwar_S1,2017-07-01,306.1,30.51,0.5
Bageshwar,Bageshwar_S1,2017-08-01,258.6,36.75,0.5
Bageshwar,Bageshwar_S1,2017-09-01,166.7,34.56,0.5
Bageshwar,Bageshwar_S1,2017-10-01,65.3,28.76,0.5
Bageshwar,Bageshwar_S1,2017-11-01,38.9,24.02,0.5
Bageshwar,Bageshwar_S1,2017-12-01,41.3,24.31,0.5
Bageshwar,Bageshwar_S1,2018-01-01,25.3,21.64,0.5
Bageshwar,Bageshwar_S1,2018-02-01,25.2,20.02,0.5
Bageshwar,Bageshwar_S1,2018-03-01,32.9,19.45,0.5
Bageshwar,Bageshwar_S1,2018-04-01,52.2,23.25,0.5
Bageshwar,Bageshwar_S1,2018-05-01,69.7,24.2,0.5
Bageshwar,Bageshwar_S1,2018-06-01,185.9,21.94,0.5
Bageshwar,Bageshwar_S1,2018-07-01,256.7,27.47,0.5
Bageshwar,Bageshwar_S1,2018-08-01,232.8,31.28,0.5
Bageshwar,Bageshwar_S1,2018-09-01,118.8,32.43,0.5
Bageshwar,Bageshwar_S1,2018-10-01,68.4,23.45,0.5
Bageshwar,Bageshwar_S1,2018-11-01,30.9,20.38,0.5
Bageshwar,Bageshwar_S1,2018-12-01,39.2,23.02,0.5
Bageshwar,Bageshwar_S1,2019-01-01,31.7,21.43,0.5
Bageshwar,Bageshwar_S1,2019-02-01,29.1,21.15,0.5
Bageshwar,Bageshwar_S1,2019-03-01,41.0,20.29,0.5
Bageshwar,Bageshwar_S1,2019-04-01,56.3,21.48,0.5
Bageshwar,Bageshwar_S1,2019-05-01,103.0,20.0,0.5
Bageshwar,Bageshwar_S1,2019-06-01,224.5,22.74,0.5
Bageshwar,Bageshwar_S1,2019-07-01,265.2,29.43,0.5
Bageshwar,Bageshwar_S1,2019-08-01,321.6,27.54,0.5
Bageshwar,Bageshwar_S1,2019-09-01,216.3,33.05,0.5
Bageshwar,Bageshwar_S1,2019-10-01,101.0,28.12,0.5
Bageshwar,Bageshwar_S1,2019-11-01,48.3,22.94,0.5
Bageshwar,Bageshwar_S1,2019-12-01,48.8,20.25,0.5
Bageshwar,Bageshwar_S1,2020-01-01,20.2,19.76,0.5
Bageshwar,Bageshwar_S1,2020-02-01,24.2,17.66,0.5
Bageshwar,Bageshwar_S1,2020-03-01,38.1,19.7,0.5
Bageshwar,Bageshwar_S1,2020-04-01,47.9,19.82,0.5
Bageshwar,Bageshwar_S1,2020-05-01,71.5,19.09,0.5
Bageshwar,Bageshwar_S1,2020-06-01,178.6,21.56,0.5
Bageshwar,Bageshwar_S1,2020-07-01,244.8,25.81,0.5
Bageshwar,Bageshwar_S1,2020-08-01,277.5,28.39,0.5
Bageshwar,Bageshwar_S1,2020-09-01,180.8,27.14,0.5
Bageshwar,Bageshwar_S1,2020-10-01,72.6,26.95,0.5
Bageshwar,Bageshwar_S1,2020-11-01,37.1,19.91,0.5
Bageshwar,Bageshwar_S1,2020-12-01,33.4,19.66,0.5
Bageshwar,Bageshwar_S1,2021-01-01,30.0,18.6,0.5
Bageshwar,Bageshwar_S1,2021-02-01,23.1,18.8,0.5
Bageshwar,Bageshwar_S1,2021-03-01,40.9,19.9,0.5
Bageshwar,Bageshwar_S1,2021-04-01,54.9,20.05,0.5
Bageshwar,Bageshwar_S1,2021-05-01,82.3,21.21,0.5
Bageshwar,Bageshwar_S1,2021-06-01,238.2,21.55,0.5
Bageshwar,Bageshwar_S1,2021-07-01,336.6,28.39,0.5
Bageshwar,Bageshwar_S1,2021-08-01,258.2,29.12,0.5
Bageshwar,Bageshwar_S1,2021-09-01,180.2,28.07,0.5
Bageshwar,Bageshwar_S1,2021-10-01,79.5,24.84,0.5
Bageshwar,Bageshwar_S1,2021-11-01,37.5,22.04,0.5
Bageshwar,Bageshwar_S1,2021-12-01,40.3,18.45,0.5
Bageshwar,Bageshwar_S1,2022-01-01,26.9,19.24,0.5
Bageshwar,Bageshwar_S1,2022-02-01,24.6,18.57,0.5
Bageshwar,Bageshwar_S1,2022-03-01,38.2,19.27,0.5
Bageshwar,Bageshwar_S1,2022-04-01,50.9,18.6,0.5
Bageshwar,Bageshwar_S1,2022-05-01,73.9,20.0,0.5
Bageshwar,Bageshwar_S1,2022-06-01,216.6,18.39,0.5
Bageshwar,Bageshwar_S1,2022-07-01,300.3,23.87,0.5
Bageshwar,Bageshwar_S1,2022-08-01,284.9,25.99,0.5
Bageshwar,Bageshwar_S1,2022-09-01,159.9,29.75,0.5
Bageshwar,Bageshwar_S1,2022-10-01,75.6,24.19,0.5
Bageshwar,Bageshwar_S1,2022-11-01,44.6,20.77,0.5
Bageshwar,Bageshwar_S1,2022-12-01,39.1,17.92,0.5
Bageshwar,Bageshwar_S1,2023-01-01,23.8,17.76,0.5
Bageshwar,Bageshwar_S1,2023-02-01,26.3,17.49,0.5
Bageshwar,Bageshwar_S1,2023-03-01,39.6,18.92,0.5
Bageshwar,Bageshwar_S1,2023-04-01,52.5,19.66,0.5
Bageshwar,Bageshwar_S1,2023-05-01,72.5,19.33,0.5
Bageshwar,Bageshwar_S1,2023-06-01,179.4,19.66,0.5
Bageshwar,Bageshwar_S1,2023-07-01,306.0,25.13,0.5
Bageshwar,Bageshwar_S1,2023-08-01,257.6,28.17,0.5
Bageshwar,Bageshwar_S1,2023-09-01,151.0,26.01,0.5
Bageshwar,Bageshwar_S1,2023-10-01,80.6,22.08,0.5
Bageshwar,Bageshwar_S1,2023-11-01,34.6,18.42,0.5
Bageshwar,Bageshwar_S1,2023-12-01,40.2,17.35,0.5
Bageshwar,Bageshwar_S1,2024-01-01,27.2,16.68,0.5
Bageshwar,Bageshwar_S1,2024-02-01,30.7,17.98,0.5
Bageshwar,Bageshwar_S1,2024-03-01,46.7,17.66,0.5
Bageshwar,Bageshwar_S1,2024-04-01,70.9,19.03,0.5
Bageshwar,Bageshwar_S1,2024-05-01,82.7,17.13,0.5
Bageshwar,Bageshwar_S1,2024-06-01,261.5,20.86,0.5
Bageshwar,Bageshwar_S1,2024-07-01,323.0,23.86,0.5
Bageshwar,Bageshwar_S1,2024-08-01,264.1,26.49,0.5
Bageshwar,Bageshwar_S1,2024-09-01,188.8,25.04,0.5
Bageshwar,Bageshwar_S1,2024-10-01,88.0,24.38,0.5
Bageshwar,Bageshwar_S1,2024-11-01,40.3,19.18,0.5
Bageshwar,Bageshwar_S1,2024-12-01,45.1,16.89,0.5
Bageshwar,Bageshwar_S1,2025-01-01,28.0,16.55,0.5
Bageshwar,Bageshwar_S1,2025-02-01,26.3,15.39,0.5
Bageshwar,Bageshwar_S1,2025-03-01,40.7,17.35,0.5
Bageshwar,Bageshwar_S1,2025-04-01,54.9,17.59,0.5
Bageshwar,Bageshwar_S1,2025-05-01,83.8,18.57,0.5
Bageshwar,Bageshwar_S1,2025-06-01,239.1,18.78,0.5
Bageshwar,Bageshwar_S1,2025-07-01,308.5,20.96,0.5
Bageshwar,Bageshwar_S1,2025-08-01,243.7,24.99,0.5
Bageshwar,Bageshwar_S1,2025-09-01,170.4,24.73,0.5
Bageshwar,Bageshwar_S1,2025-10-01,83.4,21.0,0.5
Bageshwar,Bageshwar_S1,2025-11-01,44.9,17.63,0.5
Bageshwar,Bageshwar_S1,2025-12-01,45.4,15.75,0.5
Bageshwar,Bageshwar_S2,2005-01-01,25.4,37.67,0.5
Bageshwar,Bageshwar_S2,2005-02-01,31.5,29.96,0.5
Bageshwar,Bageshwar_S2,2005-03-01,34.9,31.56,0.5
Bageshwar,Bageshwar_S2,2005-04-01,56.4,29.31,0.5
Bageshwar,Bageshwar_S2,2005-05-01,100.3,32.62,0.5
Bageshwar,Bageshwar_S2,2005-06-01,227.1,31.29,0.5
Bageshwar,Bageshwar_S2,2005-07-01,323.0,41.08,0.5
Bageshwar,Bageshwar_S2,2005-08-01,309.3,50.31,0.5
Bageshwar,Bageshwar_S2,2005-09-01,163.5,55.96,0.5
Bageshwar,Bageshwar_S2,2005-10-01,88.0,36.16,0.5
Bageshwar,Bageshwar_S2,2005-11-01,44.0,32.26,0.5
Bageshwar,Bageshwar_S2,2005-12-01,50.2,31.59,0.5
Bageshwar,Bageshwar_S2,2006-01-01,19.0,34.38,0.5
Bageshwar,Bageshwar_S2,2006-02-01,18.1,29.64,0.5
Bageshwar,Bageshwar_S2,2006-03-01,26.9,30.21,0.5
Bageshwar,Bageshwar_S2,2006-04-01,42.6,29.19,0.5
Bageshwar,Bageshwar_S2,2006-05-01,58.8,29.89,0.5
Bageshwar,Bageshwar_S2,2006-06-01,149.5,31.79,0.5
Bageshwar,Bageshwar_S2,2006-07-01,206.2,36.44,0.5
Bageshwar,Bageshwar_S2,2006-08-01,186.7,42.86,0.5
Bageshwar,Bageshwar_S2,2006-09-01,122.3,36.72,0.5
Bageshwar,Bageshwar_S2,2006-10-01,52.7,37.08,0.5
Bageshwar,Bageshwar_S2,2006-11-01,28.7,30.82,0.5
Bageshwar,Bageshwar_S2,2006-12-01,28.5,28.76,0.5
Bageshwar,Bageshwar_S2,2007-01-01,21.5,26.58,0.5
Bageshwar,Bageshwar_S2,2007-02-01,21.7,27.02,0.5
Bageshwar,Bageshwar_S2,2007-03-01,30.5,30.03,0.5
Bageshwar,Bageshwar_S2,2007-04-01,42.1,28.52,0.5
Bageshwar,Bageshwar_S2,2007-05-01,74.8,29.89,0.5
Bageshwar,Bageshwar_S2,2007-06-01,199.0,30.14,0.5
Bageshwar,Bageshwar_S2,2007-07-01,214.3,39.42,0.5
Bageshwar,Bageshwar_S2,2007-08-01,197.2,37.57,0.5
Bageshwar,Bageshwar_S2,2007-09-01,126.5,39.3,0.5
Bageshwar,Bageshwar_S2,2007-10-01,69.2,35.08,0.5
Bageshwar,Bageshwar_S2,2007-11-01,30.9,31.16,0.5
Bageshwar,Bageshwar_S2,2007-12-01,32.5,26.85,0.5
Bageshwar,Bageshwar_S2,2008-01-01,31.2,27.65,0.5
Bageshwar,Bageshwar_S2,2008-02-01,33.0,28.71,0.5
Bageshwar,Bageshwar_S2,2008-03-01,48.7,27.69,0.5
Bageshwar,Bageshwar_S2,2008-04-01,59.4,28.47,0.5
Bageshwar,Bageshwar_S2,2008-05-01,101.5,32.27,0.5
Bageshwar,Bageshwar_S2,2008-06-01,232.6,30.49,0.5
Bageshwar,Bageshwar_S2,2008-07-01,379.9,42.26,0.5
Bageshwar,Bageshwar_S2,2008-08-01,297.2,46.3,0.5
Bageshwar,Bageshwar_S2,2008-09-01,195.0,45.29,0.5
Bageshwar,Bageshwar_S2,2008-10-01,85.4,38.71,0.5
Bageshwar,Bageshwar_S2,2008-11-01,43.3,29.74,0.5
Bageshwar,Bageshwar_S2,2008-12-01,45.2,26.14,0.5
Bageshwar,Bageshwar_S2,2009-01-01,15.0,25.11,0.5
Bageshwar,Bageshwar_S2,2009-02-01,14.6,25.12,0.5
Bageshwar,Bageshwar_S2,2009-03-01,24.3,26.5,0.5
Bageshwar,Bageshwar_S2,2009-04-01,31.5,24.91,0.5
Bageshwar,Bageshwar_S2,2009-05-01,43.2,26.81,0.5
Bageshwar,Bageshwar_S2,2009-06-01,117.5,25.28,0.5
Bageshwar,Bageshwar_S2,2009-07-01,164.6,31.31,0.5
Bageshwar,Bageshwar_S2,2009-08-01,170.6,32.42,0.5
Bageshwar,Bageshwar_S2,2009-09-01,92.6,34.51,0.5
Bageshwar,Bageshwar_S2,2009-10-01,43.1,29.14,0.5
Bageshwar,Bageshwar_S2,2009-11-01,20.8,25.26,0.5
Bageshwar,Bageshwar_S2,2009-12-01,20.2,24.62,0.5
Bageshwar,Bageshwar_S2,2010-01-01,25.5,24.15,0.5
Bageshwar,Bageshwar_S2,2010-02-01,27.7,23.89,0.5
Bageshwar,Bageshwar_S2,2010-03-01,40.8,27.0,0.5
Bageshwar,Bageshwar_S2,2010-04-01,59.8,25.83,0.5
Bageshwar,Bageshwar_S2,2010-05-01,74.9,24.32,0.5
Bageshwar,Bageshwar_S2,2010-06-01,196.7,27.24,0.5
Bageshwar,Bageshwar_S2,2010-07-01,247.4,36.67,0.5
Bageshwar,Bageshwar_S2,2010-08-01,265.0,36.44,0.5
Bageshwar,Bageshwar_S2,2010-09-01,164.7,41.68,0.5
Bageshwar,Bageshwar_S2,2010-10-01,79.2,31.5,0.5
Bageshwar,Bageshwar_S2,2010-11-01,34.2,28.62,0.5
Bageshwar,Bageshwar_S2,2010-12-01,38.7,26.57,0.5
Bageshwar,Bageshwar_S2,2011-01-01,25.0,26.01,0.5
Bageshwar,Bageshwar_S2,2011-02-01,23.4,22.89,0.5
Bageshwar,Bageshwar_S2,2011-03-01,40.6,23.26,0.5
Bageshwar,Bageshwar_S2,2011-04-01,57.6,26.79,0.5
Bageshwar,Bageshwar_S2,2011-05-01,67.6,25.12,0.5
Bageshwar,Bageshwar_S2,2011-06-01,209.3,27.95,0.5
Bageshwar,Bageshwar_S2,2011-07-01,209.5,33.72,0.5
Bageshwar,Bageshwar_S2,2011-08-01,260.6,34.6,0.5
Bageshwar,Bageshwar_S2,2011-09-01,136.7,34.51,0.5
Bageshwar,Bageshwar_S2,2011-10-01,71.1,29.21,0.5
Bageshwar,Bageshwar_S2,2011-11-01,33.2,25.27,0.5
Bageshwar,Bageshwar_S2,2011-12-01,36.5,24.54,0.5
Bageshwar,Bageshwar_S2,2012-01-01,23.0,24.48,0.5
Bageshwar,Bageshwar_S2,2012-02-01,26.2,24.1,0.5
Bageshwar,Bageshwar_S2,2012-03-01,38.9,23.07,0.5
Bageshwar,Bageshwar_S2,2012-04-01,60.9,23.13,0.5
Bageshwar,Bageshwar_S2,2012-05-01,83.9,25.6,0.5
Bageshwar,Bageshwar_S2,2012-06-01,195.8,25.16,0.5
Bageshwar,Bageshwar_S2,2012-07-01,286.0,34.19,0.5
Bageshwar,Bageshwar_S2,2012-08-01,303.8,36.95,0.5
Bageshwar,Bageshwar_S2,2012-09-01,185.7,37.37,0.5
Bageshwar,Bageshwar_S2,2012-10-01,75.1,32.33,0.5
Bageshwar,Bageshwar_S2,2012-11-01,39.7,25.55,0.5
Bageshwar,Bageshwar_S2,2012-12-01,39.8,21.73,0.5
Bageshwar,Bageshwar_S2,2013-01-01,19.0,22.37,0.5
Bageshwar,Bageshwar_S2,2013-02-01,20.9,23.65,0.5
Bageshwar,Bageshwar_S2,2013-03-01,36.8,22.58,0.5
Bageshwar,Bageshwar_S2,2013-04-01,42.8,21.29,0.5
Bageshwar,Bageshwar_S2,2013-05-01,65.6,23.9,0.5
Bageshwar,Bageshwar_S2,2013-06-01,178.5,23.9,0.5
Bageshwar,Bageshwar_S2,2013-07-01,285.8,29.01,0.5
Bageshwar,Bageshwar_S2,2013-08-01,220.8,33.71,0.5
Bageshwar,Bageshwar_S2,2013-09-01,156.0,33.93,0.5
Bageshwar,Bageshwar_S2,2013-10-01,63.0,26.06,0.5
Bageshwar,Bageshwar_S2,2013-11-01,32.4,23.06,0.5
Bageshwar,Bageshwar_S2,2013-12-01,33.1,22.57,0.5
Bageshwar,Bageshwar_S2,2014-01-01,20.9,24.17,0.5
Bageshwar,Bageshwar_S2,2014-02-01,22.7,22.31,0.5
Bageshwar,Bageshwar_S2,2014-03-01,29.8,20.82,0.5
Bageshwar,Bageshwar_S2,2014-04-01,42.4,23.71,0.5
Bageshwar,Bageshwar_S2,2014-05-01,67.2,21.05,0.5
Bageshwar,Bageshwar_S2,2014-06-01,158.5,24.06,0.5
Bageshwar,Bageshwar_S2,2014-07-01,253.8,28.89,0.5
Bageshwar,Bageshwar_S2,2014-08-01,213.4,31.39,0.5
Bageshwar,Bageshwar_S2,2014-09-01,136.1,31.81,0.5
Bageshwar,Bageshwar_S2,2014-10-01,53.4,26.14,0.5
Bageshwar,Bageshwar_S2,2014-11-01,30.9,23.48,0.5
Bageshwar,Bageshwar_S2,2014-12-01,32.8,19.54,0.5
Bageshwar,Bageshwar_S2,2015-01-01,31.7,21.91,0.5
Bageshwar,Bageshwar_S2,2015-02-01,33.0,20.98,0.5
Bageshwar,Bageshwar_S2,2015-03-01,41.0,22.65,0.5
Bageshwar,Bageshwar_S2,2015-04-01,60.0,21.69,0.5
Bageshwar,Bageshwar_S2,2015-05-01,99.7,23.99,0.5
Bageshwar,Bageshwar_S2,2015-06-01,225.1,25.04,0.5
Bageshwar,Bageshwar_S2,2015-07-01,358.8,30.14,0.5
Bageshwar,Bageshwar_S2,2015-08-01,320.6,38.05,0.5
Bageshwar,Bageshwar_S2,2015-09-01,201.2,36.05,0.5
Bageshwar,Bageshwar_S2,2015-10-01,88.5,29.59,0.5
Bageshwar,Bageshwar_S2,2015-11-01,41.8,20.81,0.5
Bageshwar,Bageshwar_S2,2015-12-01,51.9,20.19,0.5
Bageshwar,Bageshwar_S2,2016-01-01,27.0,23.13,0.5
Bageshwar,Bageshwar_S2,2016-02-01,25.4,19.12,0.5
Bageshwar,Bageshwar_S2,2016-03-01,39.5,21.16,0.5
Bageshwar,Bageshwar_S2,2016-04-01,53.2,21.59,0.5
Bageshwar,Bageshwar_S2,2016-05-01,81.3,20.65,0.5
Bageshwar,Bageshwar_S2,2016-06-01,222.5,20.39,0.5
Bageshwar,Bageshwar_S2,2016-07-01,270.9,28.25,0.5
Bageshwar,Bageshwar_S2,2016-08-01,231.9,34.45,0.5
Bageshwar,Bageshwar_S2,2016-09-01,171.9,28.06,0.5
Bageshwar,Bageshwar_S2,2016-10-01,67.8,25.44,0.5
Bageshwar,Bageshwar_S2,2016-11-01,38.4,20.6,0.5
Bageshwar,Bageshwar_S2,2016-12-01,37.8,21.51,0.5
Bageshwar,Bageshwar_S2,2017-01-01,29.9,19.94,0.5
Bageshwar,Bageshwar_S2,2017-02-01,21.8,19.15,0.5
Bageshwar,Bageshwar_S2,2017-03-01,45.7,20.71,0.5
Bageshwar,Bageshwar_S2,2017-04-01,50.6,20.94,0.5
Bageshwar,Bageshwar_S2,2017-05-01,79.5,19.56,0.5
Bageshwar,Bageshwar_S2,2017-06-01,182.8,20.39,0.5
Bageshwar,Bageshwar_S2,2017-07-01,306.1,27.75,0.5
Bageshwar,Bageshwar_S2,2017-08-01,258.6,31.61,0.5
Bageshwar,Bageshwar_S2,2017-09-01,166.7,27.12,0.5
Bageshwar,Bageshwar_S2,2017-10-01,65.3,23.02,0.5
Bageshwar,Bageshwar_S2,2017-11-01,38.9,19.6,0.5
Bageshwar,Bageshwar_S2,2017-12-01,41.3,18.33,0.5
Bageshwar,Bageshwar_S2,2018-01-01,25.3,17.58,0.5
Bageshwar,Bageshwar_S2,2018-02-01,25.2,17.79,0.5
Bageshwar,Bageshwar_S2,2018-03-01,32.9,17.9,0.5
Bageshwar,Bageshwar_S2,2018-04-01,52.2,18.6,0.5
Bageshwar,Bageshwar_S2,2018-05-01,69.7,21.48,0.5
Bageshwar,Bageshwar_S2,2018-06-01,185.9,20.22,0.5
Bageshwar,Bageshwar_S2,2018-07-01,256.7,25.17,0.5
Bageshwar,Bageshwar_S2,2018-08-01,232.8,29.02,0.5
Bageshwar,Bageshwar_S2,2018-09-01,118.8,26.88,0.5
Bageshwar,Bageshwar_S2,2018-10-01,68.4,22.75,0.5
Bageshwar,Bageshwar_S2,2018-11-01,30.9,20.39,0.5
Bageshwar,Bageshwar_S2,2018-12-01,39.2,18.59,0.5
Bageshwar,Bageshwar_S2,2019-01-01,31.7,21.36,0.5
Bageshwar,Bageshwar_S2,2019-02-01,29.1,19.23,0.5
Bageshwar,Bageshwar_S2,2019-03-01,41.0,17.24,0.5
Bageshwar,Bageshwar_S2,2019-04-01,56.3,19.0,0.5
Bageshwar,Bageshwar_S2,2019-05-01,103.0,18.47,0.5
Bageshwar,Bageshwar_S2,2019-06-01,224.5,21.56,0.5
Bageshwar,Bageshwar_S2,2019-07-01,265.2,24.22,0.5
Bageshwar,Bageshwar_S2,2019-08-01,321.6,26.06,0.5
Bageshwar,Bageshwar_S2,2019-09-01,216.3,30.31,0.5
Bageshwar,Bageshwar_S2,2019-10-01,101.0,26.7,0.5
Bageshwar,Bageshwar_S2,2019-11-01,48.3,21.2,0.5
Bageshwar,Bageshwar_S2,2019-12-01,48.8,19.27,0.5
Bageshwar,Bageshwar_S2,2020-01-01,20.2,18.79,0.5
Bageshwar,Bageshwar_S2,2020-02-01,24.2,17.39,0.5
Bageshwar,Bageshwar_S2,2020-03-01,38.1,16.91,0.5
Bageshwar,Bageshwar_S2,2020-04-01,47.9,18.57,0.5
Bageshwar,Bageshwar_S2,2020-05-01,71.5,19.11,0.5
Bageshwar,Bageshwar_S2,2020-06-01,178.6,18.99,0.5
Bageshwar,Bageshwar_S2,2020-07-01,244.8,23.09,0.5
Bageshwar,Bageshwar_S2,2020-08-01,277.5,27.8,0.5
Bageshwar,Bageshwar_S2,2020-09-01,180.8,26.93,0.5
Bageshwar,Bageshwar_S2,2020-10-01,72.6,23.18,0.5
Bageshwar,Bageshwar_S2,2020-11-01,37.1,19.25,0.5
Bageshwar,Bageshwar_S2,2020-12-01,33.4,17.27,0.5
Bageshwar,Bageshwar_S2,2021-01-01,30.0,16.46,0.5
Bageshwar,Bageshwar_S2,2021-02-01,23.1,17.29,0.5
Bageshwar,Bageshwar_S2,2021-03-01,40.9,16.62,0.5
Bageshwar,Bageshwar_S2,2021-04-01,54.9,18.88,0.5
Bageshwar,Bageshwar_S2,2021-05-01,82.3,18.46,0.5
Bageshwar,Bageshwar_S2,2021-06-01,238.2,18.19,0.5
Bageshwar,Bageshwar_S2,2021-07-01,336.6,25.51,0.5
Bageshwar,Bageshwar_S2,2021-08-01,258.2,28.7,0.5
Bageshwar,Bageshwar_S2,2021-09-01,180.2,26.87,0.5
Bageshwar,Bageshwar_S2,2021-10-01,79.5,21.62,0.5
Bageshwar,Bageshwar_S2,2021-11-01,37.5,18.52,0.5
Bageshwar,Bageshwar_S2,2021-12-01,40.3,16.64,0.5
Bageshwar,Bageshwar_S2,2022-01-01,26.9,16.82,0.5
Bageshwar,Bageshwar_S2,2022-02-01,24.6,15.5,0.5
Bageshwar,Bageshwar_S2,2022-03-01,38.2,16.55,0.5
Bageshwar,Bageshwar_S2,2022-04-01,50.9,16.88,0.5
Bageshwar,Bageshwar_S2,2022-05-01,73.9,18.04,0.5
Bageshwar,Bageshwar_S2,2022-06-01,216.6,17.73,0.5
Bageshwar,Bageshwar_S2,2022-07-01,300.3,22.43,0.5
Bageshwar,Bageshwar_S2,2022-08-01,284.9,26.91,0.5
Bageshwar,Bageshwar_S2,2022-09-01,159.9,24.24,0.5
Bageshwar,Bageshwar_S2,2022-10-01,75.6,21.75,0.5
Bageshwar,Bageshwar_S2,2022-11-01,44.6,18.47,0.5
Bageshwar,Bageshwar_S2,2022-12-01,39.1,17.38,0.5
Bageshwar,Bageshwar_S2,2023-01-01,23.8,16.4,0.5
Bageshwar,Bageshwar_S2,2023-02-01,26.3,15.12,0.5
Bageshwar,Bageshwar_S2,2023-03-01,39.6,15.63,0.5
Bageshwar,Bageshwar_S2,2023-04-01,52.5,16.27,0.5
Bageshwar,Bageshwar_S2,2023-05-01,72.5,15.91,0.5
Bageshwar,Bageshwar_S2,2023-06-01,179.4,18.16,0.5
Bageshwar,Bageshwar_S2,2023-07-01,306.0,21.34,0.5
Bageshwar,Bageshwar_S2,2023-08-01,257.6,24.0,0.5
Bageshwar,Bageshwar_S2,2023-09-01,151.0,25.54,0.5
Bageshwar,Bageshwar_S2,2023-10-01,80.6,19.64,0.5
Bageshwar,Bageshwar_S2,2023-11-01,34.6,16.11,0.5
Bageshwar,Bageshwar_S2,2023-12-01,40.2,14.75,0.5
Bageshwar,Bageshwar_S2,2024-01-01,27.2,16.69,0.5
Bageshwar,Bageshwar_S2,2024-02-01,30.7,16.41,0.5
Bageshwar,Bageshwar_S2,2024-03-01,46.7,15.87,0.5
Bageshwar,Bageshwar_S2,2024-04-01,70.9,16.64,0.5
Bageshwar,Bageshwar_S2,2024-05-01,82.7,17.38,0.5
Bageshwar,Bageshwar_S2,2024-06-01,261.5,17.2,0.5
Bageshwar,Bageshwar_S2,2024-07-01,323.0,23.11,0.5
Bageshwar,Bageshwar_S2,2024-08-01,264.1,25.42,0.5
Bageshwar,Bageshwar_S2,2024-09-01,188.8,23.52,0.5
Bageshwar,Bageshwar_S2,2024-10-01,88.0,19.34,0.5
Bageshwar,Bageshwar_S2,2024-11-01,40.3,17.26,0.5
Bageshwar,Bageshwar_S2,2024-12-01,45.1,16.1,0.5
Bageshwar,Bageshwar_S2,2025-01-01,28.0,14.96,0.5
Bageshwar,Bageshwar_S2,2025-02-01,26.3,14.27,0.5
Bageshwar,Bageshwar_S2,2025-03-01,40.7,14.74,0.5
Bageshwar,Bageshwar_S2,2025-04-01,54.9,14.35,0.5
Bageshwar,Bageshwar_S2,2025-05-01,83.8,14.24,0.5
Bageshwar,Bageshwar_S2,2025-06-01,239.1,17.07,0.5
Bageshwar,Bageshwar_S2,2025-07-01,308.5,20.68,0.5
Bageshwar,Bageshwar_S2,2025-08-01,243.7,23.37,0.5
Bageshwar,Bageshwar_S2,2025-09-01,170.4,20.53,0.5
Bageshwar,Bageshwar_S2,2025-10-01,83.4,19.93,0.5
Bageshwar,Bageshwar_S2,2025-11-01,44.9,16.55,0.5
Bageshwar,Bageshwar_S2,2025-12-01,45.4,14.41,0.5
Bageshwar,Bageshwar_S3,2005-01-01,25.4,29.14,0.5
Bageshwar,Bageshwar_S3,2005-02-01,31.5,24.08,0.5
Bageshwar,Bageshwar_S3,2005-03-01,34.9,24.26,0.5
Bageshwar,Bageshwar_S3,2005-04-01,56.4,24.5,0.5
Bageshwar,Bageshwar_S3,2005-05-01,100.3,26.32,0.5
Bageshwar,Bageshwar_S3,2005-06-01,227.1,27.61,0.5
Bageshwar,Bageshwar_S3,2005-07-01,323.0,35.23,0.5
Bageshwar,Bageshwar_S3,2005-08-01,309.3,37.59,0.5
Bageshwar,Bageshwar_S3,2005-09-01,163.5,43.64,0.5
Bageshwar,Bageshwar_S3,2005-10-01,88.0,30.32,0.5
Bageshwar,Bageshwar_S3,2005-11-01,44.0,26.91,0.5
Bageshwar,Bageshwar_S3,2005-12-01,50.2,24.9,0.5
Bageshwar,Bageshwar_S3,2006-01-01,19.0,23.98,0.5
Bageshwar,Bageshwar_S3,2006-02-01,18.1,22.76,0.5
Bageshwar,Bageshwar_S3,2006-03-01,26.9,22.64,0.5
Bageshwar,Bageshwar_S3,2006-04-01,42.6,22.0,0.5
Bageshwar,Bageshwar_S3,2006-05-01,58.8,24.34,0.5
Bageshwar,Bageshwar_S3,2006-06-01,149.5,22.57,0.5
Bageshwar,Bageshwar_S3,2006-07-01,206.2,31.85,0.5
Bageshwar,Bageshwar_S3,2006-08-01,186.7,33.44,0.5
Bageshwar,Bageshwar_S3,2006-09-01,122.3,32.06,0.5
Bageshwar,Bageshwar_S3,2006-10-01,52.7,25.23,0.5
Bageshwar,Bageshwar_S3,2006-11-01,28.7,23.01,0.5
Bageshwar,Bageshwar_S3,2006-12-01,28.5,24.22,0.5
Bageshwar,Bageshwar_S3,2007-01-01,21.5,27.26,0.5
Bageshwar,Bageshwar_S3,2007-02-01,21.7,23.48,0.5
Bageshwar,Bageshwar_S3,2007-03-01,30.5,23.25,0.5
Bageshwar,Bageshwar_S3,2007-04-01,42.1,23.09,0.5
Bageshwar,Bageshwar_S3,2007-05-01,74.8,22.05,0.5
Bageshwar,Bageshwar_S3,2007-06-01,199.0,25.85,0.5
Bageshwar,Bageshwar_S3,2007-07-01,214.3,29.16,0.5
Bageshwar,Bageshwar_S3,2007-08-01,197.2,29.64,0.5
Bageshwar,Bageshwar_S3,2007-09-01,126.5,28.65,0.5
Bageshwar,Bageshwar_S3,2007-10-01,69.2,28.28,0.5
Bageshwar,Bageshwar_S3,2007-11-01,30.9,23.95,0.5
Bageshwar,Bageshwar_S3,2007-12-01,32.5,22.14,0.5
Bageshwar,Bageshwar_S3,2008-01-01,31.2,22.04,0.5
Bageshwar,Bageshwar_S3,2008-02-01,33.0,20.69,0.5
Bageshwar,Bageshwar_S3,2008-03-01,48.7,21.22,0.5
Bageshwar,Bageshwar_S3,2008-04-01,59.4,21.97,0.5
Bageshwar,Bageshwar_S3,2008-05-01,101.5,21.52,0.5
Bageshwar,Bageshwar_S3,2008-06-01,232.6,24.52,0.5
Bageshwar,Bageshwar_S3,2008-07-01,379.9,29.81,0.5
Bageshwar,Bageshwar_S3,2008-08-01,297.2,39.76,0.5
Bageshwar,Bageshwar_S3,2008-09-01,195.0,35.64,0.5
Bageshwar,Bageshwar_S3,2008-10-01,85.4,27.53,0.5
Bageshwar,Bageshwar_S3,2008-11-01,43.3,23.68,0.5
Bageshwar,Bageshwar_S3,2008-12-01,45.2,23.96,0.5
Bageshwar,Bageshwar_S3,2009-01-01,15.0,20.88,0.5
Bageshwar,Bageshwar_S3,2009-02-01,14.6,20.88,0.5
Bageshwar,Bageshwar_S3,2009-03-01,24.3,20.48,0.5
Bageshwar,Bageshwar_S3,2009-04-01,31.5,21.92,0.5
Bageshwar,Bageshwar_S3,2009-05-01,43.2,21.38,0.5
Bageshwar,Bageshwar_S3,2009-06-01,117.5,21.1,0.5
Bageshwar,Bageshwar_S3,2009-07-01,164.6,25.12,0.5
Bageshwar,Bageshwar_S3,2009-08-01,170.6,27.31,0.5
Bageshwar,Bageshwar_S3,2009-09-01,92.6,27.29,0.5
Bageshwar,Bageshwar_S3,2009-10-01,43.1,22.1,0.5
Bageshwar,Bageshwar_S3,2009-11-01,20.8,22.6,0.5
Bageshwar,Bageshwar_S3,2009-12-01,20.2,21.25,0.5
Bageshwar,Bageshwar_S3,2010-01-01,25.5,19.04,0.5
Bageshwar,Bageshwar_S3,2010-02-01,27.7,19.98,0.5
Bageshwar,Bageshwar_S3,2010-03-01,40.8,20.1,0.5
Bageshwar,Bageshwar_S3,2010-04-01,59.8,19.67,0.5
Bageshwar,Bageshwar_S3,2010-05-01,74.9,19.68,0.5
Bageshwar,Bageshwar_S3,2010-06-01,196.7,21.59,0.5
Bageshwar,Bageshwar_S3,2010-07-01,247.4,27.38,0.5
Bageshwar,Bageshwar_S3,2010-08-01,265.0,27.96,0.5
Bageshwar,Bageshwar_S3,2010-09-01,164.7,31.13,0.5
Bageshwar,Bageshwar_S3,2010-10-01,79.2,27.72,0.5
Bageshwar,Bageshwar_S3,2010-11-01,34.2,23.17,0.5
Bageshwar,Bageshwar_S3,2010-12-01,38.7,20.0,0.5
Bageshwar,Bageshwar_S3,2011-01-01,25.0,18.41,0.5
Bageshwar,Bageshwar_S3,2011-02-01,23.4,20.31,0.5
Bageshwar,Bageshwar_S3,2011-03-01,40.6,19.62,0.5
Bageshwar,Bageshwar_S3,2011-04-01,57.6,20.63,0.5
Bageshwar,Bageshwar_S3,2011-05-01,67.6,22.93,0.5
Bageshwar,Bageshwar_S3,2011-06-01,209.3,20.42,0.5
Bageshwar,Bageshwar_S3,2011-07-01,209.5,23.59,0.5
Bageshwar,Bageshwar_S3,2011-08-01,260.6,26.03,0.5
Bageshwar,Bageshwar_S3,2011-09-01,136.7,30.39,0.5
Bageshwar,Bageshwar_S3,2011-10-01,71.1,24.15,0.5
Bageshwar,Bageshwar_S3,2011-11-01,33.2,19.88,0.5
Bageshwar,Bageshwar_S3,2011-12-01,36.5,18.06,0.5
Bageshwar,Bageshwar_S3,2012-01-01,23.0,19.19,0.5
Bageshwar,Bageshwar_S3,2012-02-01,26.2,17.71,0.5
Bageshwar,Bageshwar_S3,2012-03-01,38.9,19.48,0.5
Bageshwar,Bageshwar_S3,2012-04-01,60.9,19.08,0.5
Bageshwar,Bageshwar_S3,2012-05-01,83.9,19.74,0.5
Bageshwar,Bageshwar_S3,2012-06-01,195.8,20.51,0.5
Bageshwar,Bageshwar_S3,2012-07-01,286.0,26.43,0.5
Bageshwar,Bageshwar_S3,2012-08-01,303.8,29.95,0.5
Bageshwar,Bageshwar_S3,2012-09-01,185.7,30.88,0.5
Bageshwar,Bageshwar_S3,2012-10-01,75.1,25.67,0.5
Bageshwar,Bageshwar_S3,2012-11-01,39.7,20.58,0.5
Bageshwar,Bageshwar_S3,2012-12-01,39.8,18.11,0.5
Bageshwar,Bageshwar_S3,2013-01-01,19.0,18.35,0.5
Bageshwar,Bageshwar_S3,2013-02-01,20.9,17.76,0.5
Bageshwar,Bageshwar_S3,2013-03-01,36.8,20.02,0.5
Bageshwar,Bageshwar_S3,2013-04-01,42.8,17.5,0.5
Bageshwar,Bageshwar_S3,2013-05-01,65.6,18.57,0.5
Bageshwar,Bageshwar_S3,2013-06-01,178.5,19.97,0.5
Bageshwar,Bageshwar_S3,2013-07-01,285.8,24.15,0.5
Bageshwar,Bageshwar_S3,2013-08-01,220.8,30.47,0.5
Bageshwar,Bageshwar_S3,2013-09-01,156.0,25.74,0.5
Bageshwar,Bageshwar_S3,2013-10-01,63.0,23.12,0.5
Bageshwar,Bageshwar_S3,2013-11-01,32.4,20.29,0.5
Bageshwar,Bageshwar_S3,2013-12-01,33.1,19.83,0.5
Bageshwar,Bageshwar_S3,2014-01-01,20.9,19.44,0.5
Bageshwar,Bageshwar_S3,2014-02-01,22.7,17.49,0.5
Bageshwar,Bageshwar_S3,2014-03-01,29.8,17.6,0.5
Bageshwar,Bageshwar_S3,2014-04-01,42.4,17.92,0.5
Bageshwar,Bageshwar_S3,2014-05-01,67.2,18.48,0.5
Bageshwar,Bageshwar_S3,2014-06-01,158.5,18.48,0.5
Bageshwar,Bageshwar_S3,2014-07-01,253.8,24.01,0.5
Bageshwar,Bageshwar_S3,2014-08-01,213.4,26.98,0.5
Bageshwar,Bageshwar_S3,2014-09-01,136.1,24.96,0.5
Bageshwar,Bageshwar_S3,2014-10-01,53.4,20.46,0.5
Bageshwar,Bageshwar_S3,2014-11-01,30.9,18.55,0.5
Bageshwar,Bageshwar_S3,2014-12-01,32.8,15.88,0.5
Bageshwar,Bageshwar_S3,2015-01-01,31.7,17.06,0.5
Bageshwar,Bageshwar_S3,2015-02-01,33.0,16.98,0.5
Bageshwar,Bageshwar_S3,2015-03-01,41.0,17.73,0.5
Bageshwar,Bageshwar_S3,2015-04-01,60.0,19.42,0.5
Bageshwar,Bageshwar_S3,2015-05-01,99.7,18.97,0.5
Bageshwar,Bageshwar_S3,2015-06-01,225.1,21.4,0.5
Bageshwar,Bageshwar_S3,2015-07-01,358.8,25.6,0.5
Bageshwar,Bageshwar_S3,2015-08-01,320.6,31.63,0.5
Bageshwar,Bageshwar_S3,2015-09-01,201.2,31.01,0.5
Bageshwar,Bageshwar_S3,2015-10-01,88.5,22.8,0.5
Bageshwar,Bageshwar_S3,2015-11-01,41.8,18.48,0.5
Bageshwar,Bageshwar_S3,2015-12-01,51.9,17.98,0.5
Bageshwar,Bageshwar_S3,2016-01-01,27.0,17.74,0.5
Bageshwar,Bageshwar_S3,2016-02-01,25.4,16.92,0.5
Bageshwar,Bageshwar_S3,2016-03-01,39.5,16.42,0.5
Bageshwar,Bageshwar_S3,2016-04-01,53.2,16.61,0.5
Bageshwar,Bageshwar_S3,2016-05-01,81.3,19.03,0.5
Bageshwar,Bageshwar_S3,2016-06-01,222.5,17.59,0.5
Bageshwar,Bageshwar_S3,2016-07-01,270.9,24.73,0.5
Bageshwar,Bageshwar_S3,2016-08-01,231.9,26.34,0.5
Bageshwar,Bageshwar_S3,2016-09-01,171.9,22.23,0.5
Bageshwar,Bageshwar_S3,2016-10-01,67.8,20.91,0.5
Bageshwar,Bageshwar_S3,2016-11-01,38.4,17.27,0.5
Bageshwar,Bageshwar_S3,2016-12-01,37.8,17.19,0.5
Bageshwar,Bageshwar_S3,2017-01-01,29.9,16.34,0.5
Bageshwar,Bageshwar_S3,2017-02-01,21.8,16.24,0.5
Bageshwar,Bageshwar_S3,2017-03-01,45.7,14.8,0.5
Bageshwar,Bageshwar_S3,2017-04-01,50.6,18.76,0.5
Bageshwar,Bageshwar_S3,2017-05-01,79.5,17.0,0.5
Bageshwar,Bageshwar_S3,2017-06-01,182.8,18.4,0.5
Bageshwar,Bageshwar_S3,2017-07-01,306.1,21.1,0.5
Bageshwar,Bageshwar_S3,2017-08-01,258.6,25.28,0.5
Bageshwar,Bageshwar_S3,2017-09-01,166.7,26.66,0.5
Bageshwar,Bageshwar_S3,2017-10-01,65.3,18.92,0.5
Bageshwar,Bageshwar_S3,2017-11-01,38.9,17.44,0.5
Bageshwar,Bageshwar_S3,2017-12-01,41.3,15.21,0.5
Bageshwar,Bageshwar_S3,2018-01-01,25.3,15.91,0.5
Bageshwar,Bageshwar_S3,2018-02-01,25.2,15.12,0.5
Bageshwar,Bageshwar_S3,2018-03-01,32.9,14.81,0.5
Bageshwar,Bageshwar_S3,2018-04-01,52.2,15.84,0.5
Bageshwar,Bageshwar_S3,2018-05-01,69.7,14.34,0.5
Bageshwar,Bageshwar_S3,2018-06-01,185.9,16.76,0.5
Bageshwar,Bageshwar_S3,2018-07-01,256.7,21.01,0.5
Bageshwar,Bageshwar_S3,2018-08-01,232.8,21.95,0.5
Bageshwar,Bageshwar_S3,2018-09-01,118.8,24.35,0.5
Bageshwar,Bageshwar_S3,2018-10-01,68.4,18.02,0.5
Bageshwar,Bageshwar_S3,2018-11-01,30.9,16.56,0.5
Bageshwar,Bageshwar_S3,2018-12-01,39.2,14.94,0.5
Bageshwar,Bageshwar_S3,2019-01-01,31.7,15.58,0.5
Bageshwar,Bageshwar_S3,2019-02-01,29.1,16.35,0.5
Bageshwar,Bageshwar_S3,2019-03-01,41.0,17.09,0.5
Bageshwar,Bageshwar_S3,2019-04-01,56.3,16.16,0.5
Bageshwar,Bageshwar_S3,2019-05-01,103.0,16.94,0.5
Bageshwar,Bageshwar_S3,2019-06-01,224.5,19.14,0.5
Bageshwar,Bageshwar_S3,2019-07-01,265.2,22.02,0.5
Bageshwar,Bageshwar_S3,2019-08-01,321.6,24.9,0.5
Bageshwar,Bageshwar_S3,2019-09-01,216.3,25.93,0.5
Bageshwar,Bageshwar_S3,2019-10-01,101.0,21.45,0.5
Bageshwar,Bageshwar_S3,2019-11-01,48.3,17.63,0.5
Bageshwar,Bageshwar_S3,2019-12-01,48.8,14.08,0.5
Bageshwar,Bageshwar_S3,2020-01-01,20.2,15.7,0.5
Bageshwar,Bageshwar_S3,2020-02-01,24.2,13.35,0.5
Bageshwar,Bageshwar_S3,2020-03-01,38.1,13.38,0.5
Bageshwar,Bageshwar_S3,2020-04-01,47.9,15.13,0.5
Bageshwar,Bageshwar_S3,2020-05-01,71.5,14.42,0.5
Bageshwar,Bageshwar_S3,2020-06-01,178.6,16.01,0.5
Bageshwar,Bageshwar_S3,2020-07-01,244.8,19.66,0.5
Bageshwar,Bageshwar_S3,2020-08-01,277.5,21.87,0.5
Bageshwar,Bageshwar_S3,2020-09-01,180.8,21.66,0.5
Bageshwar,Bageshwar_S3,2020-10-01,72.6,20.32,0.5
Bageshwar,Bageshwar_S3,2020-11-01,37.1,15.76,0.5
Bageshwar,Bageshwar_S3,2020-12-01,33.4,14.95,0.5
Bageshwar,Bageshwar_S3,2021-01-01,30.0,13.6,0.5
Bageshwar,Bageshwar_S3,2021-02-01,23.1,14.19,0.5
Bageshwar,Bageshwar_S3,2021-03-01,40.9,14.83,0.5
Bageshwar,Bageshwar_S3,2021-04-01,54.9,15.3,0.5
Bageshwar,Bageshwar_S3,2021-05-01,82.3,14.41,0.5
Bageshwar,Bageshwar_S3,2021-06-01,238.2,15.42,0.5
Bageshwar,Bageshwar_S3,2021-07-01,336.6,19.79,0.5
Bageshwar,Bageshwar_S3,2021-08-01,258.2,23.13,0.5
Bageshwar,Bageshwar_S3,2021-09-01,180.2,19.85,0.5
Bageshwar,Bageshwar_S3,2021-10-01,79.5,18.67,0.5
Bageshwar,Bageshwar_S3,2021-11-01,37.5,16.04,0.5
Bageshwar,Bageshwar_S3,2021-12-01,40.3,13.62,0.5
Bageshwar,Bageshwar_S3,2022-01-01,26.9,14.16,0.5
Bageshwar,Bageshwar_S3,2022-02-01,24.6,13.61,0.5
Bageshwar,Bageshwar_S3,2022-03-01,38.2,14.37,0.5
Bageshwar,Bageshwar_S3,2022-04-01,50.9,13.61,0.5
Bageshwar,Bageshwar_S3,2022-05-01,73.9,13.99,0.5
Bageshwar,Bageshwar_S3,2022-06-01,216.6,14.44,0.5
Bageshwar,Bageshwar_S3,2022-07-01,300.3,18.37,0.5
Bageshwar,Bageshwar_S3,2022-08-01,284.9,22.61,0.5
Bageshwar,Bageshwar_S3,2022-09-01,159.9,21.34,0.5
Bageshwar,Bageshwar_S3,2022-10-01,75.6,17.62,0.5
Bageshwar,Bageshwar_S3,2022-11-01,44.6,15.88,0.5
Bageshwar,Bageshwar_S3,2022-12-01,39.1,14.86,0.5
Bageshwar,Bageshwar_S3,2023-01-01,23.8,12.6,0.5
Bageshwar,Bageshwar_S3,2023-02-01,26.3,13.65,0.5
Bageshwar,Bageshwar_S3,2023-03-01,39.6,13.42,0.5
Bageshwar,Bageshwar_S3,2023-04-01,52.5,13.32,0.5
Bageshwar,Bageshwar_S3,2023-05-01,72.5,14.22,0.5
Bageshwar,Bageshwar_S3,2023-06-01,179.4,13.3,0.5
Bageshwar,Bageshwar_S3,2023-07-01,306.0,19.03,0.5
Bageshwar,Bageshwar_S3,2023-08-01,257.6,22.04,0.5
Bageshwar,Bageshwar_S3,2023-09-01,151.0,19.12,0.5
Bageshwar,Bageshwar_S3,2023-10-01,80.6,16.25,0.5
Bageshwar,Bageshwar_S3,2023-11-01,34.6,13.36,0.5
Bageshwar,Bageshwar_S3,2023-12-01,40.2,12.99,0.5
Bageshwar,Bageshwar_S3,2024-01-01,27.2,13.0,0.5
Bageshwar,Bageshwar_S3,2024-02-01,30.7,12.05,0.5
Bageshwar,Bageshwar_S3,2024-03-01,46.7,13.48,0.5
Bageshwar,Bageshwar_S3,2024-04-01,70.9,14.26,0.5
Bageshwar,Bageshwar_S3,2024-05-01,82.7,14.06,0.5
Bageshwar,Bageshwar_S3,2024-06-01,261.5,14.17,0.5
Bageshwar,Bageshwar_S3,2024-07-01,323.0,19.98,0.5
Bageshwar,Bageshwar_S3,2024-08-01,264.1,21.27,0.5
Bageshwar,Bageshwar_S3,2024-09-01,188.8,18.47,0.5
Bageshwar,Bageshwar_S3,2024-10-01,88.0,16.73,0.5
Bageshwar,Bageshwar_S3,2024-11-01,40.3,14.13,0.5
Bageshwar,Bageshwar_S3,2024-12-01,45.1,13.09,0.5
Bageshwar,Bageshwar_S3,2025-01-01,28.0,13.04,0.5
Bageshwar,Bageshwar_S3,2025-02-01,26.3,12.64,0.5
Bageshwar,Bageshwar_S3,2025-03-01,40.7,11.48,0.5
Bageshwar,Bageshwar_S3,2025-04-01,54.9,13.23,0.5
Bageshwar,Bageshwar_S3,2025-05-01,83.8,13.18,0.5
Bageshwar,Bageshwar_S3,2025-06-01,239.1,15.74,0.5
Bageshwar,Bageshwar_S3,2025-07-01,308.5,17.95,0.5
Bageshwar,Bageshwar_S3,2025-08-01,243.7,20.53,0.5
Bageshwar,Bageshwar_S3,2025-09-01,170.4,20.92,0.5
Bageshwar,Bageshwar_S3,2025-10-01,83.4,16.39,0.5
Bageshwar,Bageshwar_S3,2025-11-01,44.9,13.71,0.5
Bageshwar,Bageshwar_S3,2025-12-01,45.4,12.02,0.5
Bageshwar,Bageshwar_S4,2005-01-01,25.4,39.89,0.5
Bageshwar,Bageshwar_S4,2005-02-01,31.5,32.13,0.5
Bageshwar,Bageshwar_S4,2005-03-01,34.9,32.98,0.5
Bageshwar,Bageshwar_S4,2005-04-01,56.4,31.09,0.5
Bageshwar,Bageshwar_S4,2005-05-01,100.3,37.37,0.5
Bageshwar,Bageshwar_S4,2005-06-01,227.1,37.7,0.5
Bageshwar,Bageshwar_S4,2005-07-01,323.0,44.74,0.5
Bageshwar,Bageshwar_S4,2005-08-01,309.3,58.11,0.5
Bageshwar,Bageshwar_S4,2005-09-01,163.5,52.2,0.5
Bageshwar,Bageshwar_S4,2005-10-01,88.0,43.3,0.5
Bageshwar,Bageshwar_S4,2005-11-01,44.0,38.44,0.5
Bageshwar,Bageshwar_S4,2005-12-01,50.2,34.35,0.5
Bageshwar,Bageshwar_S4,2006-01-01,19.0,30.21,0.5
Bageshwar,Bageshwar_S4,2006-02-01,18.1,32.66,0.5
Bageshwar,Bageshwar_S4,2006-03-01,26.9,31.27,0.5
Bageshwar,Bageshwar_S4,2006-04-01,42.6,31.48,0.5
Bageshwar,Bageshwar_S4,2006-05-01,58.8,32.9,0.5
Bageshwar,Bageshwar_S4,2006-06-01,149.5,31.44,0.5
Bageshwar,Bageshwar_S4,2006-07-01,206.2,41.11,0.5
Bageshwar,Bageshwar_S4,2006-08-01,186.7,41.69,0.5
Bageshwar,Bageshwar_S4,2006-09-01,122.3,42.62,0.5
Bageshwar,Bageshwar_S4,2006-10-01,52.7,38.78,0.5
Bageshwar,Bageshwar_S4,2006-11-01,28.7,35.16,0.5
Bageshwar,Bageshwar_S4,2006-12-01,28.5,30.27,0.5
Bageshwar,Bageshwar_S4,2007-01-01,21.5,33.76,0.5
Bageshwar,Bageshwar_S4,2007-02-01,21.7,32.37,0.5
Bageshwar,Bageshwar_S4,2007-03-01,30.5,30.19,0.5
Bageshwar,Bageshwar_S4,2007-04-01,42.1,29.67,0.5
Bageshwar,Bageshwar_S4,2007-05-01,74.8,29.84,0.5
Bageshwar,Bageshwar_S4,2007-06-01,199.0,34.89,0.5
Bageshwar,Bageshwar_S4,2007-07-01,214.3,41.56,0.5
Bageshwar,Bageshwar_S4,2007-08-01,197.2,46.78,0.5
Bageshwar,Bageshwar_S4,2007-09-01,126.5,41.37,0.5
Bageshwar,Bageshwar_S4,2007-10-01,69.2,36.06,0.5
Bageshwar,Bageshwar_S4,2007-11-01,30.9,34.04,0.5
Bageshwar,Bageshwar_S4,2007-12-01,32.5,29.82,0.5
Bageshwar,Bageshwar_S4,2008-01-01,31.2,30.94,0.5
Bageshwar,Bageshwar_S4,2008-02-01,33.0,32.28,0.5
Bageshwar,Bageshwar_S4,2008-03-01,48.7,31.0,0.5
Bageshwar,Bageshwar_S4,2008-04-01,59.4,32.04,0.5
Bageshwar,Bageshwar_S4,2008-05-01,101.5,32.85,0.5
Bageshwar,Bageshwar_S4,2008-06-01,232.6,32.36,0.5
Bageshwar,Bageshwar_S4,2008-07-01,379.9,45.19,0.5
Bageshwar,Bageshwar_S4,2008-08-01,297.2,54.8,0.5
Bageshwar,Bageshwar_S4,2008-09-01,195.0,50.74,0.5
Bageshwar,Bageshwar_S4,2008-10-01,85.4,42.7,0.5
Bageshwar,Bageshwar_S4,2008-11-01,43.3,33.52,0.5
Bageshwar,Bageshwar_S4,2008-12-01,45.2,32.51,0.5
Bageshwar,Bageshwar_S4,2009-01-01,15.0,30.51,0.5
Bageshwar,Bageshwar_S4,2009-02-01,14.6,29.2,0.5
Bageshwar,Bageshwar_S4,2009-03-01,24.3,28.31,0.5
Bageshwar,Bageshwar_S4,2009-04-01,31.5,30.03,0.5
Bageshwar,Bageshwar_S4,2009-05-01,43.2,29.21,0.5
Bageshwar,Bageshwar_S4,2009-06-01,117.5,33.0,0.5
Bageshwar,Bageshwar_S4,2009-07-01,164.6,38.99,0.5
Bageshwar,Bageshwar_S4,2009-08-01,170.6,40.17,0.5
Bageshwar,Bageshwar_S4,2009-09-01,92.6,41.8,0.5
Bageshwar,Bageshwar_S4,2009-10-01,43.1,30.93,0.5
Bageshwar,Bageshwar_S4,2009-11-01,20.8,28.0,0.5
Bageshwar,Bageshwar_S4,2009-12-01,20.2,28.13,0.5
Bageshwar,Bageshwar_S4,2010-01-01,25.5,28.55,0.5
Bageshwar,Bageshwar_S4,2010-02-01,27.7,28.49,0.5
Bageshwar,Bageshwar_S4,2010-03-01,40.8,26.49,0.5
Bageshwar,Bageshwar_S4,2010-04-01,59.8,31.36,0.5
Bageshwar,Bageshwar_S4,2010-05-01,74.9,34.16,0.5
Bageshwar,Bageshwar_S4,2010-06-01,196.7,33.79,0.5
Bageshwar,Bageshwar_S4,2010-07-01,247.4,41.81,0.5
Bageshwar,Bageshwar_S4,2010-08-01,265.0,43.36,0.5
Bageshwar,Bageshwar_S4,2010-09-01,164.7,42.08,0.5
Bageshwar,Bageshwar_S4,2010-10-01,79.2,37.45,0.5
Bageshwar,Bageshwar_S4,2010-11-01,34.2,35.02,0.5
Bageshwar,Bageshwar_S4,2010-12-01,38.7,28.2,0.5
Bageshwar,Bageshwar_S4,2011-01-01,25.0,28.27,0.5
Bageshwar,Bageshwar_S4,2011-02-01,23.4,29.53,0.5
Bageshwar,Bageshwar_S4,2011-03-01,40.6,29.45,0.5
Bageshwar,Bageshwar_S4,2011-04-01,57.6,27.64,0.5
Bageshwar,Bageshwar_S4,2011-05-01,67.6,29.49,0.5
Bageshwar,Bageshwar_S4,2011-06-01,209.3,29.69,0.5
Bageshwar,Bageshwar_S4,2011-07-01,209.5,39.54,0.5
Bageshwar,Bageshwar_S4,2011-08-01,260.6,41.5,0.5
Bageshwar,Bageshwar_S4,2011-09-01,136.7,40.78,0.5
Bageshwar,Bageshwar_S4,2011-10-01,71.1,36.44,0.5
Bageshwar,Bageshwar_S4,2011-11-01,33.2,30.49,0.5
Bageshwar,Bageshwar_S4,2011-12-01,36.5,31.12,0.5
Bageshwar,Bageshwar_S4,2012-01-01,23.0,28.47,0.5
Bageshwar,Bageshwar_S4,2012-02-01,26.2,26.98,0.5
Bageshwar,Bageshwar_S4,2012-03-01,38.9,28.04,0.5
Bageshwar,Bageshwar_S4,2012-04-01,60.9,27.51,0.5
Bageshwar,Bageshwar_S4,2012-05-01,83.9,26.66,0.5
Bageshwar,Bageshwar_S4,2012-06-01,195.8,30.28,0.5
Bageshwar,Bageshwar_S4,2012-07-01,286.0,37.04,0.5
Bageshwar,Bageshwar_S4,2012-08-01,303.8,39.6,0.5
Bageshwar,Bageshwar_S4,2012-09-01,185.7,43.86,0.5
Bageshwar,Bageshwar_S4,2012-10-01,75.1,32.86,0.5
Bageshwar,Bageshwar_S4,2012-11-01,39.7,29.26,0.5
Bageshwar,Bageshwar_S4,2012-12-01,39.8,27.87,0.5
Bageshwar,Bageshwar_S4,2013-01-01,19.0,27.61,0.5
Bageshwar,Bageshwar_S4,2013-02-01,20.9,25.62,0.5
Bageshwar,Bageshwar_S4,2013-03-01,36.8,26.09,0.5
Bageshwar,Bageshwar_S4,2013-04-01,42.8,26.05,0.5
Bageshwar,Bageshwar_S4,2013-05-01,65.6,27.43,0.5
Bageshwar,Bageshwar_S4,2013-06-01,178.5,28.82,0.5
Bageshwar,Bageshwar_S4,2013-07-01,285.8,33.89,0.5
Bageshwar,Bageshwar_S4,2013-08-01,220.8,42.42,0.5
Bageshwar,Bageshwar_S4,2013-09-01,156.0,38.36,0.5
Bageshwar,Bageshwar_S4,2013-10-01,63.0,33.61,0.5
Bageshwar,Bageshwar_S4,2013-11-01,32.4,31.68,0.5
Bageshwar,Bageshwar_S4,2013-12-01,33.1,26.19,0.5
Bageshwar,Bageshwar_S4,2014-01-01,20.9,25.99,0.5
Bageshwar,Bageshwar_S4,2014-02-01,22.7,25.03,0.5
Bageshwar,Bageshwar_S4,2014-03-01,29.8,24.38,0.5
Bageshwar,Bageshwar_S4,2014-04-01,42.4,26.87,0.5
Bageshwar,Bageshwar_S4,2014-05-01,67.2,25.75,0.5
Bageshwar,Bageshwar_S4,2014-06-01,158.5,27.27,0.5
Bageshwar,Bageshwar_S4,2014-07-01,253.8,32.47,0.5
Bageshwar,Bageshwar_S4,2014-08-01,213.4,36.96,0.5
Bageshwar,Bageshwar_S4,2014-09-01,136.1,33.24,0.5
Bageshwar,Bageshwar_S4,2014-10-01,53.4,31.1,0.5
Bageshwar,Bageshwar_S4,2014-11-01,30.9,28.13,0.5
Bageshwar,Bageshwar_S4,2014-12-01,32.8,25.83,0.5
Bageshwar,Bageshwar_S4,2015-01-01,31.7,27.63,0.5
Bageshwar,Bageshwar_S4,2015-02-01,33.0,26.47,0.5
Bageshwar,Bageshwar_S4,2015-03-01,41.0,26.2,0.5
Bageshwar,Bageshwar_S4,2015-04-01,60.0,28.38,0.5
Bageshwar,Bageshwar_S4,2015-05-01,99.7,26.84,0.5
Bageshwar,Bageshwar_S4,2015-06-01,225.1,29.28,0.5
Bageshwar,Bageshwar_S4,2015-07-01,358.8,36.27,0.5
Bageshwar,Bageshwar_S4,2015-08-01,320.6,47.23,0.5
Bageshwar,Bageshwar_S4,2015-09-01,201.2,41.57,0.5
Bageshwar,Bageshwar_S4,2015-10-01,88.5,33.56,0.5
Bageshwar,Bageshwar_S4,2015-11-01,41.8,29.05,0.5
Bageshwar,Bageshwar_S4,2015-12-01,51.9,24.48,0.5
Bageshwar,Bageshwar_S4,2016-01-01,27.0,26.73,0.5
Bageshwar,Bageshwar_S4,2016-02-01,25.4,25.08,0.5
Bageshwar,Bageshwar_S4,2016-03-01,39.5,24.2,0.5
Bageshwar,Bageshwar_S4,2016-04-01,53.2,25.88,0.5
Bageshwar,Bageshwar_S4,2016-05-01,81.3,23.95,0.5
Bageshwar,Bageshwar_S4,2016-06-01,222.5,27.61,0.5
Bageshwar,Bageshwar_S4,2016-07-01,270.9,34.37,0.5
Bageshwar,Bageshwar_S4,2016-08-01,231.9,43.2,0.5
Bageshwar,Bageshwar_S4,2016-09-01,171.9,35.83,0.5
Bageshwar,Bageshwar_S4,2016-10-01,67.8,31.19,0.5
Bageshwar,Bageshwar_S4,2016-11-01,38.4,24.52,0.5
Bageshwar,Bageshwar_S4,2016-12-01,37.8,26.27,0.5
Bageshwar,Bageshwar_S4,2017-01-01,29.9,24.14,0.5
Bageshwar,Bageshwar_S4,2017-02-01,21.8,23.13,0.5
Bageshwar,Bageshwar_S4,2017-03-01,45.7,23.98,0.5
Bageshwar,Bageshwar_S4,2017-04-01,50.6,25.64,0.5
Bageshwar,Bageshwar_S4,2017-05-01,79.5,25.84,0.5
Bageshwar,Bageshwar_S4,2017-06-01,182.8,26.58,0.5
Bageshwar,Bageshwar_S4,2017-07-01,306.1,32.36,0.5
Bageshwar,Bageshwar_S4,2017-08-01,258.6,39.14,0.5
Bageshwar,Bageshwar_S4,2017-09-01,166.7,36.65,0.5
Bageshwar,Bageshwar_S4,2017-10-01,65.3,31.68,0.5
Bageshwar,Bageshwar_S4,2017-11-01,38.9,26.9,0.5
Bageshwar,Bageshwar_S4,2017-12-01,41.3,24.1,0.5
Bageshwar,Bageshwar_S4,2018-01-01,25.3,23.12,0.5
Bageshwar,Bageshwar_S4,2018-02-01,25.2,23.03,0.5
Bageshwar,Bageshwar_S4,2018-03-01,32.9,24.01,0.5
Bageshwar,Bageshwar_S4,2018-04-01,52.2,21.4,0.5
Bageshwar,Bageshwar_S4,2018-05-01,69.7,22.29,0.5
Bageshwar,Bageshwar_S4,2018-06-01,185.9,26.5,0.5
Bageshwar,Bageshwar_S4,2018-07-01,256.7,33.8,0.5
Bageshwar,Bageshwar_S4,2018-08-01,232.8,32.85,0.5
Bageshwar,Bageshwar_S4,2018-09-01,118.8,33.9,0.5
Bageshwar,Bageshwar_S4,2018-10-01,68.4,27.13,0.5
Bageshwar,Bageshwar_S4,2018-11-01,30.9,24.66,0.5
Bageshwar,Bageshwar_S4,2018-12-01,39.2,23.33,0.5
Bageshwar,Bageshwar_S4,2019-01-01,31.7,21.85,0.5
Bageshwar,Bageshwar_S4,2019-02-01,29.1,21.65,0.5
Bageshwar,Bageshwar_S4,2019-03-01,41.0,22.39,0.5
Bageshwar,Bageshwar_S4,2019-04-01,56.3,23.12,0.5
Bageshwar,Bageshwar_S4,2019-05-01,103.0,22.68,0.5
Bageshwar,Bageshwar_S4,2019-06-01,224.5,27.42,0.5
Bageshwar,Bageshwar_S4,2019-07-01,265.2,31.88,0.5
Bageshwar,Bageshwar_S4,2019-08-01,321.6,33.85,0.5
Bageshwar,Bageshwar_S4,2019-09-01,216.3,37.91,0.5
Bageshwar,Bageshwar_S4,2019-10-01,101.0,31.72,0.5
Bageshwar,Bageshwar_S4,2019-11-01,48.3,27.07,0.5
Bageshwar,Bageshwar_S4,2019-12-01,48.8,22.16,0.5
Bageshwar,Bageshwar_S4,2020-01-01,20.2,21.6,0.5
Bageshwar,Bageshwar_S4,2020-02-01,24.2,21.39,0.5
Bageshwar,Bageshwar_S4,2020-03-01,38.1,21.95,0.5
Bageshwar,Bageshwar_S4,2020-04-01,47.9,21.13,0.5
Bageshwar,Bageshwar_S4,2020-05-01,71.5,21.37,0.5
Bageshwar,Bageshwar_S4,2020-06-01,178.6,24.32,0.5
Bageshwar,Bageshwar_S4,2020-07-01,244.8,28.29,0.5
Bageshwar,Bageshwar_S4,2020-08-01,277.5,30.27,0.5
Bageshwar,Bageshwar_S4,2020-09-01,180.8,35.84,0.5
Bageshwar,Bageshwar_S4,2020-10-01,72.6,28.39,0.5
Bageshwar,Bageshwar_S4,2020-11-01,37.1,25.26,0.5
Bageshwar,Bageshwar_S4,2020-12-01,33.4,22.11,0.5
Bageshwar,Bageshwar_S4,2021-01-01,30.0,22.17,0.5
Bageshwar,Bageshwar_S4,2021-02-01,23.1,21.4,0.5
Bageshwar,Bageshwar_S4,2021-03-01,40.9,18.42,0.5
Bageshwar,Bageshwar_S4,2021-04-01,54.9,20.82,0.5
Bageshwar,Bageshwar_S4,2021-05-01,82.3,22.56,0.5
Bageshwar,Bageshwar_S4,2021-06-01,238.2,24.42,0.5
Bageshwar,Bageshwar_S4,2021-07-01,336.6,28.7,0.5
Bageshwar,Bageshwar_S4,2021-08-01,258.2,36.13,0.5
Bageshwar,Bageshwar_S4,2021-09-01,180.2,30.54,0.5
Bageshwar,Bageshwar_S4,2021-10-01,79.5,28.84,0.5
Bageshwar,Bageshwar_S4,2021-11-01,37.5,23.56,0.5
Bageshwar,Bageshwar_S4,2021-12-01,40.3,22.31,0.5
Bageshwar,Bageshwar_S4,2022-01-01,26.9,22.75,0.5
Bageshwar,Bageshwar_S4,2022-02-01,24.6,21.39,0.5
Bageshwar,Bageshwar_S4,2022-03-01,38.2,21.64,0.5
Bageshwar,Bageshwar_S4,2022-04-01,50.9,20.98,0.5
Bageshwar,Bageshwar_S4,2022-05-01,73.9,25.0,0.5
Bageshwar,Bageshwar_S4,2022-06-01,216.6,21.56,0.5
Bageshwar,Bageshwar_S4,2022-07-01,300.3,28.88,0.5
Bageshwar,Bageshwar_S4,2022-08-01,284.9,35.07,0.5
Bageshwar,Bageshwar_S4,2022-09-01,159.9,33.98,0.5
Bageshwar,Bageshwar_S4,2022-10-01,75.6,27.45,0.5
Bageshwar,Bageshwar_S4,2022-11-01,44.6,23.55,0.5
Bageshwar,Bageshwar_S4,2022-12-01,39.1,19.06,0.5
Bageshwar,Bageshwar_S4,2023-01-01,23.8,22.64,0.5
Bageshwar,Bageshwar_S4,2023-02-01,26.3,20.0,0.5
Bageshwar,Bageshwar_S4,2023-03-01,39.6,21.54,0.5
Bageshwar,Bageshwar_S4,2023-04-01,52.5,18.73,0.5
Bageshwar,Bageshwar_S4,2023-05-01,72.5,21.68,0.5
Bageshwar,Bageshwar_S4,2023-06-01,179.4,21.65,0.5
Bageshwar,Bageshwar_S4,2023-07-01,306.0,27.94,0.5
Bageshwar,Bageshwar_S4,2023-08-01,257.6,33.45,0.5
Bageshwar,Bageshwar_S4,2023-09-01,151.0,31.19,0.5
Bageshwar,Bageshwar_S4,2023-10-01,80.6,24.32,0.5
Bageshwar,Bageshwar_S4,2023-11-01,34.6,22.34,0.5
Bageshwar,Bageshwar_S4,2023-12-01,40.2,20.07,0.5
Bageshwar,Bageshwar_S4,2024-01-01,27.2,20.97,0.5
Bageshwar,Bageshwar_S4,2024-02-01,30.7,20.81,0.5
Bageshwar,Bageshwar_S4,2024-03-01,46.7,20.09,0.5
Bageshwar,Bageshwar_S4,2024-04-01,70.9,19.31,0.5
Bageshwar,Bageshwar_S4,2024-05-01,82.7,21.78,0.5
Bageshwar,Bageshwar_S4,2024-06-01,261.5,25.04,0.5
Bageshwar,Bageshwar_S4,2024-07-01,323.0,32.6,0.5
Bageshwar,Bageshwar_S4,2024-08-01,264.1,27.93,0.5
Bageshwar,Bageshwar_S4,2024-09-01,188.8,30.2,0.5
Bageshwar,Bageshwar_S4,2024-10-01,88.0,27.92,0.5
Bageshwar,Bageshwar_S4,2024-11-01,40.3,21.93,0.5
Bageshwar,Bageshwar_S4,2024-12-01,45.1,19.51,0.5
Bageshwar,Bageshwar_S4,2025-01-01,28.0,19.87,0.5
Bageshwar,Bageshwar_S4,2025-02-01,26.3,19.87,0.5
Bageshwar,Bageshwar_S4,2025-03-01,40.7,18.11,0.5
Bageshwar,Bageshwar_S4,2025-04-01,54.9,20.99,0.5
Bageshwar,Bageshwar_S4,2025-05-01,83.8,20.33,0.5
Bageshwar,Bageshwar_S4,2025-06-01,239.1,20.6,0.5
Bageshwar,Bageshwar_S4,2025-07-01,308.5,29.94,0.5
Bageshwar,Bageshwar_S4,2025-08-01,243.7,28.89,0.5
Bageshwar,Bageshwar_S4,2025-09-01,170.4,27.63,0.5
Bageshwar,Bageshwar_S4,2025-10-01,83.4,24.46,0.5
Bageshwar,Bageshwar_S4,2025-11-01,44.9,23.64,0.5
Bageshwar,Bageshwar_S4,2025-12-01,45.4,18.96,0.5
Bageshwar,Bageshwar_S5,2005-01-01,25.4,25.02,0.5
Bageshwar,Bageshwar_S5,2005-02-01,31.5,21.42,0.5
Bageshwar,Bageshwar_S5,2005-03-01,34.9,23.22,0.5
Bageshwar,Bageshwar_S5,2005-04-01,56.4,22.42,0.5
Bageshwar,Bageshwar_S5,2005-05-01,100.3,22.12,0.5
Bageshwar,Bageshwar_S5,2005-06-01,227.1,22.85,0.5
Bageshwar,Bageshwar_S5,2005-07-01,323.0,32.2,0.5
Bageshwar,Bageshwar_S5,2005-08-01,309.3,33.55,0.5
Bageshwar,Bageshwar_S5,2005-09-01,163.5,32.36,0.5
Bageshwar,Bageshwar_S5,2005-10-01,88.0,26.05,0.5
Bageshwar,Bageshwar_S5,2005-11-01,44.0,21.59,0.5
Bageshwar,Bageshwar_S5,2005-12-01,50.2,20.46,0.5
Bageshwar,Bageshwar_S5,2006-01-01,19.0,20.93,0.5
Bageshwar,Bageshwar_S5,2006-02-01,18.1,20.41,0.5
Bageshwar,Bageshwar_S5,2006-03-01,26.9,19.22,0.5
Bageshwar,Bageshwar_S5,2006-04-01,42.6,18.69,0.5
Bageshwar,Bageshwar_S5,2006-05-01,58.8,18.96,0.5
Bageshwar,Bageshwar_S5,2006-06-01,149.5,21.52,0.5
Bageshwar,Bageshwar_S5,2006-07-01,206.2,25.45,0.5
Bageshwar,Bageshwar_S5,2006-08-01,186.7,27.08,0.5
Bageshwar,Bageshwar_S5,2006-09-01,122.3,26.28,0.5
Bageshwar,Bageshwar_S5,2006-10-01,52.7,24.4,0.5
Bageshwar,Bageshwar_S5,2006-11-01,28.7,22.19,0.5
Bageshwar,Bageshwar_S5,2006-12-01,28.5,18.86,0.5
Bageshwar,Bageshwar_S5,2007-01-01,21.5,19.65,0.5
Bageshwar,Bageshwar_S5,2007-02-01,21.7,20.12,0.5
Bageshwar,Bageshwar_S5,2007-03-01,30.5,18.42,0.5
Bageshwar,Bageshwar_S5,2007-04-01,42.1,19.49,0.5
Bageshwar,Bageshwar_S5,2007-05-01,74.8,19.92,0.5
Bageshwar,Bageshwar_S5,2007-06-01,199.0,19.96,0.5
Bageshwar,Bageshwar_S5,2007-07-01,214.3,26.99,0.5
Bageshwar,Bageshwar_S5,2007-08-01,197.2,27.41,0.5
Bageshwar,Bageshwar_S5,2007-09-01,126.5,27.28,0.5
Bageshwar,Bageshwar_S5,2007-10-01,69.2,22.01,0.5
Bageshwar,Bageshwar_S5,2007-11-01,30.9,20.85,0.5
Bageshwar,Bageshwar_S5,2007-12-01,32.5,20.44,0.5
Bageshwar,Bageshwar_S5,2008-01-01,31.2,21.13,0.5
Bageshwar,Bageshwar_S5,2008-02-01,33.0,20.25,0.5
Bageshwar,Bageshwar_S5,2008-03-01,48.7,17.94,0.5
Bageshwar,Bageshwar_S5,2008-04-01,59.4,20.14,0.5
Bageshwar,Bageshwar_S5,2008-05-01,101.5,19.61,0.5
Bageshwar,Bageshwar_S5,2008-06-01,232.6,22.16,0.5
Bageshwar,Bageshwar_S5,2008-07-01,379.9,26.32,0.5
Bageshwar,Bageshwar_S5,2008-08-01,297.2,30.7,0.5
Bageshwar,Bageshwar_S5,2008-09-01,195.0,29.46,0.5
Bageshwar,Bageshwar_S5,2008-10-01,85.4,26.5,0.5
Bageshwar,Bageshwar_S5,2008-11-01,43.3,21.19,0.5
Bageshwar,Bageshwar_S5,2008-12-01,45.2,19.45,0.5
Bageshwar,Bageshwar_S5,2009-01-01,15.0,19.3,0.5
Bageshwar,Bageshwar_S5,2009-02-01,14.6,18.14,0.5
Bageshwar,Bageshwar_S5,2009-03-01,24.3,18.18,0.5
Bageshwar,Bageshwar_S5,2009-04-01,31.5,17.83,0.5
Bageshwar,Bageshwar_S5,2009-05-01,43.2,18.4,0.5
Bageshwar,Bageshwar_S5,2009-06-01,117.5,20.4,0.5
Bageshwar,Bageshwar_S5,2009-07-01,164.6,21.94,0.5
Bageshwar,Bageshwar_S5,2009-08-01,170.6,23.72,0.5
Bageshwar,Bageshwar_S5,2009-09-01,92.6,23.98,0.5
Bageshwar,Bageshwar_S5,2009-10-01,43.1,20.37,0.5
Bageshwar,Bageshwar_S5,2009-11-01,20.8,18.12,0.5
Bageshwar,Bageshwar_S5,2009-12-01,20.2,17.75,0.5
Bageshwar,Bageshwar_S5,2010-01-01,25.5,17.05,0.5
Bageshwar,Bageshwar_S5,2010-02-01,27.7,17.53,0.5
Bageshwar,Bageshwar_S5,2010-03-01,40.8,17.01,0.5
Bageshwar,Bageshwar_S5,2010-04-01,59.8,18.29,0.5
Bageshwar,Bageshwar_S5,2010-05-01,74.9,19.46,0.5
Bageshwar,Bageshwar_S5,2010-06-01,196.7,19.26,0.5
Bageshwar,Bageshwar_S5,2010-07-01,247.4,21.86,0.5
Bageshwar,Bageshwar_S5,2010-08-01,265.0,27.04,0.5
Bageshwar,Bageshwar_S5,2010-09-01,164.7,27.06,0.5
Bageshwar,Bageshwar_S5,2010-10-01,79.2,21.71,0.5
Bageshwar,Bageshwar_S5,2010-11-01,34.2,20.14,0.5
Bageshwar,Bageshwar_S5,2010-12-01,38.7,16.33,0.5
Bageshwar,Bageshwar_S5,2011-01-01,25.0,18.61,0.5
Bageshwar,Bageshwar_S5,2011-02-01,23.4,17.06,0.5
Bageshwar,Bageshwar_S5,2011-03-01,40.6,15.07,0.5
Bageshwar,Bageshwar_S5,2011-04-01,57.6,17.79,0.5
Bageshwar,Bageshwar_S5,2011-05-01,67.6,17.88,0.5
Bageshwar,Bageshwar_S5,2011-06-01,209.3,18.07,0.5
Bageshwar,Bageshwar_S5,2011-07-01,209.5,23.16,0.5
Bageshwar,Bageshwar_S5,2011-08-01,260.6,23.84,0.5
Bageshwar,Bageshwar_S5,2011-09-01,136.7,25.28,0.5
Bageshwar,Bageshwar_S5,2011-10-01,71.1,19.11,0.5
Bageshwar,Bageshwar_S5,2011-11-01,33.2,19.66,0.5
Bageshwar,Bageshwar_S5,2011-12-01,36.5,16.78,0.5
Bageshwar,Bageshwar_S5,2012-01-01,23.0,16.44,0.5
Bageshwar,Bageshwar_S5,2012-02-01,26.2,15.58,0.5
Bageshwar,Bageshwar_S5,2012-03-01,38.9,17.23,0.5
Bageshwar,Bageshwar_S5,2012-04-01,60.9,15.92,0.5
Bageshwar,Bageshwar_S5,2012-05-01,83.9,17.93,0.5
Bageshwar,Bageshwar_S5,2012-06-01,195.8,18.09,0.5
Bageshwar,Bageshwar_S5,2012-07-01,286.0,22.21,0.5
Bageshwar,Bageshwar_S5,2012-08-01,303.8,24.7,0.5
Bageshwar,Bageshwar_S5,2012-09-01,185.7,25.91,0.5
Bageshwar,Bageshwar_S5,2012-10-01,75.1,22.26,0.5
Bageshwar,Bageshwar_S5,2012-11-01,39.7,18.28,0.5
Bageshwar,Bageshwar_S5,2012-12-01,39.8,16.05,0.5
Bageshwar,Bageshwar_S5,2013-01-01,19.0,16.59,0.5
Bageshwar,Bageshwar_S5,2013-02-01,20.9,16.56,0.5
Bageshwar,Bageshwar_S5,2013-03-01,36.8,14.56,0.5
Bageshwar,Bageshwar_S5,2013-04-01,42.8,16.42,0.5
Bageshwar,Bageshwar_S5,2013-05-01,65.6,15.82,0.5
Bageshwar,Bageshwar_S5,2013-06-01,178.5,16.49,0.5
Bageshwar,Bageshwar_S5,2013-07-01,285.8,21.76,0.5
Bageshwar,Bageshwar_S5,2013-08-01,220.8,24.64,0.5
Bageshwar,Bageshwar_S5,2013-09-01,156.0,21.51,0.5
Bageshwar,Bageshwar_S5,2013-10-01,63.0,21.86,0.5
Bageshwar,Bageshwar_S5,2013-11-01,32.4,17.87,0.5
Bageshwar,Bageshwar_S5,2013-12-01,33.1,14.4,0.5
Bageshwar,Bageshwar_S5,2014-01-01,20.9,14.75,0.5
Bageshwar,Bageshwar_S5,2014-02-01,22.7,15.9,0.5
Bageshwar,Bageshwar_S5,2014-03-01,29.8,15.25,0.5
Bageshwar,Bageshwar_S5,2014-04-01,42.4,16.86,0.5
Bageshwar,Bageshwar_S5,2014-05-01,67.2,16.59,0.5
Bageshwar,Bageshwar_S5,2014-06-01,158.5,17.18,0.5
Bageshwar,Bageshwar_S5,2014-07-01,253.8,19.09,0.5
Bageshwar,Bageshwar_S5,2014-08-01,213.4,24.01,0.5
Bageshwar,Bageshwar_S5,2014-09-01,136.1,20.55,0.5
Bageshwar,Bageshwar_S5,2014-10-01,53.4,20.43,0.5
Bageshwar,Bageshwar_S5,2014-11-01,30.9,16.57,0.5
Bageshwar,Bageshwar_S5,2014-12-01,32.8,14.76,0.5
Bageshwar,Bageshwar_S5,2015-01-01,31.7,16.04,0.5
Bageshwar,Bageshwar_S5,2015-02-01,33.0,17.07,0.5
Bageshwar,Bageshwar_S5,2015-03-01,41.0,15.19,0.5
Bageshwar,Bageshwar_S5,2015-04-01,60.0,16.02,0.5
Bageshwar,Bageshwar_S5,2015-05-01,99.7,15.85,0.5
Bageshwar,Bageshwar_S5,2015-06-01,225.1,17.61,0.5
Bageshwar,Bageshwar_S5,2015-07-01,358.8,20.15,0.5
Bageshwar,Bageshwar_S5,2015-08-01,320.6,26.32,0.5
Bageshwar,Bageshwar_S5,2015-09-01,201.2,25.0,0.5
Bageshwar,Bageshwar_S5,2015-10-01,88.5,22.68,0.5
Bageshwar,Bageshwar_S5,2015-11-01,41.8,15.41,0.5
Bageshwar,Bageshwar_S5,2015-12-01,51.9,15.09,0.5
Bageshwar,Bageshwar_S5,2016-01-01,27.0,16.61,0.5
Bageshwar,Bageshwar_S5,2016-02-01,25.4,14.54,0.5
Bageshwar,Bageshwar_S5,2016-03-01,39.5,14.5,0.5
Bageshwar,Bageshwar_S5,2016-04-01,53.2,14.44,0.5
Bageshwar,Bageshwar_S5,2016-05-01,81.3,14.76,0.5
Bageshwar,Bageshwar_S5,2016-06-01,222.5,14.89,0.5
Bageshwar,Bageshwar_S5,2016-07-01,270.9,20.38,0.5
Bageshwar,Bageshwar_S5,2016-08-01,231.9,21.48,0.5
Bageshwar,Bageshwar_S5,2016-09-01,171.9,21.37,0.5
Bageshwar,Bageshwar_S5,2016-10-01,67.8,18.45,0.5
Bageshwar,Bageshwar_S5,2016-11-01,38.4,15.35,0.5
Bageshwar,Bageshwar_S5,2016-12-01,37.8,14.39,0.5
Bageshwar,Bageshwar_S5,2017-01-01,29.9,14.63,0.5
Bageshwar,Bageshwar_S5,2017-02-01,21.8,13.99,0.5
Bageshwar,Bageshwar_S5,2017-03-01,45.7,13.32,0.5
Bageshwar,Bageshwar_S5,2017-04-01,50.6,14.87,0.5
Bageshwar,Bageshwar_S5,2017-05-01,79.5,15.73,0.5
Bageshwar,Bageshwar_S5,2017-06-01,182.8,15.93,0.5
Bageshwar,Bageshwar_S5,2017-07-01,306.1,18.54,0.5
Bageshwar,Bageshwar_S5,2017-08-01,258.6,22.9,0.5
Bageshwar,Bageshwar_S5,2017-09-01,166.7,19.25,0.5
Bageshwar,Bageshwar_S5,2017-10-01,65.3,18.33,0.5
Bageshwar,Bageshwar_S5,2017-11-01,38.9,14.87,0.5
Bageshwar,Bageshwar_S5,2017-12-01,41.3,13.62,0.5
Bageshwar,Bageshwar_S5,2018-01-01,25.3,13.79,0.5
Bageshwar,Bageshwar_S5,2018-02-01,25.2,13.5,0.5
Bageshwar,Bageshwar_S5,2018-03-01,32.9,14.43,0.5
Bageshwar,Bageshwar_S5,2018-04-01,52.2,14.72,0.5
Bageshwar,Bageshwar_S5,2018-05-01,69.7,13.85,0.5
Bageshwar,Bageshwar_S5,2018-06-01,185.9,14.65,0.5
Bageshwar,Bageshwar_S5,2018-07-01,256.7,18.18,0.5
Bageshwar,Bageshwar_S5,2018-08-01,232.8,21.64,0.5
Bageshwar,Bageshwar_S5,2018-09-01,118.8,20.14,0.5
Bageshwar,Bageshwar_S5,2018-10-01,68.4,16.48,0.5
Bageshwar,Bageshwar_S5,2018-11-01,30.9,15.2,0.5
Bageshwar,Bageshwar_S5,2018-12-01,39.2,13.2,0.5
Bageshwar,Bageshwar_S5,2019-01-01,31.7,14.77,0.5
Bageshwar,Bageshwar_S5,2019-02-01,29.1,13.56,0.5
Bageshwar,Bageshwar_S5,2019-03-01,41.0,12.87,0.5
Bageshwar,Bageshwar_S5,2019-04-01,56.3,13.62,0.5
Bageshwar,Bageshwar_S5,2019-05-01,103.0,15.08,0.5
Bageshwar,Bageshwar_S5,2019-06-01,224.5,15.26,0.5
Bageshwar,Bageshwar_S5,2019-07-01,265.2,20.15,0.5
Bageshwar,Bageshwar_S5,2019-08-01,321.6,19.78,0.5
Bageshwar,Bageshwar_S5,2019-09-01,216.3,21.23,0.5
Bageshwar,Bageshwar_S5,2019-10-01,101.0,19.46,0.5
Bageshwar,Bageshwar_S5,2019-11-01,48.3,14.66,0.5
Bageshwar,Bageshwar_S5,2019-12-01,48.8,14.28,0.5
Bageshwar,Bageshwar_S5,2020-01-01,20.2,13.94,0.5
Bageshwar,Bageshwar_S5,2020-02-01,24.2,12.25,0.5
Bageshwar,Bageshwar_S5,2020-03-01,38.1,12.85,0.5
Bageshwar,Bageshwar_S5,2020-04-01,47.9,12.91,0.5
Bageshwar,Bageshwar_S5,2020-05-01,71.5,13.76,0.5
Bageshwar,Bageshwar_S5,2020-06-01,178.6,15.53,0.5
Bageshwar,Bageshwar_S5,2020-07-01,244.8,16.98,0.5
Bageshwar,Bageshwar_S5,2020-08-01,277.5,19.71,0.5
Bageshwar,Bageshwar_S5,2020-09-01,180.8,20.13,0.5
Bageshwar,Bageshwar_S5,2020-10-01,72.6,17.25,0.5
Bageshwar,Bageshwar_S5,2020-11-01,37.1,13.92,0.5
Bageshwar,Bageshwar_S5,2020-12-01,33.4,12.41,0.5
Bageshwar,Bageshwar_S5,2021-01-01,30.0,13.05,0.5
Bageshwar,Bageshwar_S5,2021-02-01,23.1,12.52,0.5
Bageshwar,Bageshwar_S5,2021-03-01,40.9,11.9,0.5
Bageshwar,Bageshwar_S5,2021-04-01,54.9,13.6,0.5
Bageshwar,Bageshwar_S5,2021-05-01,82.3,13.38,0.5
Bageshwar,Bageshwar_S5,2021-06-01,238.2,13.9,0.5
Bageshwar,Bageshwar_S5,2021-07-01,336.6,19.71,0.5
Bageshwar,Bageshwar_S5,2021-08-01,258.2,19.28,0.5
Bageshwar,Bageshwar_S5,2021-09-01,180.2,20.15,0.5
Bageshwar,Bageshwar_S5,2021-10-01,79.5,15.96,0.5
Bageshwar,Bageshwar_S5,2021-11-01,37.5,13.95,0.5
Bageshwar,Bageshwar_S5,2021-12-01,40.3,12.22,0.5
Bageshwar,Bageshwar_S5,2022-01-01,26.9,12.05,0.5
Bageshwar,Bageshwar_S5,2022-02-01,24.6,13.03,0.5
Bageshwar,Bageshwar_S5,2022-03-01,38.2,13.25,0.5
Bageshwar,Bageshwar_S5,2022-04-01,50.9,12.34,0.5
Bageshwar,Bageshwar_S5,2022-05-01,73.9,13.01,0.5
Bageshwar,Bageshwar_S5,2022-06-01,216.6,13.44,0.5
Bageshwar,Bageshwar_S5,2022-07-01,300.3,18.81,0.5
Bageshwar,Bageshwar_S5,2022-08-01,284.9,17.51,0.5
Bageshwar,Bageshwar_S5,2022-09-01,159.9,19.47,0.5
Bageshwar,Bageshwar_S5,2022-10-01,75.6,15.06,0.5
Bageshwar,Bageshwar_S5,2022-11-01,44.6,11.71,0.5
Bageshwar,Bageshwar_S5,2022-12-01,39.1,12.17,0.5
Bageshwar,Bageshwar_S5,2023-01-01,23.8,13.34,0.5
Bageshwar,Bageshwar_S5,2023-02-01,26.3,11.38,0.5
Bageshwar,Bageshwar_S5,2023-03-01,39.6,12.27,0.5
Bageshwar,Bageshwar_S5,2023-04-01,52.5,12.86,0.5
Bageshwar,Bageshwar_S5,2023-05-01,72.5,12.44,0.5
Bageshwar,Bageshwar_S5,2023-06-01,179.4,13.03,0.5
Bageshwar,Bageshwar_S5,2023-07-01,306.0,14.44,0.5
Bageshwar,Bageshwar_S5,2023-08-01,257.6,18.45,0.5
Bageshwar,Bageshwar_S5,2023-09-01,151.0,18.6,0.5
Bageshwar,Bageshwar_S5,2023-10-01,80.6,14.96,0.5
Bageshwar,Bageshwar_S5,2023-11-01,34.6,13.24,0.5
Bageshwar,Bageshwar_S5,2023-12-01,40.2,11.83,0.5
Bageshwar,Bageshwar_S5,2024-01-01,27.2,13.18,0.5
Bageshwar,Bageshwar_S5,2024-02-01,30.7,11.25,0.5
Bageshwar,Bageshwar_S5,2024-03-01,46.7,12.49,0.5
Bageshwar,Bageshwar_S5,2024-04-01,70.9,12.03,0.5
Bageshwar,Bageshwar_S5,2024-05-01,82.7,13.62,0.5
Bageshwar,Bageshwar_S5,2024-06-01,261.5,12.04,0.5
Bageshwar,Bageshwar_S5,2024-07-01,323.0,17.6,0.5
Bageshwar,Bageshwar_S5,2024-08-01,264.1,18.62,0.5
Bageshwar,Bageshwar_S5,2024-09-01,188.8,17.54,0.5
Bageshwar,Bageshwar_S5,2024-10-01,88.0,16.38,0.5
Bageshwar,Bageshwar_S5,2024-11-01,40.3,13.04,0.5
Bageshwar,Bageshwar_S5,2024-12-01,45.1,12.25,0.5
Bageshwar,Bageshwar_S5,2025-01-01,28.0,11.25,0.5
Bageshwar,Bageshwar_S5,2025-02-01,26.3,10.71,0.5
Bageshwar,Bageshwar_S5,2025-03-01,40.7,11.11,0.5
Bageshwar,Bageshwar_S5,2025-04-01,54.9,11.41,0.5
Bageshwar,Bageshwar_S5,2025-05-01,83.8,11.66,0.5
Bageshwar,Bageshwar_S5,2025-06-01,239.1,11.87,0.5
Bageshwar,Bageshwar_S5,2025-07-01,308.5,17.33,0.5
Bageshwar,Bageshwar_S5,2025-08-01,243.7,17.72,0.5
Bageshwar,Bageshwar_S5,2025-09-01,170.4,17.55,0.5
Bageshwar,Bageshwar_S5,2025-10-01,83.4,14.51,0.5
Bageshwar,Bageshwar_S5,2025-11-01,44.9,12.7,0.5
Bageshwar,Bageshwar_S5,2025-12-01,45.4,11.62,0.5
Bageshwar,Bageshwar_S6,2005-01-01,25.4,32.6,0.5
Bageshwar,Bageshwar_S6,2005-02-01,31.5,25.35,0.5
Bageshwar,Bageshwar_S6,2005-03-01,34.9,26.45,0.5
Bageshwar,Bageshwar_S6,2005-04-01,56.4,26.3,0.5
Bageshwar,Bageshwar_S6,2005-05-01,100.3,26.98,0.5
Bageshwar,Bageshwar_S6,2005-06-01,227.1,29.26,0.5
Bageshwar,Bageshwar_S6,2005-07-01,323.0,37.07,0.5
Bageshwar,Bageshwar_S6,2005-08-01,309.3,42.96,0.5
Bageshwar,Bageshwar_S6,2005-09-01,163.5,37.75,0.5
Bageshwar,Bageshwar_S6,2005-10-01,88.0,32.57,0.5
Bageshwar,Bageshwar_S6,2005-11-01,44.0,27.59,0.5
Bageshwar,Bageshwar_S6,2005-12-01,50.2,24.8,0.5
Bageshwar,Bageshwar_S6,2006-01-01,19.0,27.23,0.5
Bageshwar,Bageshwar_S6,2006-02-01,18.1,22.89,0.5
Bageshwar,Bageshwar_S6,2006-03-01,26.9,21.99,0.5
Bageshwar,Bageshwar_S6,2006-04-01,42.6,25.0,0.5
Bageshwar,Bageshwar_S6,2006-05-01,58.8,23.07,0.5
Bageshwar,Bageshwar_S6,2006-06-01,149.5,23.17,0.5
Bageshwar,Bageshwar_S6,2006-07-01,206.2,31.9,0.5
Bageshwar,Bageshwar_S6,2006-08-01,186.7,33.77,0.5
Bageshwar,Bageshwar_S6,2006-09-01,122.3,33.11,0.5
Bageshwar,Bageshwar_S6,2006-10-01,52.7,28.12,0.5
Bageshwar,Bageshwar_S6,2006-11-01,28.7,23.19,0.5
Bageshwar,Bageshwar_S6,2006-12-01,28.5,22.15,0.5
Bageshwar,Bageshwar_S6,2007-01-01,21.5,23.14,0.5
Bageshwar,Bageshwar_S6,2007-02-01,21.7,21.55,0.5
Bageshwar,Bageshwar_S6,2007-03-01,30.5,23.31,0.5
Bageshwar,Bageshwar_S6,2007-04-01,42.1,22.81,0.5
Bageshwar,Bageshwar_S6,2007-05-01,74.8,24.11,0.5
Bageshwar,Bageshwar_S6,2007-06-01,199.0,25.74,0.5
Bageshwar,Bageshwar_S6,2007-07-01,214.3,32.61,0.5
Bageshwar,Bageshwar_S6,2007-08-01,197.2,33.51,0.5
Bageshwar,Bageshwar_S6,2007-09-01,126.5,31.15,0.5
Bageshwar,Bageshwar_S6,2007-10-01,69.2,28.17,0.5
Bageshwar,Bageshwar_S6,2007-11-01,30.9,25.15,0.5
Bageshwar,Bageshwar_S6,2007-12-01,32.5,20.02,0.5
Bageshwar,Bageshwar_S6,2008-01-01,31.2,23.54,0.5
Bageshwar,Bageshwar_S6,2008-02-01,33.0,22.83,0.5
Bageshwar,Bageshwar_S6,2008-03-01,48.7,23.32,0.5
Bageshwar,Bageshwar_S6,2008-04-01,59.4,21.91,0.5
Bageshwar,Bageshwar_S6,2008-05-01,101.5,23.52,0.5
Bageshwar,Bageshwar_S6,2008-06-01,232.6,24.54,0.5
Bageshwar,Bageshwar_S6,2008-07-01,379.9,33.72,0.5
Bageshwar,Bageshwar_S6,2008-08-01,297.2,37.04,0.5
Bageshwar,Bageshwar_S6,2008-09-01,195.0,33.91,0.5
Bageshwar,Bageshwar_S6,2008-10-01,85.4,31.13,0.5
Bageshwar,Bageshwar_S6,2008-11-01,43.3,23.97,0.5
Bageshwar,Bageshwar_S6,2008-12-01,45.2,21.52,0.5
Bageshwar,Bageshwar_S6,2009-01-01,15.0,23.62,0.5
Bageshwar,Bageshwar_S6,2009-02-01,14.6,22.02,0.5
Bageshwar,Bageshwar_S6,2009-03-01,24.3,21.7,0.5
Bageshwar,Bageshwar_S6,2009-04-01,31.5,22.26,0.5
Bageshwar,Bageshwar_S6,2009-05-01,43.2,21.39,0.5
Bageshwar,Bageshwar_S6,2009-06-01,117.5,21.92,0.5
Bageshwar,Bageshwar_S6,2009-07-01,164.6,24.87,0.5
Bageshwar,Bageshwar_S6,2009-08-01,170.6,28.14,0.5
Bageshwar,Bageshwar_S6,2009-09-01,92.6,27.37,0.5
Bageshwar,Bageshwar_S6,2009-10-01,43.1,23.73,0.5
Bageshwar,Bageshwar_S6,2009-11-01,20.8,22.45,0.5
Bageshwar,Bageshwar_S6,2009-12-01,20.2,21.88,0.5
Bageshwar,Bageshwar_S6,2010-01-01,25.5,20.97,0.5
Bageshwar,Bageshwar_S6,2010-02-01,27.7,22.62,0.5
Bageshwar,Bageshwar_S6,2010-03-01,40.8,20.06,0.5
Bageshwar,Bageshwar_S6,2010-04-01,59.8,19.39,0.5
Bageshwar,Bageshwar_S6,2010-05-01,74.9,22.98,0.5
Bageshwar,Bageshwar_S6,2010-06-01,196.7,21.94,0.5
Bageshwar,Bageshwar_S6,2010-07-01,247.4,28.08,0.5
Bageshwar,Bageshwar_S6,2010-08-01,265.0,28.04,0.5
Bageshwar,Bageshwar_S6,2010-09-01,164.7,30.07,0.5
Bageshwar,Bageshwar_S6,2010-10-01,79.2,24.71,0.5
Bageshwar,Bageshwar_S6,2010-11-01,34.2,22.18,0.5
Bageshwar,Bageshwar_S6,2010-12-01,38.7,20.11,0.5
Bageshwar,Bageshwar_S6,2011-01-01,25.0,20.75,0.5
Bageshwar,Bageshwar_S6,2011-02-01,23.4,21.2,0.5
Bageshwar,Bageshwar_S6,2011-03-01,40.6,20.5,0.5
Bageshwar,Bageshwar_S6,2011-04-01,57.6,18.89,0.5
Bageshwar,Bageshwar_S6,2011-05-01,67.6,21.91,0.5
Bageshwar,Bageshwar_S6,2011-06-01,209.3,21.77,0.5
Bageshwar,Bageshwar_S6,2011-07-01,209.5,27.86,0.5
Bageshwar,Bageshwar_S6,2011-08-01,260.6,27.88,0.5
Bageshwar,Bageshwar_S6,2011-09-01,136.7,30.43,0.5
Bageshwar,Bageshwar_S6,2011-10-01,71.1,23.63,0.5
Bageshwar,Bageshwar_S6,2011-11-01,33.2,21.27,0.5
Bageshwar,Bageshwar_S6,2011-12-01,36.5,20.88,0.5
Bageshwar,Bageshwar_S6,2012-01-01,23.0,19.1,0.5
Bageshwar,Bageshwar_S6,2012-02-01,26.2,18.16,0.5
Bageshwar,Bageshwar_S6,2012-03-01,38.9,19.16,0.5
Bageshwar,Bageshwar_S6,2012-04-01,60.9,18.6,0.5
Bageshwar,Bageshwar_S6,2012-05-01,83.9,18.85,0.5
Bageshwar,Bageshwar_S6,2012-06-01,195.8,21.19,0.5
Bageshwar,Bageshwar_S6,2012-07-01,286.0,28.28,0.5
Bageshwar,Bageshwar_S6,2012-08-01,303.8,30.15,0.5
Bageshwar,Bageshwar_S6,2012-09-01,185.7,31.16,0.5
Bageshwar,Bageshwar_S6,2012-10-01,75.1,22.95,0.5
Bageshwar,Bageshwar_S6,2012-11-01,39.7,21.31,0.5
Bageshwar,Bageshwar_S6,2012-12-01,39.8,19.36,0.5
Bageshwar,Bageshwar_S6,2013-01-01,19.0,18.57,0.5
Bageshwar,Bageshwar_S6,2013-02-01,20.9,18.43,0.5
Bageshwar,Bageshwar_S6,2013-03-01,36.8,18.44,0.5
Bageshwar,Bageshwar_S6,2013-04-01,42.8,17.9,0.5
Bageshwar,Bageshwar_S6,2013-05-01,65.6,19.41,0.5
Bageshwar,Bageshwar_S6,2013-06-01,178.5,21.2,0.5
Bageshwar,Bageshwar_S6,2013-07-01,285.8,24.39,0.5
Bageshwar,Bageshwar_S6,2013-08-01,220.8,27.82,0.5
Bageshwar,Bageshwar_S6,2013-09-01,156.0,26.05,0.5
Bageshwar,Bageshwar_S6,2013-10-01,63.0,24.51,0.5
Bageshwar,Bageshwar_S6,2013-11-01,32.4,18.38,0.5
Bageshwar,Bageshwar_S6,2013-12-01,33.1,18.78,0.5
Bageshwar,Bageshwar_S6,2014-01-01,20.9,17.61,0.5
Bageshwar,Bageshwar_S6,2014-02-01,22.7,17.88,0.5
Bageshwar,Bageshwar_S6,2014-03-01,29.8,17.19,0.5
Bageshwar,Bageshwar_S6,2014-04-01,42.4,17.41,0.5
Bageshwar,Bageshwar_S6,2014-05-01,67.2,19.78,0.5
Bageshwar,Bageshwar_S6,2014-06-01,158.5,17.97,0.5
Bageshwar,Bageshwar_S6,2014-07-01,253.8,23.51,0.5
Bageshwar,Bageshwar_S6,2014-08-01,213.4,29.04,0.5
Bageshwar,Bageshwar_S6,2014-09-01,136.1,25.87,0.5
Bageshwar,Bageshwar_S6,2014-10-01,53.4,20.39,0.5
Bageshwar,Bageshwar_S6,2014-11-01,30.9,17.29,0.5
Bageshwar,Bageshwar_S6,2014-12-01,32.8,16.86,0.5
Bageshwar,Bageshwar_S6,2015-01-01,31.7,17.68,0.5
Bageshwar,Bageshwar_S6,2015-02-01,33.0,17.64,0.5
Bageshwar,Bageshwar_S6,2015-03-01,41.0,16.33,0.5
Bageshwar,Bageshwar_S6,2015-04-01,60.0,16.93,0.5
Bageshwar,Bageshwar_S6,2015-05-01,99.7,17.64,0.5
Bageshwar,Bageshwar_S6,2015-06-01,225.1,19.7,0.5
Bageshwar,Bageshwar_S6,2015-07-01,358.8,27.15,0.5
Bageshwar,Bageshwar_S6,2015-08-01,320.6,28.42,0.5
Bageshwar,Bageshwar_S6,2015-09-01,201.2,26.86,0.5
Bageshwar,Bageshwar_S6,2015-10-01,88.5,22.21,0.5
Bageshwar,Bageshwar_S6,2015-11-01,41.8,19.75,0.5
Bageshwar,Bageshwar_S6,2015-12-01,51.9,17.26,0.5
Bageshwar,Bageshwar_S6,2016-01-01,27.0,16.83,0.5
Bageshwar,Bageshwar_S6,2016-02-01,25.4,16.32,0.5
Bageshwar,Bageshwar_S6,2016-03-01,39.5,15.86,0.5
Bageshwar,Bageshwar_S6,2016-04-01,53.2,17.24,0.5
Bageshwar,Bageshwar_S6,2016-05-01,81.3,19.8,0.5
Bageshwar,Bageshwar_S6,2016-06-01,222.5,18.97,0.5
Bageshwar,Bageshwar_S6,2016-07-01,270.9,23.58,0.5
Bageshwar,Bageshwar_S6,2016-08-01,231.9,24.58,0.5
Bageshwar,Bageshwar_S6,2016-09-01,171.9,22.29,0.5
Bageshwar,Bageshwar_S6,2016-10-01,67.8,22.39,0.5
Bageshwar,Bageshwar_S6,2016-11-01,38.4,18.27,0.5
Bageshwar,Bageshwar_S6,2016-12-01,37.8,16.14,0.5
Bageshwar,Bageshwar_S6,2017-01-01,29.9,17.46,0.5
Bageshwar,Bageshwar_S6,2017-02-01,21.8,16.13,0.5
Bageshwar,Bageshwar_S6,2017-03-01,45.7,16.38,0.5
Bageshwar,Bageshwar_S6,2017-04-01,50.6,16.84,0.5
Bageshwar,Bageshwar_S6,2017-05-01,79.5,16.57,0.5
Bageshwar,Bageshwar_S6,2017-06-01,182.8,16.86,0.5
Bageshwar,Bageshwar_S6,2017-07-01,306.1,21.23,0.5
Bageshwar,Bageshwar_S6,2017-08-01,258.6,26.84,0.5
Bageshwar,Bageshwar_S6,2017-09-01,166.7,23.36,0.5
Bageshwar,Bageshwar_S6,2017-10-01,65.3,21.06,0.5
Bageshwar,Bageshwar_S6,2017-11-01,38.9,16.01,0.5
Bageshwar,Bageshwar_S6,2017-12-01,41.3,16.56,0.5
Bageshwar,Bageshwar_S6,2018-01-01,25.3,16.22,0.5
Bageshwar,Bageshwar_S6,2018-02-01,25.2,14.44,0.5
Bageshwar,Bageshwar_S6,2018-03-01,32.9,15.14,0.5
Bageshwar,Bageshwar_S6,2018-04-01,52.2,16.25,0.5
Bageshwar,Bageshwar_S6,2018-05-01,69.7,15.14,0.5
Bageshwar,Bageshwar_S6,2018-06-01,185.9,15.82,0.5
Bageshwar,Bageshwar_S6,2018-07-01,256.7,20.63,0.5
Bageshwar,Bageshwar_S6,2018-08-01,232.8,25.56,0.5
Bageshwar,Bageshwar_S6,2018-09-01,118.8,21.45,0.5
Bageshwar,Bageshwar_S6,2018-10-01,68.4,18.65,0.5
Bageshwar,Bageshwar_S6,2018-11-01,30.9,16.63,0.5
Bageshwar,Bageshwar_S6,2018-12-01,39.2,14.63,0.5
Bageshwar,Bageshwar_S6,2019-01-01,31.7,15.44,0.5
Bageshwar,Bageshwar_S6,2019-02-01,29.1,14.68,0.5
Bageshwar,Bageshwar_S6,2019-03-01,41.0,14.61,0.5
Bageshwar,Bageshwar_S6,2019-04-01,56.3,13.96,0.5
Bageshwar,Bageshwar_S6,2019-05-01,103.0,15.68,0.5
Bageshwar,Bageshwar_S6,2019-06-01,224.5,17.99,0.5
Bageshwar,Bageshwar_S6,2019-07-01,265.2,21.3,0.5
Bageshwar,Bageshwar_S6,2019-08-01,321.6,23.76,0.5
Bageshwar,Bageshwar_S6,2019-09-01,216.3,25.04,0.5
Bageshwar,Bageshwar_S6,2019-10-01,101.0,20.7,0.5
Bageshwar,Bageshwar_S6,2019-11-01,48.3,16.35,0.5
Bageshwar,Bageshwar_S6,2019-12-01,48.8,14.73,0.5
Bageshwar,Bageshwar_S6,2020-01-01,20.2,13.96,0.5
Bageshwar,Bageshwar_S6,2020-02-01,24.2,13.89,0.5
Bageshwar,Bageshwar_S6,2020-03-01,38.1,14.27,0.5
Bageshwar,Bageshwar_S6,2020-04-01,47.9,15.82,0.5
Bageshwar,Bageshwar_S6,2020-05-01,71.5,15.24,0.5
Bageshwar,Bageshwar_S6,2020-06-01,178.6,14.89,0.5
Bageshwar,Bageshwar_S6,2020-07-01,244.8,17.61,0.5
Bageshwar,Bageshwar_S6,2020-08-01,277.5,20.82,0.5
Bageshwar,Bageshwar_S6,2020-09-01,180.8,22.92,0.5
Bageshwar,Bageshwar_S6,2020-10-01,72.6,18.66,0.5
Bageshwar,Bageshwar_S6,2020-11-01,37.1,15.77,0.5
Bageshwar,Bageshwar_S6,2020-12-01,33.4,14.05,0.5
Bageshwar,Bageshwar_S6,2021-01-01,30.0,14.53,0.5
Bageshwar,Bageshwar_S6,2021-02-01,23.1,12.76,0.5
Bageshwar,Bageshwar_S6,2021-03-01,40.9,14.7,0.5
Bageshwar,Bageshwar_S6,2021-04-01,54.9,13.34,0.5
Bageshwar,Bageshwar_S6,2021-05-01,82.3,15.09,0.5
Bageshwar,Bageshwar_S6,2021-06-01,238.2,15.12,0.5
Bageshwar,Bageshwar_S6,2021-07-01,336.6,20.01,0.5
Bageshwar,Bageshwar_S6,2021-08-01,258.2,22.83,0.5
Bageshwar,Bageshwar_S6,2021-09-01,180.2,20.88,0.5
Bageshwar,Bageshwar_S6,2021-10-01,79.5,18.57,0.5
Bageshwar,Bageshwar_S6,2021-11-01,37.5,15.8,0.5
Bageshwar,Bageshwar_S6,2021-12-01,40.3,14.63,0.5
Bageshwar,Bageshwar_S6,2022-01-01,26.9,13.94,0.5
Bageshwar,Bageshwar_S6,2022-02-01,24.6,14.4,0.5
Bageshwar,Bageshwar_S6,2022-03-01,38.2,13.21,0.5
Bageshwar,Bageshwar_S6,2022-04-01,50.9,14.25,0.5
Bageshwar,Bageshwar_S6,2022-05-01,73.9,14.16,0.5
Bageshwar,Bageshwar_S6,2022-06-01,216.6,14.11,0.5
Bageshwar,Bageshwar_S6,2022-07-01,300.3,18.91,0.5
Bageshwar,Bageshwar_S6,2022-08-01,284.9,21.71,0.5
Bageshwar,Bageshwar_S6,2022-09-01,159.9,20.62,0.5
Bageshwar,Bageshwar_S6,2022-10-01,75.6,17.23,0.5
Bageshwar,Bageshwar_S6,2022-11-01,44.6,14.95,0.5
Bageshwar,Bageshwar_S6,2022-12-01,39.1,13.36,0.5
Bageshwar,Bageshwar_S6,2023-01-01,23.8,11.23,0.5
Bageshwar,Bageshwar_S6,2023-02-01,26.3,13.75,0.5
Bageshwar,Bageshwar_S6,2023-03-01,39.6,12.53,0.5
Bageshwar,Bageshwar_S6,2023-04-01,52.5,12.53,0.5
Bageshwar,Bageshwar_S6,2023-05-01,72.5,12.65,0.5
Bageshwar,Bageshwar_S6,2023-06-01,179.4,13.7,0.5
Bageshwar,Bageshwar_S6,2023-07-01,306.0,16.49,0.5
Bageshwar,Bageshwar_S6,2023-08-01,257.6,19.8,0.5
Bageshwar,Bageshwar_S6,2023-09-01,151.0,18.45,0.5
Bageshwar,Bageshwar_S6,2023-10-01,80.6,16.43,0.5
Bageshwar,Bageshwar_S6,2023-11-01,34.6,15.36,0.5
Bageshwar,Bageshwar_S6,2023-12-01,40.2,13.12,0.5
Bageshwar,Bageshwar_S6,2024-01-01,27.2,13.43,0.5
Bageshwar,Bageshwar_S6,2024-02-01,30.7,12.08,0.5
Bageshwar,Bageshwar_S6,2024-03-01,46.7,12.44,0.5
Bageshwar,Bageshwar_S6,2024-04-01,70.9,13.06,0.5
Bageshwar,Bageshwar_S6,2024-05-01,82.7,12.98,0.5
Bageshwar,Bageshwar_S6,2024-06-01,261.5,13.41,0.5
Bageshwar,Bageshwar_S6,2024-07-01,323.0,19.42,0.5
Bageshwar,Bageshwar_S6,2024-08-01,264.1,21.37,0.5
Bageshwar,Bageshwar_S6,2024-09-01,188.8,18.64,0.5
Bageshwar,Bageshwar_S6,2024-10-01,88.0,15.47,0.5
Bageshwar,Bageshwar_S6,2024-11-01,40.3,13.44,0.5
Bageshwar,Bageshwar_S6,2024-12-01,45.1,11.4,0.5
Bageshwar,Bageshwar_S6,2025-01-01,28.0,12.43,0.5
Bageshwar,Bageshwar_S6,2025-02-01,26.3,12.03,0.5
Bageshwar,Bageshwar_S6,2025-03-01,40.7,11.64,0.5
Bageshwar,Bageshwar_S6,2025-04-01,54.9,12.3,0.5
Bageshwar,Bageshwar_S6,2025-05-01,83.8,12.75,0.5
Bageshwar,Bageshwar_S6,2025-06-01,239.1,13.4,0.5
Bageshwar,Bageshwar_S6,2025-07-01,308.5,16.3,0.5
Bageshwar,Bageshwar_S6,2025-08-01,243.7,18.89,0.5
Bageshwar,Bageshwar_S6,2025-09-01,170.4,17.71,0.5
Bageshwar,Bageshwar_S6,2025-10-01,83.4,16.57,0.5
Bageshwar,Bageshwar_S6,2025-11-01,44.9,12.84,0.5
Bageshwar,Bageshwar_S6,2025-12-01,45.4,12.29,0.5
Rudraprayag,Rudraprayag_S1,2005-01-01,33.4,43.48,0.6
Rudraprayag,Rudraprayag_S1,2005-02-01,37.1,38.41,0.6
Rudraprayag,Rudraprayag_S1,2005-03-01,55.8,37.64,0.6
Rudraprayag,Rudraprayag_S1,2005-04-01,75.4,36.71,0.6
Rudraprayag,Rudraprayag_S1,2005-05-01,105.6,37.57,0.6
Rudraprayag,Rudraprayag_S1,2005-06-01,322.9,40.7,0.6
Rudraprayag,Rudraprayag_S1,2005-07-01,355.1,53.56,0.6
Rudraprayag,Rudraprayag_S1,2005-08-01,397.2,54.72,0.6
Rudraprayag,Rudraprayag_S1,2005-09-01,234.3,54.07,0.6
Rudraprayag,Rudraprayag_S1,2005-10-01,112.8,45.41,0.6
Rudraprayag,Rudraprayag_S1,2005-11-01,49.6,44.86,0.6
Rudraprayag,Rudraprayag_S1,2005-12-01,54.4,35.22,0.6
Rudraprayag,Rudraprayag_S1,2006-01-01,33.3,40.14,0.6
Rudraprayag,Rudraprayag_S1,2006-02-01,35.9,35.84,0.6
Rudraprayag,Rudraprayag_S1,2006-03-01,45.3,35.14,0.6
Rudraprayag,Rudraprayag_S1,2006-04-01,71.8,33.09,0.6
Rudraprayag,Rudraprayag_S1,2006-05-01,102.1,37.48,0.6
Rudraprayag,Rudraprayag_S1,2006-06-01,286.3,43.15,0.6
Rudraprayag,Rudraprayag_S1,2006-07-01,494.3,55.68,0.6
Rudraprayag,Rudraprayag_S1,2006-08-01,414.3,66.33,0.6
Rudraprayag,Rudraprayag_S1,2006-09-01,209.5,56.5,0.6
Rudraprayag,Rudraprayag_S1,2006-10-01,114.1,43.97,0.6
Rudraprayag,Rudraprayag_S1,2006-11-01,58.1,38.05,0.6
Rudraprayag,Rudraprayag_S1,2006-12-01,53.2,38.24,0.6
Rudraprayag,Rudraprayag_S1,2007-01-01,31.5,38.43,0.6
Rudraprayag,Rudraprayag_S1,2007-02-01,27.5,34.35,0.6
Rudraprayag,Rudraprayag_S1,2007-03-01,42.4,33.17,0.6
Rudraprayag,Rudraprayag_S1,2007-04-01,62.5,37.25,0.6
Rudraprayag,Rudraprayag_S1,2007-05-01,93.1,34.05,0.6
Rudraprayag,Rudraprayag_S1,2007-06-01,232.5,37.82,0.6
Rudraprayag,Rudraprayag_S1,2007-07-01,317.3,47.78,0.6
Rudraprayag,Rudraprayag_S1,2007-08-01,305.8,49.84,0.6
Rudraprayag,Rudraprayag_S1,2007-09-01,214.4,49.59,0.6
Rudraprayag,Rudraprayag_S1,2007-10-01,91.8,43.58,0.6
Rudraprayag,Rudraprayag_S1,2007-11-01,52.2,39.82,0.6
Rudraprayag,Rudraprayag_S1,2007-12-01,43.6,37.86,0.6
Rudraprayag,Rudraprayag_S1,2008-01-01,30.0,34.11,0.6
Rudraprayag,Rudraprayag_S1,2008-02-01,32.3,32.52,0.6
Rudraprayag,Rudraprayag_S1,2008-03-01,43.4,32.04,0.6
Rudraprayag,Rudraprayag_S1,2008-04-01,71.3,33.67,0.6
Rudraprayag,Rudraprayag_S1,2008-05-01,80.1,34.38,0.6
Rudraprayag,Rudraprayag_S1,2008-06-01,280.8,35.65,0.6
Rudraprayag,Rudraprayag_S1,2008-07-01,342.0,49.44,0.6
Rudraprayag,Rudraprayag_S1,2008-08-01,322.3,51.12,0.6
Rudraprayag,Rudraprayag_S1,2008-09-01,222.1,50.33,0.6
Rudraprayag,Rudraprayag_S1,2008-10-01,99.0,43.99,0.6
Rudraprayag,Rudraprayag_S1,2008-11-01,43.6,36.0,0.6
Rudraprayag,Rudraprayag_S1,2008-12-01,48.5,32.31,0.6
Rudraprayag,Rudraprayag_S1,2009-01-01,35.7,34.53,0.6
Rudraprayag,Rudraprayag_S1,2009-02-01,44.9,29.52,0.6
Rudraprayag,Rudraprayag_S1,2009-03-01,59.4,35.47,0.6
Rudraprayag,Rudraprayag_S1,2009-04-01,74.1,33.93,0.6
Rudraprayag,Rudraprayag_S1,2009-05-01,107.0,35.59,0.6
Rudraprayag,Rudraprayag_S1,2009-06-01,301.7,37.79,0.6
Rudraprayag,Rudraprayag_S1,2009-07-01,356.4,46.64,0.6
Rudraprayag,Rudraprayag_S1,2009-08-01,371.3,49.23,0.6
Rudraprayag,Rudraprayag_S1,2009-09-01,244.4,49.67,0.6
Rudraprayag,Rudraprayag_S1,2009-10-01,105.3,43.96,0.6
Rudraprayag,Rudraprayag_S1,2009-11-01,61.1,37.19,0.6
Rudraprayag,Rudraprayag_S1,2009-12-01,56.6,32.2,0.6
Rudraprayag,Rudraprayag_S1,2010-01-01,26.4,33.81,0.6
Rudraprayag,Rudraprayag_S1,2010-02-01,27.9,27.26,0.6
Rudraprayag,Rudraprayag_S1,2010-03-01,40.9,30.33,0.6
Rudraprayag,Rudraprayag_S1,2010-04-01,51.2,33.49,0.6
Rudraprayag,Rudraprayag_S1,2010-05-01,82.2,31.91,0.6
Rudraprayag,Rudraprayag_S1,2010-06-01,216.2,32.55,0.6
Rudraprayag,Rudraprayag_S1,2010-07-01,271.3,40.51,0.6
Rudraprayag,Rudraprayag_S1,2010-08-01,265.1,38.24,0.6
Rudraprayag,Rudraprayag_S1,2010-09-01,184.6,42.33,0.6
Rudraprayag,Rudraprayag_S1,2010-10-01,85.1,41.81,0.6
Rudraprayag,Rudraprayag_S1,2010-11-01,40.0,32.75,0.6
Rudraprayag,Rudraprayag_S1,2010-12-01,42.9,30.26,0.6
Rudraprayag,Rudraprayag_S1,2011-01-01,23.6,27.46,0.6
Rudraprayag,Rudraprayag_S1,2011-02-01,25.1,27.44,0.6
Rudraprayag,Rudraprayag_S1,2011-03-01,43.0,31.67,0.6
Rudraprayag,Rudraprayag_S1,2011-04-01,51.8,31.82,0.6
Rudraprayag,Rudraprayag_S1,2011-05-01,75.1,29.28,0.6
Rudraprayag,Rudraprayag_S1,2011-06-01,230.0,31.56,0.6
Rudraprayag,Rudraprayag_S1,2011-07-01,275.0,41.44,0.6
Rudraprayag,Rudraprayag_S1,2011-08-01,301.7,41.37,0.6
Rudraprayag,Rudraprayag_S1,2011-09-01,159.5,40.89,0.6
Rudraprayag,Rudraprayag_S1,2011-10-01,70.6,36.85,0.6
Rudraprayag,Rudraprayag_S1,2011-11-01,37.9,32.85,0.6
Rudraprayag,Rudraprayag_S1,2011-12-01,37.6,30.88,0.6
Rudraprayag,Rudraprayag_S1,2012-01-01,31.9,31.21,0.6
Rudraprayag,Rudraprayag_S1,2012-02-01,27.0,27.21,0.6
Rudraprayag,Rudraprayag_S1,2012-03-01,41.0,29.24,0.6
Rudraprayag,Rudraprayag_S1,2012-04-01,50.8,29.48,0.6
Rudraprayag,Rudraprayag_S1,2012-05-01,75.4,30.23,0.6
Rudraprayag,Rudraprayag_S1,2012-06-01,228.2,31.35,0.6
Rudraprayag,Rudraprayag_S1,2012-07-01,251.1,38.9,0.6
Rudraprayag,Rudraprayag_S1,2012-08-01,239.5,35.17,0.6
Rudraprayag,Rudraprayag_S1,2012-09-01,168.0,43.03,0.6
Rudraprayag,Rudraprayag_S1,2012-10-01,87.6,37.17,0.6
Rudraprayag,Rudraprayag_S1,2012-11-01,38.4,29.62,0.6
Rudraprayag,Rudraprayag_S1,2012-12-01,40.9,29.86,0.6
Rudraprayag,Rudraprayag_S1,2013-01-01,33.2,28.59,0.6
Rudraprayag,Rudraprayag_S1,2013-02-01,26.3,28.15,0.6
Rudraprayag,Rudraprayag_S1,2013-03-01,47.8,27.21,0.6
Rudraprayag,Rudraprayag_S1,2013-04-01,59.3,30.21,0.6
Rudraprayag,Rudraprayag_S1,2013-05-01,97.1,28.78,0.6
Rudraprayag,Rudraprayag_S1,2013-06-01,225.2,30.23,0.6
Rudraprayag,Rudraprayag_S1,2013-07-01,332.0,41.13,0.6
Rudraprayag,Rudraprayag_S1,2013-08-01,298.8,44.27,0.6
Rudraprayag,Rudraprayag_S1,2013-09-01,180.1,42.44,0.6
Rudraprayag,Rudraprayag_S1,2013-10-01,81.1,37.45,0.6
Rudraprayag,Rudraprayag_S1,2013-11-01,43.1,29.71,0.6
Rudraprayag,Rudraprayag_S1,2013-12-01,45.7,27.93,0.6
Rudraprayag,Rudraprayag_S1,2014-01-01,25.9,29.11,0.6
Rudraprayag,Rudraprayag_S1,2014-02-01,22.6,25.42,0.6
Rudraprayag,Rudraprayag_S1,2014-03-01,38.7,27.6,0.6
Rudraprayag,Rudraprayag_S1,2014-04-01,57.5,27.03,0.6
Rudraprayag,Rudraprayag_S1,2014-05-01,84.3,30.28,0.6
Rudraprayag,Rudraprayag_S1,2014-06-01,211.3,31.23,0.6
Rudraprayag,Rudraprayag_S1,2014-07-01,298.2,37.85,0.6
Rudraprayag,Rudraprayag_S1,2014-08-01,248.3,38.27,0.6
Rudraprayag,Rudraprayag_S1,2014-09-01,195.3,38.67,0.6
Rudraprayag,Rudraprayag_S1,2014-10-01,93.0,33.86,0.6
Rudraprayag,Rudraprayag_S1,2014-11-01,40.4,30.44,0.6
Rudraprayag,Rudraprayag_S1,2014-12-01,48.2,24.45,0.6
Rudraprayag,Rudraprayag_S1,2015-01-01,24.2,25.84,0.6
Rudraprayag,Rudraprayag_S1,2015-02-01,25.4,28.26,0.6
Rudraprayag,Rudraprayag_S1,2015-03-01,39.7,27.17,0.6
Rudraprayag,Rudraprayag_S1,2015-04-01,63.8,26.87,0.6
Rudraprayag,Rudraprayag_S1,2015-05-01,79.0,27.25,0.6
Rudraprayag,Rudraprayag_S1,2015-06-01,200.7,27.68,0.6
Rudraprayag,Rudraprayag_S1,2015-07-01,275.0,35.84,0.6
Rudraprayag,Rudraprayag_S1,2015-08-01,294.0,38.57,0.6
Rudraprayag,Rudraprayag_S1,2015-09-01,189.1,43.23,0.6
Rudraprayag,Rudraprayag_S1,2015-10-01,77.7,34.32,0.6
Rudraprayag,Rudraprayag_S1,2015-11-01,34.3,28.93,0.6
Rudraprayag,Rudraprayag_S1,2015-12-01,36.8,24.72,0.6
Rudraprayag,Rudraprayag_S1,2016-01-01,39.8,26.14,0.6
Rudraprayag,Rudraprayag_S1,2016-02-01,37.9,26.95,0.6
Rudraprayag,Rudraprayag_S1,2016-03-01,65.1,26.06,0.6
Rudraprayag,Rudraprayag_S1,2016-04-01,87.3,27.19,0.6
Rudraprayag,Rudraprayag_S1,2016-05-01,112.9,29.4,0.6
Rudraprayag,Rudraprayag_S1,2016-06-01,301.5,32.43,0.6
Rudraprayag,Rudraprayag_S1,2016-07-01,395.9,39.85,0.6
Rudraprayag,Rudraprayag_S1,2016-08-01,368.9,46.72,0.6
Rudraprayag,Rudraprayag_S1,2016-09-01,216.2,44.07,0.6
Rudraprayag,Rudraprayag_S1,2016-10-01,99.7,36.91,0.6
Rudraprayag,Rudraprayag_S1,2016-11-01,48.8,28.24,0.6
Rudraprayag,Rudraprayag_S1,2016-12-01,61.5,26.26,0.6
Rudraprayag,Rudraprayag_S1,2017-01-01,26.6,26.82,0.6
Rudraprayag,Rudraprayag_S1,2017-02-01,21.6,26.0,0.6
Rudraprayag,Rudraprayag_S1,2017-03-01,39.3,25.99,0.6
Rudraprayag,Rudraprayag_S1,2017-04-01,44.6,25.97,0.6
Rudraprayag,Rudraprayag_S1,2017-05-01,60.3,27.15,0.6
Rudraprayag,Rudraprayag_S1,2017-06-01,202.7,25.96,0.6
Rudraprayag,Rudraprayag_S1,2017-07-01,281.1,35.1,0.6
Rudraprayag,Rudraprayag_S1,2017-08-01,213.1,39.25,0.6
Rudraprayag,Rudraprayag_S1,2017-09-01,145.4,35.11,0.6
Rudraprayag,Rudraprayag_S1,2017-10-01,63.9,30.8,0.6
Rudraprayag,Rudraprayag_S1,2017-11-01,34.1,27.52,0.6
Rudraprayag,Rudraprayag_S1,2017-12-01,34.8,23.95,0.6
Rudraprayag,Rudraprayag_S1,2018-01-01,24.3,25.29,0.6
Rudraprayag,Rudraprayag_S1,2018-02-01,27.1,24.85,0.6
Rudraprayag,Rudraprayag_S1,2018-03-01,45.0,22.93,0.6
Rudraprayag,Rudraprayag_S1,2018-04-01,55.9,25.96,0.6
Rudraprayag,Rudraprayag_S1,2018-05-01,83.0,24.2,0.6
Rudraprayag,Rudraprayag_S1,2018-06-01,210.4,26.47,0.6
Rudraprayag,Rudraprayag_S1,2018-07-01,297.4,33.1,0.6
Rudraprayag,Rudraprayag_S1,2018-08-01,316.2,35.71,0.6
Rudraprayag,Rudraprayag_S1,2018-09-01,167.9,38.03,0.6
Rudraprayag,Rudraprayag_S1,2018-10-01,90.2,30.89,0.6
Rudraprayag,Rudraprayag_S1,2018-11-01,42.8,25.95,0.6
Rudraprayag,Rudraprayag_S1,2018-12-01,43.5,25.48,0.6
Rudraprayag,Rudraprayag_S1,2019-01-01,26.0,23.8,0.6
Rudraprayag,Rudraprayag_S1,2019-02-01,26.7,26.6,0.6
Rudraprayag,Rudraprayag_S1,2019-03-01,38.4,23.72,0.6
Rudraprayag,Rudraprayag_S1,2019-04-01,54.8,22.91,0.6
Rudraprayag,Rudraprayag_S1,2019-05-01,83.0,23.8,0.6
Rudraprayag,Rudraprayag_S1,2019-06-01,250.8,27.79,0.6
Rudraprayag,Rudraprayag_S1,2019-07-01,300.3,33.26,0.6
Rudraprayag,Rudraprayag_S1,2019-08-01,226.2,33.69,0.6
Rudraprayag,Rudraprayag_S1,2019-09-01,189.7,34.06,0.6
Rudraprayag,Rudraprayag_S1,2019-10-01,78.8,30.28,0.6
Rudraprayag,Rudraprayag_S1,2019-11-01,46.5,26.62,0.6
Rudraprayag,Rudraprayag_S1,2019-12-01,44.8,25.38,0.6
Rudraprayag,Rudraprayag_S1,2020-01-01,29.3,24.44,0.6
Rudraprayag,Rudraprayag_S1,2020-02-01,26.4,26.14,0.6
Rudraprayag,Rudraprayag_S1,2020-03-01,41.6,21.16,0.6
Rudraprayag,Rudraprayag_S1,2020-04-01,58.5,22.82,0.6
Rudraprayag,Rudraprayag_S1,2020-05-01,90.6,24.18,0.6
Rudraprayag,Rudraprayag_S1,2020-06-01,237.7,28.81,0.6
Rudraprayag,Rudraprayag_S1,2020-07-01,306.8,35.33,0.6
Rudraprayag,Rudraprayag_S1,2020-08-01,332.3,37.71,0.6
Rudraprayag,Rudraprayag_S1,2020-09-01,175.0,35.04,0.6
Rudraprayag,Rudraprayag_S1,2020-10-01,72.5,28.39,0.6
Rudraprayag,Rudraprayag_S1,2020-11-01,36.9,23.74,0.6
Rudraprayag,Rudraprayag_S1,2020-12-01,46.5,22.23,0.6
Rudraprayag,Rudraprayag_S1,2021-01-01,30.0,25.26,0.6
Rudraprayag,Rudraprayag_S1,2021-02-01,28.4,22.44,0.6
Rudraprayag,Rudraprayag_S1,2021-03-01,42.9,22.47,0.6
Rudraprayag,Rudraprayag_S1,2021-04-01,55.6,24.07,0.6
Rudraprayag,Rudraprayag_S1,2021-05-01,92.3,21.71,0.6
Rudraprayag,Rudraprayag_S1,2021-06-01,235.4,25.29,0.6
Rudraprayag,Rudraprayag_S1,2021-07-01,337.6,29.68,0.6
Rudraprayag,Rudraprayag_S1,2021-08-01,304.6,35.24,0.6
Rudraprayag,Rudraprayag_S1,2021-09-01,186.2,33.25,0.6
Rudraprayag,Rudraprayag_S1,2021-10-01,78.6,28.12,0.6
Rudraprayag,Rudraprayag_S1,2021-11-01,39.0,24.61,0.6
Rudraprayag,Rudraprayag_S1,2021-12-01,55.3,22.82,0.6
Rudraprayag,Rudraprayag_S1,2022-01-01,40.6,22.96,0.6
Rudraprayag,Rudraprayag_S1,2022-02-01,34.7,22.95,0.6
Rudraprayag,Rudraprayag_S1,2022-03-01,55.0,21.26,0.6
Rudraprayag,Rudraprayag_S1,2022-04-01,68.5,23.82,0.6
Rudraprayag,Rudraprayag_S1,2022-05-01,98.4,23.32,0.6
Rudraprayag,Rudraprayag_S1,2022-06-01,279.4,24.17,0.6
Rudraprayag,Rudraprayag_S1,2022-07-01,445.9,31.09,0.6
Rudraprayag,Rudraprayag_S1,2022-08-01,391.2,38.86,0.6
Rudraprayag,Rudraprayag_S1,2022-09-01,219.7,40.39,0.6
Rudraprayag,Rudraprayag_S1,2022-10-01,107.2,29.54,0.6
Rudraprayag,Rudraprayag_S1,2022-11-01,58.3,23.42,0.6
Rudraprayag,Rudraprayag_S1,2022-12-01,52.5,23.78,0.6
Rudraprayag,Rudraprayag_S1,2023-01-01,31.3,21.91,0.6
Rudraprayag,Rudraprayag_S1,2023-02-01,31.3,21.81,0.6
Rudraprayag,Rudraprayag_S1,2023-03-01,46.5,20.81,0.6
Rudraprayag,Rudraprayag_S1,2023-04-01,57.5,23.44,0.6
Rudraprayag,Rudraprayag_S1,2023-05-01,87.1,21.78,0.6
Rudraprayag,Rudraprayag_S1,2023-06-01,220.8,25.25,0.6
Rudraprayag,Rudraprayag_S1,2023-07-01,292.2,27.53,0.6
Rudraprayag,Rudraprayag_S1,2023-08-01,300.8,31.45,0.6
Rudraprayag,Rudraprayag_S1,2023-09-01,210.2,34.44,0.6
Rudraprayag,Rudraprayag_S1,2023-10-01,81.0,28.65,0.6
Rudraprayag,Rudraprayag_S1,2023-11-01,46.5,25.7,0.6
Rudraprayag,Rudraprayag_S1,2023-12-01,48.4,21.33,0.6
Rudraprayag,Rudraprayag_S1,2024-01-01,21.3,21.92,0.6
Rudraprayag,Rudraprayag_S1,2024-02-01,24.6,22.45,0.6
Rudraprayag,Rudraprayag_S1,2024-03-01,34.0,19.02,0.6
Rudraprayag,Rudraprayag_S1,2024-04-01,37.0,19.2,0.6
Rudraprayag,Rudraprayag_S1,2024-05-01,68.6,20.14,0.6
Rudraprayag,Rudraprayag_S1,2024-06-01,163.5,23.1,0.6
Rudraprayag,Rudraprayag_S1,2024-07-01,252.3,23.85,0.6
Rudraprayag,Rudraprayag_S1,2024-08-01,205.3,30.3,0.6
Rudraprayag,Rudraprayag_S1,2024-09-01,140.7,28.2,0.6
Rudraprayag,Rudraprayag_S1,2024-10-01,62.4,27.35,0.6
Rudraprayag,Rudraprayag_S1,2024-11-01,32.6,22.82,0.6
Rudraprayag,Rudraprayag_S1,2024-12-01,31.1,20.83,0.6
Rudraprayag,Rudraprayag_S1,2025-01-01,26.3,21.73,0.6
Rudraprayag,Rudraprayag_S1,2025-02-01,30.1,20.65,0.6
Rudraprayag,Rudraprayag_S1,2025-03-01,44.1,19.75,0.6
Rudraprayag,Rudraprayag_S1,2025-04-01,50.5,19.53,0.6
Rudraprayag,Rudraprayag_S1,2025-05-01,93.9,20.32,0.6
Rudraprayag,Rudraprayag_S1,2025-06-01,228.7,22.51,0.6
Rudraprayag,Rudraprayag_S1,2025-07-01,323.1,27.98,0.6
Rudraprayag,Rudraprayag_S1,2025-08-01,307.7,27.99,0.6
Rudraprayag,Rudraprayag_S1,2025-09-01,193.4,30.33,0.6
Rudraprayag,Rudraprayag_S1,2025-10-01,95.1,26.22,0.6
Rudraprayag,Rudraprayag_S1,2025-11-01,42.5,22.95,0.6
Rudraprayag,Rudraprayag_S1,2025-12-01,47.1,21.91,0.6
Rudraprayag,Rudraprayag_S2,2005-01-01,33.4,39.03,0.6
Rudraprayag,Rudraprayag_S2,2005-02-01,37.1,37.7,0.6
Rudraprayag,Rudraprayag_S2,2005-03-01,55.8,35.05,0.6
Rudraprayag,Rudraprayag_S2,2005-04-01,75.4,39.54,0.6
Rudraprayag,Rudraprayag_S2,2005-05-01,105.6,41.93,0.6
Rudraprayag,Rudraprayag_S2,2005-06-01,322.9,38.05,0.6
Rudraprayag,Rudraprayag_S2,2005-07-01,355.1,57.86,0.6
Rudraprayag,Rudraprayag_S2,2005-08-01,397.2,62.22,0.6
Rudraprayag,Rudraprayag_S2,2005-09-01,234.3,64.38,0.6
Rudraprayag,Rudraprayag_S2,2005-10-01,112.8,44.63,0.6
Rudraprayag,Rudraprayag_S2,2005-11-01,49.6,39.6,0.6
Rudraprayag,Rudraprayag_S2,2005-12-01,54.4,34.57,0.6
Rudraprayag,Rudraprayag_S2,2006-01-01,33.3,38.17,0.6
Rudraprayag,Rudraprayag_S2,2006-02-01,35.9,36.41,0.6
Rudraprayag,Rudraprayag_S2,2006-03-01,45.3,30.97,0.6
Rudraprayag,Rudraprayag_S2,2006-04-01,71.8,35.83,0.6
Rudraprayag,Rudraprayag_S2,2006-05-01,102.1,39.65,0.6
Rudraprayag,Rudraprayag_S2,2006-06-01,286.3,40.43,0.6
Rudraprayag,Rudraprayag_S2,2006-07-01,494.3,53.0,0.6
Rudraprayag,Rudraprayag_S2,2006-08-01,414.3,65.47,0.6
Rudraprayag,Rudraprayag_S2,2006-09-01,209.5,57.89,0.6
Rudraprayag,Rudraprayag_S2,2006-10-01,114.1,47.09,0.6
Rudraprayag,Rudraprayag_S2,2006-11-01,58.1,40.69,0.6
Rudraprayag,Rudraprayag_S2,2006-12-01,53.2,37.86,0.6
Rudraprayag,Rudraprayag_S2,2007-01-01,31.5,37.59,0.6
Rudraprayag,Rudraprayag_S2,2007-02-01,27.5,34.95,0.6
Rudraprayag,Rudraprayag_S2,2007-03-01,42.4,36.36,0.6
Rudraprayag,Rudraprayag_S2,2007-04-01,62.5,34.75,0.6
Rudraprayag,Rudraprayag_S2,2007-05-01,93.1,34.05,0.6
Rudraprayag,Rudraprayag_S2,2007-06-01,232.5,39.61,0.6
Rudraprayag,Rudraprayag_S2,2007-07-01,317.3,48.22,0.6
Rudraprayag,Rudraprayag_S2,2007-08-01,305.8,54.81,0.6
Rudraprayag,Rudraprayag_S2,2007-09-01,214.4,49.3,0.6
Rudraprayag,Rudraprayag_S2,2007-10-01,91.8,50.62,0.6
Rudraprayag,Rudraprayag_S2,2007-11-01,52.2,39.61,0.6
Rudraprayag,Rudraprayag_S2,2007-12-01,43.6,35.05,0.6
Rudraprayag,Rudraprayag_S2,2008-01-01,30.0,33.3,0.6
Rudraprayag,Rudraprayag_S2,2008-02-01,32.3,35.8,0.6
Rudraprayag,Rudraprayag_S2,2008-03-01,43.4,32.19,0.6
Rudraprayag,Rudraprayag_S2,2008-04-01,71.3,38.66,0.6
Rudraprayag,Rudraprayag_S2,2008-05-01,80.1,35.38,0.6
Rudraprayag,Rudraprayag_S2,2008-06-01,280.8,40.2,0.6
Rudraprayag,Rudraprayag_S2,2008-07-01,342.0,49.61,0.6
Rudraprayag,Rudraprayag_S2,2008-08-01,322.3,58.24,0.6
Rudraprayag,Rudraprayag_S2,2008-09-01,222.1,50.66,0.6
Rudraprayag,Rudraprayag_S2,2008-10-01,99.0,46.03,0.6
Rudraprayag,Rudraprayag_S2,2008-11-01,43.6,39.44,0.6
Rudraprayag,Rudraprayag_S2,2008-12-01,48.5,35.39,0.6
Rudraprayag,Rudraprayag_S2,2009-01-01,35.7,36.42,0.6
Rudraprayag,Rudraprayag_S2,2009-02-01,44.9,32.81,0.6
Rudraprayag,Rudraprayag_S2,2009-03-01,59.4,34.31,0.6
Rudraprayag,Rudraprayag_S2,2009-04-01,74.1,37.22,0.6
Rudraprayag,Rudraprayag_S2,2009-05-01,107.0,34.65,0.6
Rudraprayag,Rudraprayag_S2,2009-06-01,301.7,39.04,0.6
Rudraprayag,Rudraprayag_S2,2009-07-01,356.4,49.8,0.6
Rudraprayag,Rudraprayag_S2,2009-08-01,371.3,54.31,0.6
Rudraprayag,Rudraprayag_S2,2009-09-01,244.4,54.84,0.6
Rudraprayag,Rudraprayag_S2,2009-10-01,105.3,44.61,0.6
Rudraprayag,Rudraprayag_S2,2009-11-01,61.1,37.03,0.6
Rudraprayag,Rudraprayag_S2,2009-12-01,56.6,34.9,0.6
Rudraprayag,Rudraprayag_S2,2010-01-01,26.4,34.12,0.6
Rudraprayag,Rudraprayag_S2,2010-02-01,27.9,34.88,0.6
Rudraprayag,Rudraprayag_S2,2010-03-01,40.9,34.0,0.6
Rudraprayag,Rudraprayag_S2,2010-04-01,51.2,33.61,0.6
Rudraprayag,Rudraprayag_S2,2010-05-01,82.2,32.43,0.6
Rudraprayag,Rudraprayag_S2,2010-06-01,216.2,34.14,0.6
Rudraprayag,Rudraprayag_S2,2010-07-01,271.3,48.27,0.6
Rudraprayag,Rudraprayag_S2,2010-08-01,265.1,44.92,0.6
Rudraprayag,Rudraprayag_S2,2010-09-01,184.6,47.1,0.6
Rudraprayag,Rudraprayag_S2,2010-10-01,85.1,42.49,0.6
Rudraprayag,Rudraprayag_S2,2010-11-01,40.0,34.92,0.6
Rudraprayag,Rudraprayag_S2,2010-12-01,42.9,30.97,0.6
Rudraprayag,Rudraprayag_S2,2011-01-01,23.6,31.45,0.6
Rudraprayag,Rudraprayag_S2,2011-02-01,25.1,30.62,0.6
Rudraprayag,Rudraprayag_S2,2011-03-01,43.0,30.4,0.6
Rudraprayag,Rudraprayag_S2,2011-04-01,51.8,34.72,0.6
Rudraprayag,Rudraprayag_S2,2011-05-01,75.1,33.03,0.6
Rudraprayag,Rudraprayag_S2,2011-06-01,230.0,33.52,0.6
Rudraprayag,Rudraprayag_S2,2011-07-01,275.0,44.09,0.6
Rudraprayag,Rudraprayag_S2,2011-08-01,301.7,48.09,0.6
Rudraprayag,Rudraprayag_S2,2011-09-01,159.5,47.25,0.6
Rudraprayag,Rudraprayag_S2,2011-10-01,70.6,41.1,0.6
Rudraprayag,Rudraprayag_S2,2011-11-01,37.9,31.69,0.6
Rudraprayag,Rudraprayag_S2,2011-12-01,37.6,33.65,0.6
Rudraprayag,Rudraprayag_S2,2012-01-01,31.9,31.71,0.6
Rudraprayag,Rudraprayag_S2,2012-02-01,27.0,31.24,0.6
Rudraprayag,Rudraprayag_S2,2012-03-01,41.0,29.9,0.6
Rudraprayag,Rudraprayag_S2,2012-04-01,50.8,29.81,0.6
Rudraprayag,Rudraprayag_S2,2012-05-01,75.4,29.6,0.6
Rudraprayag,Rudraprayag_S2,2012-06-01,228.2,32.43,0.6
Rudraprayag,Rudraprayag_S2,2012-07-01,251.1,44.09,0.6
Rudraprayag,Rudraprayag_S2,2012-08-01,239.5,42.0,0.6
Rudraprayag,Rudraprayag_S2,2012-09-01,168.0,40.0,0.6
Rudraprayag,Rudraprayag_S2,2012-10-01,87.6,37.23,0.6
Rudraprayag,Rudraprayag_S2,2012-11-01,38.4,33.49,0.6
Rudraprayag,Rudraprayag_S2,2012-12-01,40.9,30.61,0.6
Rudraprayag,Rudraprayag_S2,2013-01-01,33.2,31.04,0.6
Rudraprayag,Rudraprayag_S2,2013-02-01,26.3,32.33,0.6
Rudraprayag,Rudraprayag_S2,2013-03-01,47.8,32.16,0.6
Rudraprayag,Rudraprayag_S2,2013-04-01,59.3,34.65,0.6
Rudraprayag,Rudraprayag_S2,2013-05-01,97.1,29.5,0.6
Rudraprayag,Rudraprayag_S2,2013-06-01,225.2,32.81,0.6
Rudraprayag,Rudraprayag_S2,2013-07-01,332.0,43.21,0.6
Rudraprayag,Rudraprayag_S2,2013-08-01,298.8,46.85,0.6
Rudraprayag,Rudraprayag_S2,2013-09-01,180.1,47.89,0.6
Rudraprayag,Rudraprayag_S2,2013-10-01,81.1,39.29,0.6
Rudraprayag,Rudraprayag_S2,2013-11-01,43.1,35.65,0.6
Rudraprayag,Rudraprayag_S2,2013-12-01,45.7,32.38,0.6
Rudraprayag,Rudraprayag_S2,2014-01-01,25.9,32.5,0.6
Rudraprayag,Rudraprayag_S2,2014-02-01,22.6,29.05,0.6
Rudraprayag,Rudraprayag_S2,2014-03-01,38.7,29.28,0.6
Rudraprayag,Rudraprayag_S2,2014-04-01,57.5,29.84,0.6
Rudraprayag,Rudraprayag_S2,2014-05-01,84.3,28.98,0.6
Rudraprayag,Rudraprayag_S2,2014-06-01,211.3,35.24,0.6
Rudraprayag,Rudraprayag_S2,2014-07-01,298.2,41.56,0.6
Rudraprayag,Rudraprayag_S2,2014-08-01,248.3,44.22,0.6
Rudraprayag,Rudraprayag_S2,2014-09-01,195.3,44.79,0.6
Rudraprayag,Rudraprayag_S2,2014-10-01,93.0,37.72,0.6
Rudraprayag,Rudraprayag_S2,2014-11-01,40.4,29.99,0.6
Rudraprayag,Rudraprayag_S2,2014-12-01,48.2,31.48,0.6
Rudraprayag,Rudraprayag_S2,2015-01-01,24.2,28.42,0.6
Rudraprayag,Rudraprayag_S2,2015-02-01,25.4,28.66,0.6
Rudraprayag,Rudraprayag_S2,2015-03-01,39.7,29.26,0.6
Rudraprayag,Rudraprayag_S2,2015-04-01,63.8,30.29,0.6
Rudraprayag,Rudraprayag_S2,2015-05-01,79.0,32.35,0.6
Rudraprayag,Rudraprayag_S2,2015-06-01,200.7,32.76,0.6
Rudraprayag,Rudraprayag_S2,2015-07-01,275.0,39.69,0.6
Rudraprayag,Rudraprayag_S2,2015-08-01,294.0,41.05,0.6
Rudraprayag,Rudraprayag_S2,2015-09-01,189.1,44.37,0.6
Rudraprayag,Rudraprayag_S2,2015-10-01,77.7,34.93,0.6
Rudraprayag,Rudraprayag_S2,2015-11-01,34.3,33.94,0.6
Rudraprayag,Rudraprayag_S2,2015-12-01,36.8,26.97,0.6
Rudraprayag,Rudraprayag_S2,2016-01-01,39.8,28.58,0.6
Rudraprayag,Rudraprayag_S2,2016-02-01,37.9,27.28,0.6
Rudraprayag,Rudraprayag_S2,2016-03-01,65.1,27.99,0.6
Rudraprayag,Rudraprayag_S2,2016-04-01,87.3,30.52,0.6
Rudraprayag,Rudraprayag_S2,2016-05-01,112.9,30.84,0.6
Rudraprayag,Rudraprayag_S2,2016-06-01,301.5,34.93,0.6
Rudraprayag,Rudraprayag_S2,2016-07-01,395.9,43.87,0.6
Rudraprayag,Rudraprayag_S2,2016-08-01,368.9,47.37,0.6
Rudraprayag,Rudraprayag_S2,2016-09-01,216.2,46.61,0.6
Rudraprayag,Rudraprayag_S2,2016-10-01,99.7,40.81,0.6
Rudraprayag,Rudraprayag_S2,2016-11-01,48.8,33.48,0.6
Rudraprayag,Rudraprayag_S2,2016-12-01,61.5,27.52,0.6
Rudraprayag,Rudraprayag_S2,2017-01-01,26.6,28.81,0.6
Rudraprayag,Rudraprayag_S2,2017-02-01,21.6,28.53,0.6
Rudraprayag,Rudraprayag_S2,2017-03-01,39.3,28.04,0.6
Rudraprayag,Rudraprayag_S2,2017-04-01,44.6,26.96,0.6
Rudraprayag,Rudraprayag_S2,2017-05-01,60.3,29.77,0.6
Rudraprayag,Rudraprayag_S2,2017-06-01,202.7,28.18,0.6
Rudraprayag,Rudraprayag_S2,2017-07-01,281.1,39.55,0.6
Rudraprayag,Rudraprayag_S2,2017-08-01,213.1,42.38,0.6
Rudraprayag,Rudraprayag_S2,2017-09-01,145.4,35.43,0.6
Rudraprayag,Rudraprayag_S2,2017-10-01,63.9,32.96,0.6
Rudraprayag,Rudraprayag_S2,2017-11-01,34.1,28.63,0.6
Rudraprayag,Rudraprayag_S2,2017-12-01,34.8,28.0,0.6
Rudraprayag,Rudraprayag_S2,2018-01-01,24.3,27.48,0.6
Rudraprayag,Rudraprayag_S2,2018-02-01,27.1,25.6,0.6
Rudraprayag,Rudraprayag_S2,2018-03-01,45.0,25.36,0.6
Rudraprayag,Rudraprayag_S2,2018-04-01,55.9,28.94,0.6
Rudraprayag,Rudraprayag_S2,2018-05-01,83.0,29.1,0.6
Rudraprayag,Rudraprayag_S2,2018-06-01,210.4,30.24,0.6
Rudraprayag,Rudraprayag_S2,2018-07-01,297.4,37.25,0.6
Rudraprayag,Rudraprayag_S2,2018-08-01,316.2,40.0,0.6
Rudraprayag,Rudraprayag_S2,2018-09-01,167.9,42.58,0.6
Rudraprayag,Rudraprayag_S2,2018-10-01,90.2,38.68,0.6
Rudraprayag,Rudraprayag_S2,2018-11-01,42.8,31.96,0.6
Rudraprayag,Rudraprayag_S2,2018-12-01,43.5,27.25,0.6
Rudraprayag,Rudraprayag_S2,2019-01-01,26.0,26.91,0.6
Rudraprayag,Rudraprayag_S2,2019-02-01,26.7,22.86,0.6
Rudraprayag,Rudraprayag_S2,2019-03-01,38.4,28.09,0.6
Rudraprayag,Rudraprayag_S2,2019-04-01,54.8,28.3,0.6
Rudraprayag,Rudraprayag_S2,2019-05-01,83.0,27.27,0.6
Rudraprayag,Rudraprayag_S2,2019-06-01,250.8,27.34,0.6
Rudraprayag,Rudraprayag_S2,2019-07-01,300.3,35.87,0.6
Rudraprayag,Rudraprayag_S2,2019-08-01,226.2,41.46,0.6
Rudraprayag,Rudraprayag_S2,2019-09-01,189.7,36.5,0.6
Rudraprayag,Rudraprayag_S2,2019-10-01,78.8,35.93,0.6
Rudraprayag,Rudraprayag_S2,2019-11-01,46.5,29.09,0.6
Rudraprayag,Rudraprayag_S2,2019-12-01,44.8,28.58,0.6
Rudraprayag,Rudraprayag_S2,2020-01-01,29.3,27.62,0.6
Rudraprayag,Rudraprayag_S2,2020-02-01,26.4,27.38,0.6
Rudraprayag,Rudraprayag_S2,2020-03-01,41.6,23.36,0.6
Rudraprayag,Rudraprayag_S2,2020-04-01,58.5,25.16,0.6
Rudraprayag,Rudraprayag_S2,2020-05-01,90.6,27.12,0.6
Rudraprayag,Rudraprayag_S2,2020-06-01,237.7,30.78,0.6
Rudraprayag,Rudraprayag_S2,2020-07-01,306.8,40.05,0.6
Rudraprayag,Rudraprayag_S2,2020-08-01,332.3,39.71,0.6
Rudraprayag,Rudraprayag_S2,2020-09-01,175.0,39.99,0.6
Rudraprayag,Rudraprayag_S2,2020-10-01,72.5,30.0,0.6
Rudraprayag,Rudraprayag_S2,2020-11-01,36.9,29.25,0.6
Rudraprayag,Rudraprayag_S2,2020-12-01,46.5,25.48,0.6
Rudraprayag,Rudraprayag_S2,2021-01-01,30.0,30.58,0.6
Rudraprayag,Rudraprayag_S2,2021-02-01,28.4,24.82,0.6
Rudraprayag,Rudraprayag_S2,2021-03-01,42.9,28.34,0.6
Rudraprayag,Rudraprayag_S2,2021-04-01,55.6,27.3,0.6
Rudraprayag,Rudraprayag_S2,2021-05-01,92.3,25.52,0.6
Rudraprayag,Rudraprayag_S2,2021-06-01,235.4,29.01,0.6
Rudraprayag,Rudraprayag_S2,2021-07-01,337.6,37.1,0.6
Rudraprayag,Rudraprayag_S2,2021-08-01,304.6,40.26,0.6
Rudraprayag,Rudraprayag_S2,2021-09-01,186.2,40.65,0.6
Rudraprayag,Rudraprayag_S2,2021-10-01,78.6,34.46,0.6
Rudraprayag,Rudraprayag_S2,2021-11-01,39.0,28.58,0.6
Rudraprayag,Rudraprayag_S2,2021-12-01,55.3,25.73,0.6
Rudraprayag,Rudraprayag_S2,2022-01-01,40.6,24.95,0.6
Rudraprayag,Rudraprayag_S2,2022-02-01,34.7,25.64,0.6
Rudraprayag,Rudraprayag_S2,2022-03-01,55.0,25.63,0.6
Rudraprayag,Rudraprayag_S2,2022-04-01,68.5,23.88,0.6
Rudraprayag,Rudraprayag_S2,2022-05-01,98.4,27.19,0.6
Rudraprayag,Rudraprayag_S2,2022-06-01,279.4,28.23,0.6
Rudraprayag,Rudraprayag_S2,2022-07-01,445.9,34.7,0.6
Rudraprayag,Rudraprayag_S2,2022-08-01,391.2,44.36,0.6
Rudraprayag,Rudraprayag_S2,2022-09-01,219.7,41.72,0.6
Rudraprayag,Rudraprayag_S2,2022-10-01,107.2,37.31,0.6
Rudraprayag,Rudraprayag_S2,2022-11-01,58.3,28.86,0.6
Rudraprayag,Rudraprayag_S2,2022-12-01,52.5,27.5,0.6
Rudraprayag,Rudraprayag_S2,2023-01-01,31.3,25.66,0.6
Rudraprayag,Rudraprayag_S2,2023-02-01,31.3,22.44,0.6
Rudraprayag,Rudraprayag_S2,2023-03-01,46.5,25.54,0.6
Rudraprayag,Rudraprayag_S2,2023-04-01,57.5,24.56,0.6
Rudraprayag,Rudraprayag_S2,2023-05-01,87.1,25.44,0.6
Rudraprayag,Rudraprayag_S2,2023-06-01,220.8,25.8,0.6
Rudraprayag,Rudraprayag_S2,2023-07-01,292.2,33.66,0.6
Rudraprayag,Rudraprayag_S2,2023-08-01,300.8,38.83,0.6
Rudraprayag,Rudraprayag_S2,2023-09-01,210.2,38.94,0.6
Rudraprayag,Rudraprayag_S2,2023-10-01,81.0,35.47,0.6
Rudraprayag,Rudraprayag_S2,2023-11-01,46.5,29.02,0.6
Rudraprayag,Rudraprayag_S2,2023-12-01,48.4,22.48,0.6
Rudraprayag,Rudraprayag_S2,2024-01-01,21.3,23.58,0.6
Rudraprayag,Rudraprayag_S2,2024-02-01,24.6,21.62,0.6
Rudraprayag,Rudraprayag_S2,2024-03-01,34.0,24.63,0.6
Rudraprayag,Rudraprayag_S2,2024-04-01,37.0,23.44,0.6
Rudraprayag,Rudraprayag_S2,2024-05-01,68.6,23.77,0.6
Rudraprayag,Rudraprayag_S2,2024-06-01,163.5,25.52,0.6
Rudraprayag,Rudraprayag_S2,2024-07-01,252.3,30.75,0.6
Rudraprayag,Rudraprayag_S2,2024-08-01,205.3,31.7,0.6
Rudraprayag,Rudraprayag_S2,2024-09-01,140.7,29.99,0.6
Rudraprayag,Rudraprayag_S2,2024-10-01,62.4,28.96,0.6
Rudraprayag,Rudraprayag_S2,2024-11-01,32.6,26.8,0.6
Rudraprayag,Rudraprayag_S2,2024-12-01,31.1,23.84,0.6
Rudraprayag,Rudraprayag_S2,2025-01-01,26.3,22.82,0.6
Rudraprayag,Rudraprayag_S2,2025-02-01,30.1,20.97,0.6
Rudraprayag,Rudraprayag_S2,2025-03-01,44.1,24.75,0.6
Rudraprayag,Rudraprayag_S2,2025-04-01,50.5,23.34,0.6
Rudraprayag,Rudraprayag_S2,2025-05-01,93.9,23.07,0.6
Rudraprayag,Rudraprayag_S2,2025-06-01,228.7,24.15,0.6
Rudraprayag,Rudraprayag_S2,2025-07-01,323.1,30.16,0.6
Rudraprayag,Rudraprayag_S2,2025-08-01,307.7,34.97,0.6
Rudraprayag,Rudraprayag_S2,2025-09-01,193.4,35.54,0.6
Rudraprayag,Rudraprayag_S2,2025-10-01,95.1,28.88,0.6
Rudraprayag,Rudraprayag_S2,2025-11-01,42.5,26.48,0.6
Rudraprayag,Rudraprayag_S2,2025-12-01,47.1,23.52,0.6
Rudraprayag,Rudraprayag_S3,2005-01-01,33.4,53.63,0.6
Rudraprayag,Rudraprayag_S3,2005-02-01,37.1,45.57,0.6
Rudraprayag,Rudraprayag_S3,2005-03-01,55.8,43.09,0.6
Rudraprayag,Rudraprayag_S3,2005-04-01,75.4,47.22,0.6
Rudraprayag,Rudraprayag_S3,2005-05-01,105.6,50.5,0.6
Rudraprayag,Rudraprayag_S3,2005-06-01,322.9,51.42,0.6
Rudraprayag,Rudraprayag_S3,2005-07-01,355.1,74.74,0.6
Rudraprayag,Rudraprayag_S3,2005-08-01,397.2,64.68,0.6
Rudraprayag,Rudraprayag_S3,2005-09-01,234.3,72.91,0.6
Rudraprayag,Rudraprayag_S3,2005-10-01,112.8,66.54,0.6
Rudraprayag,Rudraprayag_S3,2005-11-01,49.6,53.78,0.6
Rudraprayag,Rudraprayag_S3,2005-12-01,54.4,47.17,0.6
Rudraprayag,Rudraprayag_S3,2006-01-01,33.3,49.13,0.6
Rudraprayag,Rudraprayag_S3,2006-02-01,35.9,40.15,0.6
Rudraprayag,Rudraprayag_S3,2006-03-01,45.3,46.34,0.6
Rudraprayag,Rudraprayag_S3,2006-04-01,71.8,47.71,0.6
Rudraprayag,Rudraprayag_S3,2006-05-01,102.1,45.93,0.6
Rudraprayag,Rudraprayag_S3,2006-06-01,286.3,56.59,0.6
Rudraprayag,Rudraprayag_S3,2006-07-01,494.3,66.25,0.6
Rudraprayag,Rudraprayag_S3,2006-08-01,414.3,74.05,0.6
Rudraprayag,Rudraprayag_S3,2006-09-01,209.5,77.72,0.6
Rudraprayag,Rudraprayag_S3,2006-10-01,114.1,56.7,0.6
Rudraprayag,Rudraprayag_S3,2006-11-01,58.1,53.62,0.6
Rudraprayag,Rudraprayag_S3,2006-12-01,53.2,47.13,0.6
Rudraprayag,Rudraprayag_S3,2007-01-01,31.5,44.03,0.6
Rudraprayag,Rudraprayag_S3,2007-02-01,27.5,46.76,0.6
Rudraprayag,Rudraprayag_S3,2007-03-01,42.4,45.12,0.6
Rudraprayag,Rudraprayag_S3,2007-04-01,62.5,42.45,0.6
Rudraprayag,Rudraprayag_S3,2007-05-01,93.1,45.56,0.6
Rudraprayag,Rudraprayag_S3,2007-06-01,232.5,49.66,0.6
Rudraprayag,Rudraprayag_S3,2007-07-01,317.3,58.89,0.6
Rudraprayag,Rudraprayag_S3,2007-08-01,305.8,65.86,0.6
Rudraprayag,Rudraprayag_S3,2007-09-01,214.4,66.05,0.6
Rudraprayag,Rudraprayag_S3,2007-10-01,91.8,55.12,0.6
Rudraprayag,Rudraprayag_S3,2007-11-01,52.2,42.6,0.6
Rudraprayag,Rudraprayag_S3,2007-12-01,43.6,45.13,0.6
Rudraprayag,Rudraprayag_S3,2008-01-01,30.0,39.47,0.6
Rudraprayag,Rudraprayag_S3,2008-02-01,32.3,40.52,0.6
Rudraprayag,Rudraprayag_S3,2008-03-01,43.4,38.98,0.6
Rudraprayag,Rudraprayag_S3,2008-04-01,71.3,40.02,0.6
Rudraprayag,Rudraprayag_S3,2008-05-01,80.1,46.83,0.6
Rudraprayag,Rudraprayag_S3,2008-06-01,280.8,46.0,0.6
Rudraprayag,Rudraprayag_S3,2008-07-01,342.0,62.13,0.6
Rudraprayag,Rudraprayag_S3,2008-08-01,322.3,63.41,0.6
Rudraprayag,Rudraprayag_S3,2008-09-01,222.1,63.99,0.6
Rudraprayag,Rudraprayag_S3,2008-10-01,99.0,58.95,0.6
Rudraprayag,Rudraprayag_S3,2008-11-01,43.6,47.6,0.6
Rudraprayag,Rudraprayag_S3,2008-12-01,48.5,44.91,0.6
Rudraprayag,Rudraprayag_S3,2009-01-01,35.7,45.58,0.6
Rudraprayag,Rudraprayag_S3,2009-02-01,44.9,41.84,0.6
Rudraprayag,Rudraprayag_S3,2009-03-01,59.4,39.07,0.6
Rudraprayag,Rudraprayag_S3,2009-04-01,74.1,42.5,0.6
Rudraprayag,Rudraprayag_S3,2009-05-01,107.0,45.09,0.6
Rudraprayag,Rudraprayag_S3,2009-06-01,301.7,46.04,0.6
Rudraprayag,Rudraprayag_S3,2009-07-01,356.4,60.21,0.6
Rudraprayag,Rudraprayag_S3,2009-08-01,371.3,68.11,0.6
Rudraprayag,Rudraprayag_S3,2009-09-01,244.4,77.36,0.6
Rudraprayag,Rudraprayag_S3,2009-10-01,105.3,57.24,0.6
Rudraprayag,Rudraprayag_S3,2009-11-01,61.1,47.42,0.6
Rudraprayag,Rudraprayag_S3,2009-12-01,56.6,40.93,0.6
Rudraprayag,Rudraprayag_S3,2010-01-01,26.4,46.08,0.6
Rudraprayag,Rudraprayag_S3,2010-02-01,27.9,42.7,0.6
Rudraprayag,Rudraprayag_S3,2010-03-01,40.9,42.62,0.6
Rudraprayag,Rudraprayag_S3,2010-04-01,51.2,44.81,0.6
Rudraprayag,Rudraprayag_S3,2010-05-01,82.2,41.8,0.6
Rudraprayag,Rudraprayag_S3,2010-06-01,216.2,44.43,0.6
Rudraprayag,Rudraprayag_S3,2010-07-01,271.3,60.45,0.6
Rudraprayag,Rudraprayag_S3,2010-08-01,265.1,61.88,0.6
Rudraprayag,Rudraprayag_S3,2010-09-01,184.6,52.81,0.6
Rudraprayag,Rudraprayag_S3,2010-10-01,85.1,54.16,0.6
Rudraprayag,Rudraprayag_S3,2010-11-01,40.0,43.72,0.6
Rudraprayag,Rudraprayag_S3,2010-12-01,42.9,43.26,0.6
Rudraprayag,Rudraprayag_S3,2011-01-01,23.6,42.42,0.6
Rudraprayag,Rudraprayag_S3,2011-02-01,25.1,36.52,0.6
Rudraprayag,Rudraprayag_S3,2011-03-01,43.0,40.59,0.6
Rudraprayag,Rudraprayag_S3,2011-04-01,51.8,41.84,0.6
Rudraprayag,Rudraprayag_S3,2011-05-01,75.1,42.8,0.6
Rudraprayag,Rudraprayag_S3,2011-06-01,230.0,45.05,0.6
Rudraprayag,Rudraprayag_S3,2011-07-01,275.0,60.0,0.6
Rudraprayag,Rudraprayag_S3,2011-08-01,301.7,60.48,0.6
Rudraprayag,Rudraprayag_S3,2011-09-01,159.5,61.31,0.6
Rudraprayag,Rudraprayag_S3,2011-10-01,70.6,52.98,0.6
Rudraprayag,Rudraprayag_S3,2011-11-01,37.9,47.96,0.6
Rudraprayag,Rudraprayag_S3,2011-12-01,37.6,42.39,0.6
Rudraprayag,Rudraprayag_S3,2012-01-01,31.9,40.87,0.6
Rudraprayag,Rudraprayag_S3,2012-02-01,27.0,40.82,0.6
Rudraprayag,Rudraprayag_S3,2012-03-01,41.0,40.03,0.6
Rudraprayag,Rudraprayag_S3,2012-04-01,50.8,40.58,0.6
Rudraprayag,Rudraprayag_S3,2012-05-01,75.4,45.7,0.6
Rudraprayag,Rudraprayag_S3,2012-06-01,228.2,41.46,0.6
Rudraprayag,Rudraprayag_S3,2012-07-01,251.1,57.9,0.6
Rudraprayag,Rudraprayag_S3,2012-08-01,239.5,56.06,0.6
Rudraprayag,Rudraprayag_S3,2012-09-01,168.0,51.34,0.6
Rudraprayag,Rudraprayag_S3,2012-10-01,87.6,49.43,0.6
Rudraprayag,Rudraprayag_S3,2012-11-01,38.4,42.5,0.6
Rudraprayag,Rudraprayag_S3,2012-12-01,40.9,41.03,0.6
Rudraprayag,Rudraprayag_S3,2013-01-01,33.2,40.2,0.6
Rudraprayag,Rudraprayag_S3,2013-02-01,26.3,37.37,0.6
Rudraprayag,Rudraprayag_S3,2013-03-01,47.8,41.65,0.6
Rudraprayag,Rudraprayag_S3,2013-04-01,59.3,42.57,0.6
Rudraprayag,Rudraprayag_S3,2013-05-01,97.1,44.45,0.6
Rudraprayag,Rudraprayag_S3,2013-06-01,225.2,44.5,0.6
Rudraprayag,Rudraprayag_S3,2013-07-01,332.0,53.48,0.6
Rudraprayag,Rudraprayag_S3,2013-08-01,298.8,63.71,0.6
Rudraprayag,Rudraprayag_S3,2013-09-01,180.1,57.26,0.6
Rudraprayag,Rudraprayag_S3,2013-10-01,81.1,50.29,0.6
Rudraprayag,Rudraprayag_S3,2013-11-01,43.1,42.09,0.6
Rudraprayag,Rudraprayag_S3,2013-12-01,45.7,36.67,0.6
Rudraprayag,Rudraprayag_S3,2014-01-01,25.9,39.95,0.6
Rudraprayag,Rudraprayag_S3,2014-02-01,22.6,37.32,0.6
Rudraprayag,Rudraprayag_S3,2014-03-01,38.7,37.4,0.6
Rudraprayag,Rudraprayag_S3,2014-04-01,57.5,39.72,0.6
Rudraprayag,Rudraprayag_S3,2014-05-01,84.3,42.92,0.6
Rudraprayag,Rudraprayag_S3,2014-06-01,211.3,40.49,0.6
Rudraprayag,Rudraprayag_S3,2014-07-01,298.2,50.77,0.6
Rudraprayag,Rudraprayag_S3,2014-08-01,248.3,55.78,0.6
Rudraprayag,Rudraprayag_S3,2014-09-01,195.3,51.98,0.6
Rudraprayag,Rudraprayag_S3,2014-10-01,93.0,48.74,0.6
Rudraprayag,Rudraprayag_S3,2014-11-01,40.4,42.2,0.6
Rudraprayag,Rudraprayag_S3,2014-12-01,48.2,39.82,0.6
Rudraprayag,Rudraprayag_S3,2015-01-01,24.2,39.83,0.6
Rudraprayag,Rudraprayag_S3,2015-02-01,25.4,35.42,0.6
Rudraprayag,Rudraprayag_S3,2015-03-01,39.7,39.85,0.6
Rudraprayag,Rudraprayag_S3,2015-04-01,63.8,40.23,0.6
Rudraprayag,Rudraprayag_S3,2015-05-01,79.0,38.32,0.6
Rudraprayag,Rudraprayag_S3,2015-06-01,200.7,43.7,0.6
Rudraprayag,Rudraprayag_S3,2015-07-01,275.0,50.8,0.6
Rudraprayag,Rudraprayag_S3,2015-08-01,294.0,54.89,0.6
Rudraprayag,Rudraprayag_S3,2015-09-01,189.1,57.64,0.6
Rudraprayag,Rudraprayag_S3,2015-10-01,77.7,48.87,0.6
Rudraprayag,Rudraprayag_S3,2015-11-01,34.3,41.9,0.6
Rudraprayag,Rudraprayag_S3,2015-12-01,36.8,37.95,0.6
Rudraprayag,Rudraprayag_S3,2016-01-01,39.8,37.08,0.6
Rudraprayag,Rudraprayag_S3,2016-02-01,37.9,34.04,0.6
Rudraprayag,Rudraprayag_S3,2016-03-01,65.1,38.69,0.6
Rudraprayag,Rudraprayag_S3,2016-04-01,87.3,38.85,0.6
Rudraprayag,Rudraprayag_S3,2016-05-01,112.9,42.73,0.6
Rudraprayag,Rudraprayag_S3,2016-06-01,301.5,43.94,0.6
Rudraprayag,Rudraprayag_S3,2016-07-01,395.9,55.38,0.6
Rudraprayag,Rudraprayag_S3,2016-08-01,368.9,66.25,0.6
Rudraprayag,Rudraprayag_S3,2016-09-01,216.2,61.64,0.6
Rudraprayag,Rudraprayag_S3,2016-10-01,99.7,50.44,0.6
Rudraprayag,Rudraprayag_S3,2016-11-01,48.8,41.38,0.6
Rudraprayag,Rudraprayag_S3,2016-12-01,61.5,41.18,0.6
Rudraprayag,Rudraprayag_S3,2017-01-01,26.6,37.45,0.6
Rudraprayag,Rudraprayag_S3,2017-02-01,21.6,35.71,0.6
Rudraprayag,Rudraprayag_S3,2017-03-01,39.3,33.68,0.6
Rudraprayag,Rudraprayag_S3,2017-04-01,44.6,38.44,0.6
Rudraprayag,Rudraprayag_S3,2017-05-01,60.3,36.33,0.6
Rudraprayag,Rudraprayag_S3,2017-06-01,202.7,37.56,0.6
Rudraprayag,Rudraprayag_S3,2017-07-01,281.1,47.19,0.6
Rudraprayag,Rudraprayag_S3,2017-08-01,213.1,54.05,0.6
Rudraprayag,Rudraprayag_S3,2017-09-01,145.4,45.97,0.6
Rudraprayag,Rudraprayag_S3,2017-10-01,63.9,39.26,0.6
Rudraprayag,Rudraprayag_S3,2017-11-01,34.1,39.33,0.6
Rudraprayag,Rudraprayag_S3,2017-12-01,34.8,32.47,0.6
Rudraprayag,Rudraprayag_S3,2018-01-01,24.3,37.85,0.6
Rudraprayag,Rudraprayag_S3,2018-02-01,27.1,38.29,0.6
Rudraprayag,Rudraprayag_S3,2018-03-01,45.0,35.37,0.6
Rudraprayag,Rudraprayag_S3,2018-04-01,55.9,39.26,0.6
Rudraprayag,Rudraprayag_S3,2018-05-01,83.0,37.52,0.6
Rudraprayag,Rudraprayag_S3,2018-06-01,210.4,42.54,0.6
Rudraprayag,Rudraprayag_S3,2018-07-01,297.4,47.06,0.6
Rudraprayag,Rudraprayag_S3,2018-08-01,316.2,47.7,0.6
Rudraprayag,Rudraprayag_S3,2018-09-01,167.9,55.1,0.6
Rudraprayag,Rudraprayag_S3,2018-10-01,90.2,48.86,0.6
Rudraprayag,Rudraprayag_S3,2018-11-01,42.8,40.66,0.6
Rudraprayag,Rudraprayag_S3,2018-12-01,43.5,35.35,0.6
Rudraprayag,Rudraprayag_S3,2019-01-01,26.0,36.88,0.6
Rudraprayag,Rudraprayag_S3,2019-02-01,26.7,36.73,0.6
Rudraprayag,Rudraprayag_S3,2019-03-01,38.4,34.88,0.6
Rudraprayag,Rudraprayag_S3,2019-04-01,54.8,40.48,0.6
Rudraprayag,Rudraprayag_S3,2019-05-01,83.0,35.9,0.6
Rudraprayag,Rudraprayag_S3,2019-06-01,250.8,40.66,0.6
Rudraprayag,Rudraprayag_S3,2019-07-01,300.3,51.99,0.6
Rudraprayag,Rudraprayag_S3,2019-08-01,226.2,51.51,0.6
Rudraprayag,Rudraprayag_S3,2019-09-01,189.7,47.25,0.6
Rudraprayag,Rudraprayag_S3,2019-10-01,78.8,48.06,0.6
Rudraprayag,Rudraprayag_S3,2019-11-01,46.5,38.44,0.6
Rudraprayag,Rudraprayag_S3,2019-12-01,44.8,36.53,0.6
Rudraprayag,Rudraprayag_S3,2020-01-01,29.3,32.83,0.6
Rudraprayag,Rudraprayag_S3,2020-02-01,26.4,35.8,0.6
Rudraprayag,Rudraprayag_S3,2020-03-01,41.6,34.91,0.6
Rudraprayag,Rudraprayag_S3,2020-04-01,58.5,35.28,0.6
Rudraprayag,Rudraprayag_S3,2020-05-01,90.6,37.13,0.6
Rudraprayag,Rudraprayag_S3,2020-06-01,237.7,37.78,0.6
Rudraprayag,Rudraprayag_S3,2020-07-01,306.8,46.93,0.6
Rudraprayag,Rudraprayag_S3,2020-08-01,332.3,52.27,0.6
Rudraprayag,Rudraprayag_S3,2020-09-01,175.0,53.27,0.6
Rudraprayag,Rudraprayag_S3,2020-10-01,72.5,48.77,0.6
Rudraprayag,Rudraprayag_S3,2020-11-01,36.9,38.78,0.6
Rudraprayag,Rudraprayag_S3,2020-12-01,46.5,33.0,0.6
Rudraprayag,Rudraprayag_S3,2021-01-01,30.0,38.85,0.6
Rudraprayag,Rudraprayag_S3,2021-02-01,28.4,33.38,0.6
Rudraprayag,Rudraprayag_S3,2021-03-01,42.9,34.01,0.6
Rudraprayag,Rudraprayag_S3,2021-04-01,55.6,36.44,0.6
Rudraprayag,Rudraprayag_S3,2021-05-01,92.3,32.15,0.6
Rudraprayag,Rudraprayag_S3,2021-06-01,235.4,37.58,0.6
Rudraprayag,Rudraprayag_S3,2021-07-01,337.6,46.03,0.6
Rudraprayag,Rudraprayag_S3,2021-08-01,304.6,54.58,0.6
Rudraprayag,Rudraprayag_S3,2021-09-01,186.2,52.75,0.6
Rudraprayag,Rudraprayag_S3,2021-10-01,78.6,43.79,0.6
Rudraprayag,Rudraprayag_S3,2021-11-01,39.0,36.63,0.6
Rudraprayag,Rudraprayag_S3,2021-12-01,55.3,36.05,0.6
Rudraprayag,Rudraprayag_S3,2022-01-01,40.6,35.77,0.6
Rudraprayag,Rudraprayag_S3,2022-02-01,34.7,34.3,0.6
Rudraprayag,Rudraprayag_S3,2022-03-01,55.0,34.05,0.6
Rudraprayag,Rudraprayag_S3,2022-04-01,68.5,38.29,0.6
Rudraprayag,Rudraprayag_S3,2022-05-01,98.4,36.2,0.6
Rudraprayag,Rudraprayag_S3,2022-06-01,279.4,36.81,0.6
Rudraprayag,Rudraprayag_S3,2022-07-01,445.9,44.71,0.6
Rudraprayag,Rudraprayag_S3,2022-08-01,391.2,55.79,0.6
Rudraprayag,Rudraprayag_S3,2022-09-01,219.7,55.17,0.6
Rudraprayag,Rudraprayag_S3,2022-10-01,107.2,45.13,0.6
Rudraprayag,Rudraprayag_S3,2022-11-01,58.3,37.02,0.6
Rudraprayag,Rudraprayag_S3,2022-12-01,52.5,35.49,0.6
Rudraprayag,Rudraprayag_S3,2023-01-01,31.3,33.48,0.6
Rudraprayag,Rudraprayag_S3,2023-02-01,31.3,31.54,0.6
Rudraprayag,Rudraprayag_S3,2023-03-01,46.5,34.02,0.6
Rudraprayag,Rudraprayag_S3,2023-04-01,57.5,36.25,0.6
Rudraprayag,Rudraprayag_S3,2023-05-01,87.1,32.67,0.6
Rudraprayag,Rudraprayag_S3,2023-06-01,220.8,36.86,0.6
Rudraprayag,Rudraprayag_S3,2023-07-01,292.2,40.59,0.6
Rudraprayag,Rudraprayag_S3,2023-08-01,300.8,45.69,0.6
Rudraprayag,Rudraprayag_S3,2023-09-01,210.2,48.33,0.6
Rudraprayag,Rudraprayag_S3,2023-10-01,81.0,46.5,0.6
Rudraprayag,Rudraprayag_S3,2023-11-01,46.5,34.38,0.6
Rudraprayag,Rudraprayag_S3,2023-12-01,48.4,32.18,0.6
Rudraprayag,Rudraprayag_S3,2024-01-01,21.3,33.68,0.6
Rudraprayag,Rudraprayag_S3,2024-02-01,24.6,31.92,0.6
Rudraprayag,Rudraprayag_S3,2024-03-01,34.0,30.77,0.6
Rudraprayag,Rudraprayag_S3,2024-04-01,37.0,35.81,0.6
Rudraprayag,Rudraprayag_S3,2024-05-01,68.6,32.27,0.6
Rudraprayag,Rudraprayag_S3,2024-06-01,163.5,34.84,0.6
Rudraprayag,Rudraprayag_S3,2024-07-01,252.3,39.7,0.6
Rudraprayag,Rudraprayag_S3,2024-08-01,205.3,47.01,0.6
Rudraprayag,Rudraprayag_S3,2024-09-01,140.7,45.67,0.6
Rudraprayag,Rudraprayag_S3,2024-10-01,62.4,42.16,0.6
Rudraprayag,Rudraprayag_S3,2024-11-01,32.6,32.71,0.6
Rudraprayag,Rudraprayag_S3,2024-12-01,31.1,33.88,0.6
Rudraprayag,Rudraprayag_S3,2025-01-01,26.3,32.85,0.6
Rudraprayag,Rudraprayag_S3,2025-02-01,30.1,33.17,0.6
Rudraprayag,Rudraprayag_S3,2025-03-01,44.1,31.68,0.6
Rudraprayag,Rudraprayag_S3,2025-04-01,50.5,32.33,0.6
Rudraprayag,Rudraprayag_S3,2025-05-01,93.9,34.53,0.6
Rudraprayag,Rudraprayag_S3,2025-06-01,228.7,37.31,0.6
Rudraprayag,Rudraprayag_S3,2025-07-01,323.1,47.26,0.6
Rudraprayag,Rudraprayag_S3,2025-08-01,307.7,50.05,0.6
Rudraprayag,Rudraprayag_S3,2025-09-01,193.4,48.28,0.6
Rudraprayag,Rudraprayag_S3,2025-10-01,95.1,36.39,0.6
Rudraprayag,Rudraprayag_S3,2025-11-01,42.5,32.57,0.6
Rudraprayag,Rudraprayag_S3,2025-12-01,47.1,31.53,0.6
Rudraprayag,Rudraprayag_S4,2005-01-01,33.4,34.06,0.6
Rudraprayag,Rudraprayag_S4,2005-02-01,37.1,30.15,0.6
Rudraprayag,Rudraprayag_S4,2005-03-01,55.8,30.35,0.6
Rudraprayag,Rudraprayag_S4,2005-04-01,75.4,34.03,0.6
Rudraprayag,Rudraprayag_S4,2005-05-01,105.6,32.17,0.6
Rudraprayag,Rudraprayag_S4,2005-06-01,322.9,35.66,0.6
Rudraprayag,Rudraprayag_S4,2005-07-01,355.1,48.05,0.6
Rudraprayag,Rudraprayag_S4,2005-08-01,397.2,51.58,0.6
Rudraprayag,Rudraprayag_S4,2005-09-01,234.3,53.89,0.6
Rudraprayag,Rudraprayag_S4,2005-10-01,112.8,41.97,0.6
Rudraprayag,Rudraprayag_S4,2005-11-01,49.6,31.9,0.6
Rudraprayag,Rudraprayag_S4,2005-12-01,54.4,30.74,0.6
Rudraprayag,Rudraprayag_S4,2006-01-01,33.3,31.26,0.6
Rudraprayag,Rudraprayag_S4,2006-02-01,35.9,30.42,0.6
Rudraprayag,Rudraprayag_S4,2006-03-01,45.3,28.96,0.6
Rudraprayag,Rudraprayag_S4,2006-04-01,71.8,32.28,0.6
Rudraprayag,Rudraprayag_S4,2006-05-01,102.1,32.0,0.6
Rudraprayag,Rudraprayag_S4,2006-06-01,286.3,32.09,0.6
Rudraprayag,Rudraprayag_S4,2006-07-01,494.3,43.06,0.6
Rudraprayag,Rudraprayag_S4,2006-08-01,414.3,61.2,0.6
Rudraprayag,Rudraprayag_S4,2006-09-01,209.5,52.83,0.6
Rudraprayag,Rudraprayag_S4,2006-10-01,114.1,41.45,0.6
Rudraprayag,Rudraprayag_S4,2006-11-01,58.1,32.13,0.6
Rudraprayag,Rudraprayag_S4,2006-12-01,53.2,29.59,0.6
Rudraprayag,Rudraprayag_S4,2007-01-01,31.5,29.26,0.6
Rudraprayag,Rudraprayag_S4,2007-02-01,27.5,29.27,0.6
Rudraprayag,Rudraprayag_S4,2007-03-01,42.4,28.45,0.6
Rudraprayag,Rudraprayag_S4,2007-04-01,62.5,28.74,0.6
Rudraprayag,Rudraprayag_S4,2007-05-01,93.1,29.95,0.6
Rudraprayag,Rudraprayag_S4,2007-06-01,232.5,30.86,0.6
Rudraprayag,Rudraprayag_S4,2007-07-01,317.3,39.42,0.6
Rudraprayag,Rudraprayag_S4,2007-08-01,305.8,46.84,0.6
Rudraprayag,Rudraprayag_S4,2007-09-01,214.4,40.32,0.6
Rudraprayag,Rudraprayag_S4,2007-10-01,91.8,39.15,0.6
Rudraprayag,Rudraprayag_S4,2007-11-01,52.2,33.85,0.6
Rudraprayag,Rudraprayag_S4,2007-12-01,43.6,29.14,0.6
Rudraprayag,Rudraprayag_S4,2008-01-01,30.0,28.11,0.6
Rudraprayag,Rudraprayag_S4,2008-02-01,32.3,29.35,0.6
Rudraprayag,Rudraprayag_S4,2008-03-01,43.4,26.73,0.6
Rudraprayag,Rudraprayag_S4,2008-04-01,71.3,28.61,0.6
Rudraprayag,Rudraprayag_S4,2008-05-01,80.1,28.51,0.6
Rudraprayag,Rudraprayag_S4,2008-06-01,280.8,27.63,0.6
Rudraprayag,Rudraprayag_S4,2008-07-01,342.0,40.88,0.6
Rudraprayag,Rudraprayag_S4,2008-08-01,322.3,41.57,0.6
Rudraprayag,Rudraprayag_S4,2008-09-01,222.1,43.18,0.6
Rudraprayag,Rudraprayag_S4,2008-10-01,99.0,39.85,0.6
Rudraprayag,Rudraprayag_S4,2008-11-01,43.6,33.98,0.6
Rudraprayag,Rudraprayag_S4,2008-12-01,48.5,28.21,0.6
Rudraprayag,Rudraprayag_S4,2009-01-01,35.7,29.71,0.6
Rudraprayag,Rudraprayag_S4,2009-02-01,44.9,28.07,0.6
Rudraprayag,Rudraprayag_S4,2009-03-01,59.4,27.4,0.6
Rudraprayag,Rudraprayag_S4,2009-04-01,74.1,25.87,0.6
Rudraprayag,Rudraprayag_S4,2009-05-01,107.0,31.72,0.6
Rudraprayag,Rudraprayag_S4,2009-06-01,301.7,29.35,0.6
Rudraprayag,Rudraprayag_S4,2009-07-01,356.4,43.9,0.6
Rudraprayag,Rudraprayag_S4,2009-08-01,371.3,44.97,0.6
Rudraprayag,Rudraprayag_S4,2009-09-01,244.4,42.29,0.6
Rudraprayag,Rudraprayag_S4,2009-10-01,105.3,38.37,0.6
Rudraprayag,Rudraprayag_S4,2009-11-01,61.1,33.75,0.6
Rudraprayag,Rudraprayag_S4,2009-12-01,56.6,30.3,0.6
Rudraprayag,Rudraprayag_S4,2010-01-01,26.4,27.13,0.6
Rudraprayag,Rudraprayag_S4,2010-02-01,27.9,25.29,0.6
Rudraprayag,Rudraprayag_S4,2010-03-01,40.9,26.37,0.6
Rudraprayag,Rudraprayag_S4,2010-04-01,51.2,26.61,0.6
Rudraprayag,Rudraprayag_S4,2010-05-01,82.2,28.93,0.6
Rudraprayag,Rudraprayag_S4,2010-06-01,216.2,29.86,0.6
Rudraprayag,Rudraprayag_S4,2010-07-01,271.3,32.5,0.6
Rudraprayag,Rudraprayag_S4,2010-08-01,265.1,39.08,0.6
Rudraprayag,Rudraprayag_S4,2010-09-01,184.6,37.45,0.6
Rudraprayag,Rudraprayag_S4,2010-10-01,85.1,33.71,0.6
Rudraprayag,Rudraprayag_S4,2010-11-01,40.0,28.94,0.6
Rudraprayag,Rudraprayag_S4,2010-12-01,42.9,27.82,0.6
Rudraprayag,Rudraprayag_S4,2011-01-01,23.6,27.62,0.6
Rudraprayag,Rudraprayag_S4,2011-02-01,25.1,24.36,0.6
Rudraprayag,Rudraprayag_S4,2011-03-01,43.0,25.24,0.6
Rudraprayag,Rudraprayag_S4,2011-04-01,51.8,25.55,0.6
Rudraprayag,Rudraprayag_S4,2011-05-01,75.1,24.28,0.6
Rudraprayag,Rudraprayag_S4,2011-06-01,230.0,27.44,0.6
Rudraprayag,Rudraprayag_S4,2011-07-01,275.0,38.37,0.6
Rudraprayag,Rudraprayag_S4,2011-08-01,301.7,34.06,0.6
Rudraprayag,Rudraprayag_S4,2011-09-01,159.5,38.4,0.6
Rudraprayag,Rudraprayag_S4,2011-10-01,70.6,31.34,0.6
Rudraprayag,Rudraprayag_S4,2011-11-01,37.9,27.41,0.6
Rudraprayag,Rudraprayag_S4,2011-12-01,37.6,24.15,0.6
Rudraprayag,Rudraprayag_S4,2012-01-01,31.9,23.49,0.6
Rudraprayag,Rudraprayag_S4,2012-02-01,27.0,23.23,0.6
Rudraprayag,Rudraprayag_S4,2012-03-01,41.0,26.3,0.6
Rudraprayag,Rudraprayag_S4,2012-04-01,50.8,24.02,0.6
Rudraprayag,Rudraprayag_S4,2012-05-01,75.4,25.03,0.6
Rudraprayag,Rudraprayag_S4,2012-06-01,228.2,29.6,0.6
Rudraprayag,Rudraprayag_S4,2012-07-01,251.1,32.75,0.6
Rudraprayag,Rudraprayag_S4,2012-08-01,239.5,35.6,0.6
Rudraprayag,Rudraprayag_S4,2012-09-01,168.0,36.19,0.6
Rudraprayag,Rudraprayag_S4,2012-10-01,87.6,32.46,0.6
Rudraprayag,Rudraprayag_S4,2012-11-01,38.4,25.22,0.6
Rudraprayag,Rudraprayag_S4,2012-12-01,40.9,23.76,0.6
Rudraprayag,Rudraprayag_S4,2013-01-01,33.2,25.06,0.6
Rudraprayag,Rudraprayag_S4,2013-02-01,26.3,26.61,0.6
Rudraprayag,Rudraprayag_S4,2013-03-01,47.8,22.98,0.6
Rudraprayag,Rudraprayag_S4,2013-04-01,59.3,24.22,0.6
Rudraprayag,Rudraprayag_S4,2013-05-01,97.1,25.83,0.6
Rudraprayag,Rudraprayag_S4,2013-06-01,225.2,27.82,0.6
Rudraprayag,Rudraprayag_S4,2013-07-01,332.0,33.96,0.6
Rudraprayag,Rudraprayag_S4,2013-08-01,298.8,36.09,0.6
Rudraprayag,Rudraprayag_S4,2013-09-01,180.1,35.1,0.6
Rudraprayag,Rudraprayag_S4,2013-10-01,81.1,30.86,0.6
Rudraprayag,Rudraprayag_S4,2013-11-01,43.1,27.55,0.6
Rudraprayag,Rudraprayag_S4,2013-12-01,45.7,23.83,0.6
Rudraprayag,Rudraprayag_S4,2014-01-01,25.9,24.15,0.6
Rudraprayag,Rudraprayag_S4,2014-02-01,22.6,22.02,0.6
Rudraprayag,Rudraprayag_S4,2014-03-01,38.7,25.15,0.6
Rudraprayag,Rudraprayag_S4,2014-04-01,57.5,23.86,0.6
Rudraprayag,Rudraprayag_S4,2014-05-01,84.3,25.79,0.6
Rudraprayag,Rudraprayag_S4,2014-06-01,211.3,25.65,0.6
Rudraprayag,Rudraprayag_S4,2014-07-01,298.2,31.37,0.6
Rudraprayag,Rudraprayag_S4,2014-08-01,248.3,32.42,0.6
Rudraprayag,Rudraprayag_S4,2014-09-01,195.3,29.22,0.6
Rudraprayag,Rudraprayag_S4,2014-10-01,93.0,32.19,0.6
Rudraprayag,Rudraprayag_S4,2014-11-01,40.4,25.77,0.6
Rudraprayag,Rudraprayag_S4,2014-12-01,48.2,23.52,0.6
Rudraprayag,Rudraprayag_S4,2015-01-01,24.2,22.09,0.6
Rudraprayag,Rudraprayag_S4,2015-02-01,25.4,21.44,0.6
Rudraprayag,Rudraprayag_S4,2015-03-01,39.7,23.64,0.6
Rudraprayag,Rudraprayag_S4,2015-04-01,63.8,25.02,0.6
Rudraprayag,Rudraprayag_S4,2015-05-01,79.0,23.27,0.6
Rudraprayag,Rudraprayag_S4,2015-06-01,200.7,25.44,0.6
Rudraprayag,Rudraprayag_S4,2015-07-01,275.0,30.13,0.6
Rudraprayag,Rudraprayag_S4,2015-08-01,294.0,32.8,0.6
Rudraprayag,Rudraprayag_S4,2015-09-01,189.1,36.86,0.6
Rudraprayag,Rudraprayag_S4,2015-10-01,77.7,28.46,0.6
Rudraprayag,Rudraprayag_S4,2015-11-01,34.3,25.75,0.6
Rudraprayag,Rudraprayag_S4,2015-12-01,36.8,22.75,0.6
Rudraprayag,Rudraprayag_S4,2016-01-01,39.8,22.36,0.6
Rudraprayag,Rudraprayag_S4,2016-02-01,37.9,23.99,0.6
Rudraprayag,Rudraprayag_S4,2016-03-01,65.1,22.64,0.6
Rudraprayag,Rudraprayag_S4,2016-04-01,87.3,23.3,0.6
Rudraprayag,Rudraprayag_S4,2016-05-01,112.9,25.97,0.6
Rudraprayag,Rudraprayag_S4,2016-06-01,301.5,26.9,0.6
Rudraprayag,Rudraprayag_S4,2016-07-01,395.9,35.21,0.6
Rudraprayag,Rudraprayag_S4,2016-08-01,368.9,29.89,0.6
Rudraprayag,Rudraprayag_S4,2016-09-01,216.2,36.67,0.6
Rudraprayag,Rudraprayag_S4,2016-10-01,99.7,29.7,0.6
Rudraprayag,Rudraprayag_S4,2016-11-01,48.8,24.41,0.6
Rudraprayag,Rudraprayag_S4,2016-12-01,61.5,22.94,0.6
Rudraprayag,Rudraprayag_S4,2017-01-01,26.6,23.03,0.6
Rudraprayag,Rudraprayag_S4,2017-02-01,21.6,21.95,0.6
Rudraprayag,Rudraprayag_S4,2017-03-01,39.3,20.69,0.6
Rudraprayag,Rudraprayag_S4,2017-04-01,44.6,23.27,0.6
Rudraprayag,Rudraprayag_S4,2017-05-01,60.3,22.66,0.6
Rudraprayag,Rudraprayag_S4,2017-06-01,202.7,23.01,0.6
Rudraprayag,Rudraprayag_S4,2017-07-01,281.1,28.87,0.6
Rudraprayag,Rudraprayag_S4,2017-08-01,213.1,33.12,0.6
Rudraprayag,Rudraprayag_S4,2017-09-01,145.4,29.92,0.6
Rudraprayag,Rudraprayag_S4,2017-10-01,63.9,25.49,0.6
Rudraprayag,Rudraprayag_S4,2017-11-01,34.1,23.37,0.6
Rudraprayag,Rudraprayag_S4,2017-12-01,34.8,21.19,0.6
Rudraprayag,Rudraprayag_S4,2018-01-01,24.3,22.99,0.6
Rudraprayag,Rudraprayag_S4,2018-02-01,27.1,21.63,0.6
Rudraprayag,Rudraprayag_S4,2018-03-01,45.0,19.92,0.6
Rudraprayag,Rudraprayag_S4,2018-04-01,55.9,23.71,0.6
Rudraprayag,Rudraprayag_S4,2018-05-01,83.0,19.34,0.6
Rudraprayag,Rudraprayag_S4,2018-06-01,210.4,23.36,0.6
Rudraprayag,Rudraprayag_S4,2018-07-01,297.4,26.69,0.6
Rudraprayag,Rudraprayag_S4,2018-08-01,316.2,33.94,0.6
Rudraprayag,Rudraprayag_S4,2018-09-01,167.9,32.09,0.6
Rudraprayag,Rudraprayag_S4,2018-10-01,90.2,24.74,0.6
Rudraprayag,Rudraprayag_S4,2018-11-01,42.8,22.34,0.6
Rudraprayag,Rudraprayag_S4,2018-12-01,43.5,19.98,0.6
Rudraprayag,Rudraprayag_S4,2019-01-01,26.0,20.38,0.6
Rudraprayag,Rudraprayag_S4,2019-02-01,26.7,19.63,0.6
Rudraprayag,Rudraprayag_S4,2019-03-01,38.4,19.19,0.6
Rudraprayag,Rudraprayag_S4,2019-04-01,54.8,20.62,0.6
Rudraprayag,Rudraprayag_S4,2019-05-01,83.0,21.34,0.6
Rudraprayag,Rudraprayag_S4,2019-06-01,250.8,20.87,0.6
Rudraprayag,Rudraprayag_S4,2019-07-01,300.3,26.03,0.6
Rudraprayag,Rudraprayag_S4,2019-08-01,226.2,30.68,0.6
Rudraprayag,Rudraprayag_S4,2019-09-01,189.7,28.02,0.6
Rudraprayag,Rudraprayag_S4,2019-10-01,78.8,26.77,0.6
Rudraprayag,Rudraprayag_S4,2019-11-01,46.5,22.12,0.6
Rudraprayag,Rudraprayag_S4,2019-12-01,44.8,21.84,0.6
Rudraprayag,Rudraprayag_S4,2020-01-01,29.3,21.13,0.6
Rudraprayag,Rudraprayag_S4,2020-02-01,26.4,22.11,0.6
Rudraprayag,Rudraprayag_S4,2020-03-01,41.6,22.33,0.6
Rudraprayag,Rudraprayag_S4,2020-04-01,58.5,18.11,0.6
Rudraprayag,Rudraprayag_S4,2020-05-01,90.6,18.2,0.6
Rudraprayag,Rudraprayag_S4,2020-06-01,237.7,21.59,0.6
Rudraprayag,Rudraprayag_S4,2020-07-01,306.8,27.73,0.6
Rudraprayag,Rudraprayag_S4,2020-08-01,332.3,29.45,0.6
Rudraprayag,Rudraprayag_S4,2020-09-01,175.0,31.5,0.6
Rudraprayag,Rudraprayag_S4,2020-10-01,72.5,24.18,0.6
Rudraprayag,Rudraprayag_S4,2020-11-01,36.9,19.94,0.6
Rudraprayag,Rudraprayag_S4,2020-12-01,46.5,18.76,0.6
Rudraprayag,Rudraprayag_S4,2021-01-01,30.0,19.4,0.6
Rudraprayag,Rudraprayag_S4,2021-02-01,28.4,19.74,0.6
Rudraprayag,Rudraprayag_S4,2021-03-01,42.9,18.37,0.6
Rudraprayag,Rudraprayag_S4,2021-04-01,55.6,19.03,0.6
Rudraprayag,Rudraprayag_S4,2021-05-01,92.3,20.29,0.6
Rudraprayag,Rudraprayag_S4,2021-06-01,235.4,20.81,0.6
Rudraprayag,Rudraprayag_S4,2021-07-01,337.6,27.62,0.6
Rudraprayag,Rudraprayag_S4,2021-08-01,304.6,28.42,0.6
Rudraprayag,Rudraprayag_S4,2021-09-01,186.2,26.9,0.6
Rudraprayag,Rudraprayag_S4,2021-10-01,78.6,24.56,0.6
Rudraprayag,Rudraprayag_S4,2021-11-01,39.0,20.67,0.6
Rudraprayag,Rudraprayag_S4,2021-12-01,55.3,17.98,0.6
Rudraprayag,Rudraprayag_S4,2022-01-01,40.6,20.62,0.6
Rudraprayag,Rudraprayag_S4,2022-02-01,34.7,20.56,0.6
Rudraprayag,Rudraprayag_S4,2022-03-01,55.0,17.91,0.6
Rudraprayag,Rudraprayag_S4,2022-04-01,68.5,20.6,0.6
Rudraprayag,Rudraprayag_S4,2022-05-01,98.4,17.26,0.6
Rudraprayag,Rudraprayag_S4,2022-06-01,279.4,21.71,0.6
Rudraprayag,Rudraprayag_S4,2022-07-01,445.9,25.77,0.6
Rudraprayag,Rudraprayag_S4,2022-08-01,391.2,34.31,0.6
Rudraprayag,Rudraprayag_S4,2022-09-01,219.7,29.23,0.6
Rudraprayag,Rudraprayag_S4,2022-10-01,107.2,24.56,0.6
Rudraprayag,Rudraprayag_S4,2022-11-01,58.3,19.82,0.6
Rudraprayag,Rudraprayag_S4,2022-12-01,52.5,18.7,0.6
Rudraprayag,Rudraprayag_S4,2023-01-01,31.3,20.36,0.6
Rudraprayag,Rudraprayag_S4,2023-02-01,31.3,17.78,0.6
Rudraprayag,Rudraprayag_S4,2023-03-01,46.5,19.71,0.6
Rudraprayag,Rudraprayag_S4,2023-04-01,57.5,17.95,0.6
Rudraprayag,Rudraprayag_S4,2023-05-01,87.1,20.03,0.6
Rudraprayag,Rudraprayag_S4,2023-06-01,220.8,18.01,0.6
Rudraprayag,Rudraprayag_S4,2023-07-01,292.2,23.78,0.6
Rudraprayag,Rudraprayag_S4,2023-08-01,300.8,25.79,0.6
Rudraprayag,Rudraprayag_S4,2023-09-01,210.2,28.78,0.6
Rudraprayag,Rudraprayag_S4,2023-10-01,81.0,23.8,0.6
Rudraprayag,Rudraprayag_S4,2023-11-01,46.5,17.15,0.6
Rudraprayag,Rudraprayag_S4,2023-12-01,48.4,16.77,0.6
Rudraprayag,Rudraprayag_S4,2024-01-01,21.3,17.05,0.6
Rudraprayag,Rudraprayag_S4,2024-02-01,24.6,17.8,0.6
Rudraprayag,Rudraprayag_S4,2024-03-01,34.0,17.76,0.6
Rudraprayag,Rudraprayag_S4,2024-04-01,37.0,17.08,0.6
Rudraprayag,Rudraprayag_S4,2024-05-01,68.6,16.92,0.6
Rudraprayag,Rudraprayag_S4,2024-06-01,163.5,19.07,0.6
Rudraprayag,Rudraprayag_S4,2024-07-01,252.3,20.29,0.6
Rudraprayag,Rudraprayag_S4,2024-08-01,205.3,24.95,0.6
Rudraprayag,Rudraprayag_S4,2024-09-01,140.7,23.2,0.6
Rudraprayag,Rudraprayag_S4,2024-10-01,62.4,20.31,0.6
Rudraprayag,Rudraprayag_S4,2024-11-01,32.6,18.33,0.6
Rudraprayag,Rudraprayag_S4,2024-12-01,31.1,17.04,0.6
Rudraprayag,Rudraprayag_S4,2025-01-01,26.3,17.28,0.6
Rudraprayag,Rudraprayag_S4,2025-02-01,30.1,15.55,0.6
Rudraprayag,Rudraprayag_S4,2025-03-01,44.1,17.26,0.6
Rudraprayag,Rudraprayag_S4,2025-04-01,50.5,18.03,0.6
Rudraprayag,Rudraprayag_S4,2025-05-01,93.9,17.59,0.6
Rudraprayag,Rudraprayag_S4,2025-06-01,228.7,19.23,0.6
Rudraprayag,Rudraprayag_S4,2025-07-01,323.1,22.84,0.6
Rudraprayag,Rudraprayag_S4,2025-08-01,307.7,27.09,0.6
Rudraprayag,Rudraprayag_S4,2025-09-01,193.4,25.46,0.6
Rudraprayag,Rudraprayag_S4,2025-10-01,95.1,20.42,0.6
Rudraprayag,Rudraprayag_S4,2025-11-01,42.5,19.24,0.6
Rudraprayag,Rudraprayag_S4,2025-12-01,47.1,15.39,0.6
Rudraprayag,Rudraprayag_S5,2005-01-01,33.4,42.45,0.6
Rudraprayag,Rudraprayag_S5,2005-02-01,37.1,37.18,0.6
Rudraprayag,Rudraprayag_S5,2005-03-01,55.8,35.73,0.6
Rudraprayag,Rudraprayag_S5,2005-04-01,75.4,39.28,0.6
Rudraprayag,Rudraprayag_S5,2005-05-01,105.6,39.72,0.6
Rudraprayag,Rudraprayag_S5,2005-06-01,322.9,40.37,0.6
Rudraprayag,Rudraprayag_S5,2005-07-01,355.1,60.67,0.6
Rudraprayag,Rudraprayag_S5,2005-08-01,397.2,59.61,0.6
Rudraprayag,Rudraprayag_S5,2005-09-01,234.3,63.8,0.6
Rudraprayag,Rudraprayag_S5,2005-10-01,112.8,53.89,0.6
Rudraprayag,Rudraprayag_S5,2005-11-01,49.6,44.66,0.6
Rudraprayag,Rudraprayag_S5,2005-12-01,54.4,38.34,0.6
Rudraprayag,Rudraprayag_S5,2006-01-01,33.3,36.95,0.6
Rudraprayag,Rudraprayag_S5,2006-02-01,35.9,33.4,0.6
Rudraprayag,Rudraprayag_S5,2006-03-01,45.3,36.46,0.6
Rudraprayag,Rudraprayag_S5,2006-04-01,71.8,38.67,0.6
Rudraprayag,Rudraprayag_S5,2006-05-01,102.1,39.1,0.6
Rudraprayag,Rudraprayag_S5,2006-06-01,286.3,33.47,0.6
Rudraprayag,Rudraprayag_S5,2006-07-01,494.3,55.31,0.6
Rudraprayag,Rudraprayag_S5,2006-08-01,414.3,70.29,0.6
Rudraprayag,Rudraprayag_S5,2006-09-01,209.5,60.62,0.6
Rudraprayag,Rudraprayag_S5,2006-10-01,114.1,49.78,0.6
Rudraprayag,Rudraprayag_S5,2006-11-01,58.1,42.13,0.6
Rudraprayag,Rudraprayag_S5,2006-12-01,53.2,35.69,0.6
Rudraprayag,Rudraprayag_S5,2007-01-01,31.5,38.87,0.6
Rudraprayag,Rudraprayag_S5,2007-02-01,27.5,32.78,0.6
Rudraprayag,Rudraprayag_S5,2007-03-01,42.4,34.56,0.6
Rudraprayag,Rudraprayag_S5,2007-04-01,62.5,35.32,0.6
Rudraprayag,Rudraprayag_S5,2007-05-01,93.1,35.36,0.6
Rudraprayag,Rudraprayag_S5,2007-06-01,232.5,39.46,0.6
Rudraprayag,Rudraprayag_S5,2007-07-01,317.3,51.29,0.6
Rudraprayag,Rudraprayag_S5,2007-08-01,305.8,57.07,0.6
Rudraprayag,Rudraprayag_S5,2007-09-01,214.4,54.75,0.6
Rudraprayag,Rudraprayag_S5,2007-10-01,91.8,42.69,0.6
Rudraprayag,Rudraprayag_S5,2007-11-01,52.2,35.83,0.6
Rudraprayag,Rudraprayag_S5,2007-12-01,43.6,35.98,0.6
Rudraprayag,Rudraprayag_S5,2008-01-01,30.0,34.98,0.6
Rudraprayag,Rudraprayag_S5,2008-02-01,32.3,33.22,0.6
Rudraprayag,Rudraprayag_S5,2008-03-01,43.4,37.41,0.6
Rudraprayag,Rudraprayag_S5,2008-04-01,71.3,35.0,0.6
Rudraprayag,Rudraprayag_S5,2008-05-01,80.1,37.57,0.6
Rudraprayag,Rudraprayag_S5,2008-06-01,280.8,38.92,0.6
Rudraprayag,Rudraprayag_S5,2008-07-01,342.0,50.3,0.6
Rudraprayag,Rudraprayag_S5,2008-08-01,322.3,61.06,0.6
Rudraprayag,Rudraprayag_S5,2008-09-01,222.1,50.19,0.6
Rudraprayag,Rudraprayag_S5,2008-10-01,99.0,44.64,0.6
Rudraprayag,Rudraprayag_S5,2008-11-01,43.6,36.16,0.6
Rudraprayag,Rudraprayag_S5,2008-12-01,48.5,36.96,0.6
Rudraprayag,Rudraprayag_S5,2009-01-01,35.7,35.91,0.6
Rudraprayag,Rudraprayag_S5,2009-02-01,44.9,32.72,0.6
Rudraprayag,Rudraprayag_S5,2009-03-01,59.4,32.68,0.6
Rudraprayag,Rudraprayag_S5,2009-04-01,74.1,37.45,0.6
Rudraprayag,Rudraprayag_S5,2009-05-01,107.0,36.55,0.6
Rudraprayag,Rudraprayag_S5,2009-06-01,301.7,40.61,0.6
Rudraprayag,Rudraprayag_S5,2009-07-01,356.4,50.15,0.6
Rudraprayag,Rudraprayag_S5,2009-08-01,371.3,55.06,0.6
Rudraprayag,Rudraprayag_S5,2009-09-01,244.4,55.35,0.6
Rudraprayag,Rudraprayag_S5,2009-10-01,105.3,44.91,0.6
Rudraprayag,Rudraprayag_S5,2009-11-01,61.1,37.18,0.6
Rudraprayag,Rudraprayag_S5,2009-12-01,56.6,32.52,0.6
Rudraprayag,Rudraprayag_S5,2010-01-01,26.4,35.07,0.6
Rudraprayag,Rudraprayag_S5,2010-02-01,27.9,33.48,0.6
Rudraprayag,Rudraprayag_S5,2010-03-01,40.9,33.88,0.6
Rudraprayag,Rudraprayag_S5,2010-04-01,51.2,34.13,0.6
Rudraprayag,Rudraprayag_S5,2010-05-01,82.2,33.4,0.6
Rudraprayag,Rudraprayag_S5,2010-06-01,216.2,38.24,0.6
Rudraprayag,Rudraprayag_S5,2010-07-01,271.3,45.73,0.6
Rudraprayag,Rudraprayag_S5,2010-08-01,265.1,50.39,0.6
Rudraprayag,Rudraprayag_S5,2010-09-01,184.6,50.02,0.6
Rudraprayag,Rudraprayag_S5,2010-10-01,85.1,41.29,0.6
Rudraprayag,Rudraprayag_S5,2010-11-01,40.0,36.0,0.6
Rudraprayag,Rudraprayag_S5,2010-12-01,42.9,33.7,0.6
Rudraprayag,Rudraprayag_S5,2011-01-01,23.6,30.69,0.6
Rudraprayag,Rudraprayag_S5,2011-02-01,25.1,29.55,0.6
Rudraprayag,Rudraprayag_S5,2011-03-01,43.0,29.3,0.6
Rudraprayag,Rudraprayag_S5,2011-04-01,51.8,32.2,0.6
Rudraprayag,Rudraprayag_S5,2011-05-01,75.1,32.31,0.6
Rudraprayag,Rudraprayag_S5,2011-06-01,230.0,31.75,0.6
Rudraprayag,Rudraprayag_S5,2011-07-01,275.0,43.9,0.6
Rudraprayag,Rudraprayag_S5,2011-08-01,301.7,46.01,0.6
Rudraprayag,Rudraprayag_S5,2011-09-01,159.5,50.57,0.6
Rudraprayag,Rudraprayag_S5,2011-10-01,70.6,42.98,0.6
Rudraprayag,Rudraprayag_S5,2011-11-01,37.9,34.36,0.6
Rudraprayag,Rudraprayag_S5,2011-12-01,37.6,30.45,0.6
Rudraprayag,Rudraprayag_S5,2012-01-01,31.9,32.49,0.6
Rudraprayag,Rudraprayag_S5,2012-02-01,27.0,31.08,0.6
Rudraprayag,Rudraprayag_S5,2012-03-01,41.0,30.35,0.6
Rudraprayag,Rudraprayag_S5,2012-04-01,50.8,30.13,0.6
Rudraprayag,Rudraprayag_S5,2012-05-01,75.4,31.27,0.6
Rudraprayag,Rudraprayag_S5,2012-06-01,228.2,33.12,0.6
Rudraprayag,Rudraprayag_S5,2012-07-01,251.1,44.14,0.6
Rudraprayag,Rudraprayag_S5,2012-08-01,239.5,44.83,0.6
Rudraprayag,Rudraprayag_S5,2012-09-01,168.0,46.86,0.6
Rudraprayag,Rudraprayag_S5,2012-10-01,87.6,39.92,0.6
Rudraprayag,Rudraprayag_S5,2012-11-01,38.4,34.52,0.6
Rudraprayag,Rudraprayag_S5,2012-12-01,40.9,30.36,0.6
Rudraprayag,Rudraprayag_S5,2013-01-01,33.2,29.31,0.6
Rudraprayag,Rudraprayag_S5,2013-02-01,26.3,29.54,0.6
Rudraprayag,Rudraprayag_S5,2013-03-01,47.8,28.9,0.6
Rudraprayag,Rudraprayag_S5,2013-04-01,59.3,27.15,0.6
Rudraprayag,Rudraprayag_S5,2013-05-01,97.1,30.15,0.6
Rudraprayag,Rudraprayag_S5,2013-06-01,225.2,36.6,0.6
Rudraprayag,Rudraprayag_S5,2013-07-01,332.0,42.02,0.6
Rudraprayag,Rudraprayag_S5,2013-08-01,298.8,46.47,0.6
Rudraprayag,Rudraprayag_S5,2013-09-01,180.1,46.25,0.6
Rudraprayag,Rudraprayag_S5,2013-10-01,81.1,34.65,0.6
Rudraprayag,Rudraprayag_S5,2013-11-01,43.1,33.09,0.6
Rudraprayag,Rudraprayag_S5,2013-12-01,45.7,32.31,0.6
Rudraprayag,Rudraprayag_S5,2014-01-01,25.9,30.28,0.6
Rudraprayag,Rudraprayag_S5,2014-02-01,22.6,26.67,0.6
Rudraprayag,Rudraprayag_S5,2014-03-01,38.7,28.42,0.6
Rudraprayag,Rudraprayag_S5,2014-04-01,57.5,31.79,0.6
Rudraprayag,Rudraprayag_S5,2014-05-01,84.3,31.29,0.6
Rudraprayag,Rudraprayag_S5,2014-06-01,211.3,30.06,0.6
Rudraprayag,Rudraprayag_S5,2014-07-01,298.2,44.16,0.6
Rudraprayag,Rudraprayag_S5,2014-08-01,248.3,41.55,0.6
Rudraprayag,Rudraprayag_S5,2014-09-01,195.3,40.92,0.6
Rudraprayag,Rudraprayag_S5,2014-10-01,93.0,36.36,0.6
Rudraprayag,Rudraprayag_S5,2014-11-01,40.4,30.83,0.6
Rudraprayag,Rudraprayag_S5,2014-12-01,48.2,28.84,0.6
Rudraprayag,Rudraprayag_S5,2015-01-01,24.2,30.83,0.6
Rudraprayag,Rudraprayag_S5,2015-02-01,25.4,30.32,0.6
Rudraprayag,Rudraprayag_S5,2015-03-01,39.7,27.94,0.6
Rudraprayag,Rudraprayag_S5,2015-04-01,63.8,27.75,0.6
Rudraprayag,Rudraprayag_S5,2015-05-01,79.0,31.24,0.6
Rudraprayag,Rudraprayag_S5,2015-06-01,200.7,32.09,0.6
Rudraprayag,Rudraprayag_S5,2015-07-01,275.0,38.42,0.6
Rudraprayag,Rudraprayag_S5,2015-08-01,294.0,42.57,0.6
Rudraprayag,Rudraprayag_S5,2015-09-01,189.1,42.71,0.6
Rudraprayag,Rudraprayag_S5,2015-10-01,77.7,37.28,0.6
Rudraprayag,Rudraprayag_S5,2015-11-01,34.3,30.63,0.6
Rudraprayag,Rudraprayag_S5,2015-12-01,36.8,29.99,0.6
Rudraprayag,Rudraprayag_S5,2016-01-01,39.8,31.73,0.6
Rudraprayag,Rudraprayag_S5,2016-02-01,37.9,28.91,0.6
Rudraprayag,Rudraprayag_S5,2016-03-01,65.1,28.49,0.6
Rudraprayag,Rudraprayag_S5,2016-04-01,87.3,30.3,0.6
Rudraprayag,Rudraprayag_S5,2016-05-01,112.9,30.04,0.6
Rudraprayag,Rudraprayag_S5,2016-06-01,301.5,33.62,0.6
Rudraprayag,Rudraprayag_S5,2016-07-01,395.9,43.45,0.6
Rudraprayag,Rudraprayag_S5,2016-08-01,368.9,46.52,0.6
Rudraprayag,Rudraprayag_S5,2016-09-01,216.2,48.04,0.6
Rudraprayag,Rudraprayag_S5,2016-10-01,99.7,37.71,0.6
Rudraprayag,Rudraprayag_S5,2016-11-01,48.8,29.84,0.6
Rudraprayag,Rudraprayag_S5,2016-12-01,61.5,29.07,0.6
Rudraprayag,Rudraprayag_S5,2017-01-01,26.6,29.54,0.6
Rudraprayag,Rudraprayag_S5,2017-02-01,21.6,28.58,0.6
Rudraprayag,Rudraprayag_S5,2017-03-01,39.3,28.07,0.6
Rudraprayag,Rudraprayag_S5,2017-04-01,44.6,27.68,0.6
Rudraprayag,Rudraprayag_S5,2017-05-01,60.3,27.4,0.6
Rudraprayag,Rudraprayag_S5,2017-06-01,202.7,28.84,0.6
Rudraprayag,Rudraprayag_S5,2017-07-01,281.1,36.95,0.6
Rudraprayag,Rudraprayag_S5,2017-08-01,213.1,41.32,0.6
Rudraprayag,Rudraprayag_S5,2017-09-01,145.4,37.25,0.6
Rudraprayag,Rudraprayag_S5,2017-10-01,63.9,32.92,0.6
Rudraprayag,Rudraprayag_S5,2017-11-01,34.1,30.17,0.6
Rudraprayag,Rudraprayag_S5,2017-12-01,34.8,26.21,0.6
Rudraprayag,Rudraprayag_S5,2018-01-01,24.3,30.46,0.6
Rudraprayag,Rudraprayag_S5,2018-02-01,27.1,27.52,0.6
Rudraprayag,Rudraprayag_S5,2018-03-01,45.0,25.1,0.6
Rudraprayag,Rudraprayag_S5,2018-04-01,55.9,27.73,0.6
Rudraprayag,Rudraprayag_S5,2018-05-01,83.0,29.06,0.6
Rudraprayag,Rudraprayag_S5,2018-06-01,210.4,28.81,0.6
Rudraprayag,Rudraprayag_S5,2018-07-01,297.4,33.15,0.6
Rudraprayag,Rudraprayag_S5,2018-08-01,316.2,38.14,0.6
Rudraprayag,Rudraprayag_S5,2018-09-01,167.9,42.23,0.6
Rudraprayag,Rudraprayag_S5,2018-10-01,90.2,30.5,0.6
Rudraprayag,Rudraprayag_S5,2018-11-01,42.8,27.27,0.6
Rudraprayag,Rudraprayag_S5,2018-12-01,43.5,27.65,0.6
Rudraprayag,Rudraprayag_S5,2019-01-01,26.0,26.6,0.6
Rudraprayag,Rudraprayag_S5,2019-02-01,26.7,25.06,0.6
Rudraprayag,Rudraprayag_S5,2019-03-01,38.4,25.3,0.6
Rudraprayag,Rudraprayag_S5,2019-04-01,54.8,24.54,0.6
Rudraprayag,Rudraprayag_S5,2019-05-01,83.0,27.92,0.6
Rudraprayag,Rudraprayag_S5,2019-06-01,250.8,27.48,0.6
Rudraprayag,Rudraprayag_S5,2019-07-01,300.3,36.02,0.6
Rudraprayag,Rudraprayag_S5,2019-08-01,226.2,40.1,0.6
Rudraprayag,Rudraprayag_S5,2019-09-01,189.7,35.17,0.6
Rudraprayag,Rudraprayag_S5,2019-10-01,78.8,32.55,0.6
Rudraprayag,Rudraprayag_S5,2019-11-01,46.5,25.34,0.6
Rudraprayag,Rudraprayag_S5,2019-12-01,44.8,26.96,0.6
Rudraprayag,Rudraprayag_S5,2020-01-01,29.3,26.44,0.6
Rudraprayag,Rudraprayag_S5,2020-02-01,26.4,24.85,0.6
Rudraprayag,Rudraprayag_S5,2020-03-01,41.6,24.0,0.6
Rudraprayag,Rudraprayag_S5,2020-04-01,58.5,26.03,0.6
Rudraprayag,Rudraprayag_S5,2020-05-01,90.6,27.44,0.6
Rudraprayag,Rudraprayag_S5,2020-06-01,237.7,28.46,0.6
Rudraprayag,Rudraprayag_S5,2020-07-01,306.8,38.39,0.6
Rudraprayag,Rudraprayag_S5,2020-08-01,332.3,40.17,0.6
Rudraprayag,Rudraprayag_S5,2020-09-01,175.0,39.76,0.6
Rudraprayag,Rudraprayag_S5,2020-10-01,72.5,33.4,0.6
Rudraprayag,Rudraprayag_S5,2020-11-01,36.9,27.23,0.6
Rudraprayag,Rudraprayag_S5,2020-12-01,46.5,25.43,0.6
Rudraprayag,Rudraprayag_S5,2021-01-01,30.0,27.46,0.6
Rudraprayag,Rudraprayag_S5,2021-02-01,28.4,23.82,0.6
Rudraprayag,Rudraprayag_S5,2021-03-01,42.9,24.84,0.6
Rudraprayag,Rudraprayag_S5,2021-04-01,55.6,26.98,0.6
Rudraprayag,Rudraprayag_S5,2021-05-01,92.3,26.42,0.6
Rudraprayag,Rudraprayag_S5,2021-06-01,235.4,27.22,0.6
Rudraprayag,Rudraprayag_S5,2021-07-01,337.6,31.59,0.6
Rudraprayag,Rudraprayag_S5,2021-08-01,304.6,34.89,0.6
Rudraprayag,Rudraprayag_S5,2021-09-01,186.2,41.62,0.6
Rudraprayag,Rudraprayag_S5,2021-10-01,78.6,32.48,0.6
Rudraprayag,Rudraprayag_S5,2021-11-01,39.0,26.02,0.6
Rudraprayag,Rudraprayag_S5,2021-12-01,55.3,25.31,0.6
Rudraprayag,Rudraprayag_S5,2022-01-01,40.6,24.38,0.6
Rudraprayag,Rudraprayag_S5,2022-02-01,34.7,24.44,0.6
Rudraprayag,Rudraprayag_S5,2022-03-01,55.0,23.37,0.6
Rudraprayag,Rudraprayag_S5,2022-04-01,68.5,23.63,0.6
Rudraprayag,Rudraprayag_S5,2022-05-01,98.4,23.27,0.6
Rudraprayag,Rudraprayag_S5,2022-06-01,279.4,25.18,0.6
Rudraprayag,Rudraprayag_S5,2022-07-01,445.9,37.6,0.6
Rudraprayag,Rudraprayag_S5,2022-08-01,391.2,41.34,0.6
Rudraprayag,Rudraprayag_S5,2022-09-01,219.7,41.94,0.6
Rudraprayag,Rudraprayag_S5,2022-10-01,107.2,34.36,0.6
Rudraprayag,Rudraprayag_S5,2022-11-01,58.3,27.52,0.6
Rudraprayag,Rudraprayag_S5,2022-12-01,52.5,24.8,0.6
Rudraprayag,Rudraprayag_S5,2023-01-01,31.3,25.02,0.6
Rudraprayag,Rudraprayag_S5,2023-02-01,31.3,23.34,0.6
Rudraprayag,Rudraprayag_S5,2023-03-01,46.5,25.22,0.6
Rudraprayag,Rudraprayag_S5,2023-04-01,57.5,26.73,0.6
Rudraprayag,Rudraprayag_S5,2023-05-01,87.1,26.7,0.6
Rudraprayag,Rudraprayag_S5,2023-06-01,220.8,23.38,0.6
Rudraprayag,Rudraprayag_S5,2023-07-01,292.2,31.55,0.6
Rudraprayag,Rudraprayag_S5,2023-08-01,300.8,35.45,0.6
Rudraprayag,Rudraprayag_S5,2023-09-01,210.2,36.59,0.6
Rudraprayag,Rudraprayag_S5,2023-10-01,81.0,28.85,0.6
Rudraprayag,Rudraprayag_S5,2023-11-01,46.5,23.42,0.6
Rudraprayag,Rudraprayag_S5,2023-12-01,48.4,25.62,0.6
Rudraprayag,Rudraprayag_S5,2024-01-01,21.3,23.41,0.6
Rudraprayag,Rudraprayag_S5,2024-02-01,24.6,21.12,0.6
Rudraprayag,Rudraprayag_S5,2024-03-01,34.0,21.65,0.6
Rudraprayag,Rudraprayag_S5,2024-04-01,37.0,23.75,0.6
Rudraprayag,Rudraprayag_S5,2024-05-01,68.6,22.42,0.6
Rudraprayag,Rudraprayag_S5,2024-06-01,163.5,25.05,0.6
Rudraprayag,Rudraprayag_S5,2024-07-01,252.3,27.51,0.6
Rudraprayag,Rudraprayag_S5,2024-08-01,205.3,29.96,0.6
Rudraprayag,Rudraprayag_S5,2024-09-01,140.7,32.86,0.6
Rudraprayag,Rudraprayag_S5,2024-10-01,62.4,28.3,0.6
Rudraprayag,Rudraprayag_S5,2024-11-01,32.6,23.82,0.6
Rudraprayag,Rudraprayag_S5,2024-12-01,31.1,22.27,0.6
Rudraprayag,Rudraprayag_S5,2025-01-01,26.3,24.42,0.6
Rudraprayag,Rudraprayag_S5,2025-02-01,30.1,23.16,0.6
Rudraprayag,Rudraprayag_S5,2025-03-01,44.1,23.91,0.6
Rudraprayag,Rudraprayag_S5,2025-04-01,50.5,22.51,0.6
Rudraprayag,Rudraprayag_S5,2025-05-01,93.9,23.48,0.6
Rudraprayag,Rudraprayag_S5,2025-06-01,228.7,25.77,0.6
Rudraprayag,Rudraprayag_S5,2025-07-01,323.1,30.23,0.6
Rudraprayag,Rudraprayag_S5,2025-08-01,307.7,34.95,0.6
Rudraprayag,Rudraprayag_S5,2025-09-01,193.4,33.38,0.6
Rudraprayag,Rudraprayag_S5,2025-10-01,95.1,29.96,0.6
Rudraprayag,Rudraprayag_S5,2025-11-01,42.5,23.41,0.6
Rudraprayag,Rudraprayag_S5,2025-12-01,47.1,23.4,0.6
Rudraprayag,Rudraprayag_S6,2005-01-01,33.4,44.55,0.6
Rudraprayag,Rudraprayag_S6,2005-02-01,37.1,36.3,0.6
Rudraprayag,Rudraprayag_S6,2005-03-01,55.8,35.91,0.6
Rudraprayag,Rudraprayag_S6,2005-04-01,75.4,39.46,0.6
Rudraprayag,Rudraprayag_S6,2005-05-01,105.6,40.89,0.6
Rudraprayag,Rudraprayag_S6,2005-06-01,322.9,40.71,0.6
Rudraprayag,Rudraprayag_S6,2005-07-01,355.1,55.33,0.6
Rudraprayag,Rudraprayag_S6,2005-08-01,397.2,58.63,0.6
Rudraprayag,Rudraprayag_S6,2005-09-01,234.3,60.3,0.6
Rudraprayag,Rudraprayag_S6,2005-10-01,112.8,54.3,0.6
Rudraprayag,Rudraprayag_S6,2005-11-01,49.6,42.51,0.6
Rudraprayag,Rudraprayag_S6,2005-12-01,54.4,37.37,0.6
Rudraprayag,Rudraprayag_S6,2006-01-01,33.3,35.85,0.6
Rudraprayag,Rudraprayag_S6,2006-02-01,35.9,37.39,0.6
Rudraprayag,Rudraprayag_S6,2006-03-01,45.3,35.06,0.6
Rudraprayag,Rudraprayag_S6,2006-04-01,71.8,35.54,0.6
Rudraprayag,Rudraprayag_S6,2006-05-01,102.1,39.98,0.6
Rudraprayag,Rudraprayag_S6,2006-06-01,286.3,41.29,0.6
Rudraprayag,Rudraprayag_S6,2006-07-01,494.3,46.45,0.6
Rudraprayag,Rudraprayag_S6,2006-08-01,414.3,66.75,0.6
Rudraprayag,Rudraprayag_S6,2006-09-01,209.5,62.04,0.6
Rudraprayag,Rudraprayag_S6,2006-10-01,114.1,46.71,0.6
Rudraprayag,Rudraprayag_S6,2006-11-01,58.1,41.23,0.6
Rudraprayag,Rudraprayag_S6,2006-12-01,53.2,33.66,0.6
Rudraprayag,Rudraprayag_S6,2007-01-01,31.5,31.41,0.6
Rudraprayag,Rudraprayag_S6,2007-02-01,27.5,33.34,0.6
Rudraprayag,Rudraprayag_S6,2007-03-01,42.4,35.19,0.6
Rudraprayag,Rudraprayag_S6,2007-04-01,62.5,29.89,0.6
Rudraprayag,Rudraprayag_S6,2007-05-01,93.1,35.36,0.6
Rudraprayag,Rudraprayag_S6,2007-06-01,232.5,35.16,0.6
Rudraprayag,Rudraprayag_S6,2007-07-01,317.3,47.59,0.6
Rudraprayag,Rudraprayag_S6,2007-08-01,305.8,59.02,0.6
Rudraprayag,Rudraprayag_S6,2007-09-01,214.4,52.3,0.6
Rudraprayag,Rudraprayag_S6,2007-10-01,91.8,46.42,0.6
Rudraprayag,Rudraprayag_S6,2007-11-01,52.2,40.03,0.6
Rudraprayag,Rudraprayag_S6,2007-12-01,43.6,35.74,0.6
Rudraprayag,Rudraprayag_S6,2008-01-01,30.0,34.68,0.6
Rudraprayag,Rudraprayag_S6,2008-02-01,32.3,35.66,0.6
Rudraprayag,Rudraprayag_S6,2008-03-01,43.4,34.97,0.6
Rudraprayag,Rudraprayag_S6,2008-04-01,71.3,35.33,0.6
Rudraprayag,Rudraprayag_S6,2008-05-01,80.1,36.33,0.6
Rudraprayag,Rudraprayag_S6,2008-06-01,280.8,36.45,0.6
Rudraprayag,Rudraprayag_S6,2008-07-01,342.0,52.46,0.6
Rudraprayag,Rudraprayag_S6,2008-08-01,322.3,53.14,0.6
Rudraprayag,Rudraprayag_S6,2008-09-01,222.1,55.9,0.6
Rudraprayag,Rudraprayag_S6,2008-10-01,99.0,43.61,0.6
Rudraprayag,Rudraprayag_S6,2008-11-01,43.6,40.65,0.6
Rudraprayag,Rudraprayag_S6,2008-12-01,48.5,35.07,0.6
Rudraprayag,Rudraprayag_S6,2009-01-01,35.7,32.84,0.6
Rudraprayag,Rudraprayag_S6,2009-02-01,44.9,34.47,0.6
Rudraprayag,Rudraprayag_S6,2009-03-01,59.4,33.03,0.6
Rudraprayag,Rudraprayag_S6,2009-04-01,74.1,35.05,0.6
Rudraprayag,Rudraprayag_S6,2009-05-01,107.0,35.0,0.6
Rudraprayag,Rudraprayag_S6,2009-06-01,301.7,37.64,0.6
Rudraprayag,Rudraprayag_S6,2009-07-01,356.4,52.62,0.6
Rudraprayag,Rudraprayag_S6,2009-08-01,371.3,55.02,0.6
Rudraprayag,Rudraprayag_S6,2009-09-01,244.4,51.4,0.6
Rudraprayag,Rudraprayag_S6,2009-10-01,105.3,43.83,0.6
Rudraprayag,Rudraprayag_S6,2009-11-01,61.1,37.9,0.6
Rudraprayag,Rudraprayag_S6,2009-12-01,56.6,35.12,0.6
Rudraprayag,Rudraprayag_S6,2010-01-01,26.4,33.02,0.6
Rudraprayag,Rudraprayag_S6,2010-02-01,27.9,34.76,0.6
Rudraprayag,Rudraprayag_S6,2010-03-01,40.9,33.54,0.6
Rudraprayag,Rudraprayag_S6,2010-04-01,51.2,31.95,0.6
Rudraprayag,Rudraprayag_S6,2010-05-01,82.2,32.34,0.6
Rudraprayag,Rudraprayag_S6,2010-06-01,216.2,35.01,0.6
Rudraprayag,Rudraprayag_S6,2010-07-01,271.3,42.97,0.6
Rudraprayag,Rudraprayag_S6,2010-08-01,265.1,49.98,0.6
Rudraprayag,Rudraprayag_S6,2010-09-01,184.6,48.83,0.6
Rudraprayag,Rudraprayag_S6,2010-10-01,85.1,41.53,0.6
Rudraprayag,Rudraprayag_S6,2010-11-01,40.0,36.43,0.6
Rudraprayag,Rudraprayag_S6,2010-12-01,42.9,33.7,0.6
Rudraprayag,Rudraprayag_S6,2011-01-01,23.6,32.58,0.6
Rudraprayag,Rudraprayag_S6,2011-02-01,25.1,31.87,0.6
Rudraprayag,Rudraprayag_S6,2011-03-01,43.0,32.19,0.6
Rudraprayag,Rudraprayag_S6,2011-04-01,51.8,33.08,0.6
Rudraprayag,Rudraprayag_S6,2011-05-01,75.1,31.49,0.6
Rudraprayag,Rudraprayag_S6,2011-06-01,230.0,32.95,0.6
Rudraprayag,Rudraprayag_S6,2011-07-01,275.0,42.82,0.6
Rudraprayag,Rudraprayag_S6,2011-08-01,301.7,44.46,0.6
Rudraprayag,Rudraprayag_S6,2011-09-01,159.5,44.1,0.6
Rudraprayag,Rudraprayag_S6,2011-10-01,70.6,40.24,0.6
Rudraprayag,Rudraprayag_S6,2011-11-01,37.9,34.06,0.6
Rudraprayag,Rudraprayag_S6,2011-12-01,37.6,29.34,0.6
Rudraprayag,Rudraprayag_S6,2012-01-01,31.9,30.99,0.6
Rudraprayag,Rudraprayag_S6,2012-02-01,27.0,30.67,0.6
Rudraprayag,Rudraprayag_S6,2012-03-01,41.0,30.89,0.6
Rudraprayag,Rudraprayag_S6,2012-04-01,50.8,29.68,0.6
Rudraprayag,Rudraprayag_S6,2012-05-01,75.4,29.73,0.6
Rudraprayag,Rudraprayag_S6,2012-06-01,228.2,34.16,0.6
Rudraprayag,Rudraprayag_S6,2012-07-01,251.1,39.03,0.6
Rudraprayag,Rudraprayag_S6,2012-08-01,239.5,43.04,0.6
Rudraprayag,Rudraprayag_S6,2012-09-01,168.0,42.07,0.6
Rudraprayag,Rudraprayag_S6,2012-10-01,87.6,38.23,0.6
Rudraprayag,Rudraprayag_S6,2012-11-01,38.4,34.09,0.6
Rudraprayag,Rudraprayag_S6,2012-12-01,40.9,33.16,0.6
Rudraprayag,Rudraprayag_S6,2013-01-01,33.2,28.32,0.6
Rudraprayag,Rudraprayag_S6,2013-02-01,26.3,31.6,0.6
Rudraprayag,Rudraprayag_S6,2013-03-01,47.8,26.07,0.6
Rudraprayag,Rudraprayag_S6,2013-04-01,59.3,33.16,0.6
Rudraprayag,Rudraprayag_S6,2013-05-01,97.1,28.37,0.6
Rudraprayag,Rudraprayag_S6,2013-06-01,225.2,37.83,0.6
Rudraprayag,Rudraprayag_S6,2013-07-01,332.0,40.26,0.6
Rudraprayag,Rudraprayag_S6,2013-08-01,298.8,50.18,0.6
Rudraprayag,Rudraprayag_S6,2013-09-01,180.1,47.57,0.6
Rudraprayag,Rudraprayag_S6,2013-10-01,81.1,37.38,0.6
Rudraprayag,Rudraprayag_S6,2013-11-01,43.1,31.88,0.6
Rudraprayag,Rudraprayag_S6,2013-12-01,45.7,28.95,0.6
Rudraprayag,Rudraprayag_S6,2014-01-01,25.9,31.49,0.6
Rudraprayag,Rudraprayag_S6,2014-02-01,22.6,28.5,0.6
Rudraprayag,Rudraprayag_S6,2014-03-01,38.7,27.68,0.6
Rudraprayag,Rudraprayag_S6,2014-04-01,57.5,30.52,0.6
Rudraprayag,Rudraprayag_S6,2014-05-01,84.3,29.35,0.6
Rudraprayag,Rudraprayag_S6,2014-06-01,211.3,31.64,0.6
Rudraprayag,Rudraprayag_S6,2014-07-01,298.2,39.47,0.6
Rudraprayag,Rudraprayag_S6,2014-08-01,248.3,42.66,0.6
Rudraprayag,Rudraprayag_S6,2014-09-01,195.3,40.17,0.6
Rudraprayag,Rudraprayag_S6,2014-10-01,93.0,41.05,0.6
Rudraprayag,Rudraprayag_S6,2014-11-01,40.4,31.99,0.6
Rudraprayag,Rudraprayag_S6,2014-12-01,48.2,28.8,0.6
Rudraprayag,Rudraprayag_S6,2015-01-01,24.2,29.43,0.6
Rudraprayag,Rudraprayag_S6,2015-02-01,25.4,28.95,0.6
Rudraprayag,Rudraprayag_S6,2015-03-01,39.7,26.85,0.6
Rudraprayag,Rudraprayag_S6,2015-04-01,63.8,29.66,0.6
Rudraprayag,Rudraprayag_S6,2015-05-01,79.0,30.7,0.6
Rudraprayag,Rudraprayag_S6,2015-06-01,200.7,28.31,0.6
Rudraprayag,Rudraprayag_S6,2015-07-01,275.0,41.1,0.6
Rudraprayag,Rudraprayag_S6,2015-08-01,294.0,44.76,0.6
Rudraprayag,Rudraprayag_S6,2015-09-01,189.1,40.96,0.6
Rudraprayag,Rudraprayag_S6,2015-10-01,77.7,34.78,0.6
Rudraprayag,Rudraprayag_S6,2015-11-01,34.3,31.04,0.6
Rudraprayag,Rudraprayag_S6,2015-12-01,36.8,26.26,0.6
Rudraprayag,Rudraprayag_S6,2016-01-01,39.8,30.28,0.6
Rudraprayag,Rudraprayag_S6,2016-02-01,37.9,27.78,0.6
Rudraprayag,Rudraprayag_S6,2016-03-01,65.1,30.58,0.6
Rudraprayag,Rudraprayag_S6,2016-04-01,87.3,28.47,0.6
Rudraprayag,Rudraprayag_S6,2016-05-01,112.9,30.66,0.6
Rudraprayag,Rudraprayag_S6,2016-06-01,301.5,34.18,0.6
Rudraprayag,Rudraprayag_S6,2016-07-01,395.9,41.51,0.6
Rudraprayag,Rudraprayag_S6,2016-08-01,368.9,47.8,0.6
Rudraprayag,Rudraprayag_S6,2016-09-01,216.2,48.11,0.6
Rudraprayag,Rudraprayag_S6,2016-10-01,99.7,36.34,0.6
Rudraprayag,Rudraprayag_S6,2016-11-01,48.8,29.15,0.6
Rudraprayag,Rudraprayag_S6,2016-12-01,61.5,26.28,0.6
Rudraprayag,Rudraprayag_S6,2017-01-01,26.6,29.8,0.6
Rudraprayag,Rudraprayag_S6,2017-02-01,21.6,27.57,0.6
Rudraprayag,Rudraprayag_S6,2017-03-01,39.3,28.15,0.6
Rudraprayag,Rudraprayag_S6,2017-04-01,44.6,27.23,0.6
Rudraprayag,Rudraprayag_S6,2017-05-01,60.3,25.84,0.6
Rudraprayag,Rudraprayag_S6,2017-06-01,202.7,25.23,0.6
Rudraprayag,Rudraprayag_S6,2017-07-01,281.1,41.14,0.6
Rudraprayag,Rudraprayag_S6,2017-08-01,213.1,41.05,0.6
Rudraprayag,Rudraprayag_S6,2017-09-01,145.4,36.62,0.6
Rudraprayag,Rudraprayag_S6,2017-10-01,63.9,33.24,0.6
Rudraprayag,Rudraprayag_S6,2017-11-01,34.1,26.45,0.6
Rudraprayag,Rudraprayag_S6,2017-12-01,34.8,25.82,0.6
Rudraprayag,Rudraprayag_S6,2018-01-01,24.3,29.2,0.6
Rudraprayag,Rudraprayag_S6,2018-02-01,27.1,27.13,0.6
Rudraprayag,Rudraprayag_S6,2018-03-01,45.0,25.35,0.6
Rudraprayag,Rudraprayag_S6,2018-04-01,55.9,25.55,0.6
Rudraprayag,Rudraprayag_S6,2018-05-01,83.0,27.01,0.6
Rudraprayag,Rudraprayag_S6,2018-06-01,210.4,28.59,0.6
Rudraprayag,Rudraprayag_S6,2018-07-01,297.4,39.13,0.6
Rudraprayag,Rudraprayag_S6,2018-08-01,316.2,39.47,0.6
Rudraprayag,Rudraprayag_S6,2018-09-01,167.9,38.3,0.6
Rudraprayag,Rudraprayag_S6,2018-10-01,90.2,33.02,0.6
Rudraprayag,Rudraprayag_S6,2018-11-01,42.8,29.5,0.6
Rudraprayag,Rudraprayag_S6,2018-12-01,43.5,24.95,0.6
Rudraprayag,Rudraprayag_S6,2019-01-01,26.0,27.17,0.6
Rudraprayag,Rudraprayag_S6,2019-02-01,26.7,27.26,0.6
Rudraprayag,Rudraprayag_S6,2019-03-01,38.4,25.86,0.6
Rudraprayag,Rudraprayag_S6,2019-04-01,54.8,25.17,0.6
Rudraprayag,Rudraprayag_S6,2019-05-01,83.0,26.27,0.6
Rudraprayag,Rudraprayag_S6,2019-06-01,250.8,25.99,0.6
Rudraprayag,Rudraprayag_S6,2019-07-01,300.3,36.38,0.6
Rudraprayag,Rudraprayag_S6,2019-08-01,226.2,39.61,0.6
Rudraprayag,Rudraprayag_S6,2019-09-01,189.7,33.67,0.6
Rudraprayag,Rudraprayag_S6,2019-10-01,78.8,36.62,0.6
Rudraprayag,Rudraprayag_S6,2019-11-01,46.5,28.94,0.6
Rudraprayag,Rudraprayag_S6,2019-12-01,44.8,23.84,0.6
Rudraprayag,Rudraprayag_S6,2020-01-01,29.3,23.74,0.6
Rudraprayag,Rudraprayag_S6,2020-02-01,26.4,23.99,0.6
Rudraprayag,Rudraprayag_S6,2020-03-01,41.6,27.01,0.6
Rudraprayag,Rudraprayag_S6,2020-04-01,58.5,26.88,0.6
Rudraprayag,Rudraprayag_S6,2020-05-01,90.6,28.65,0.6
Rudraprayag,Rudraprayag_S6,2020-06-01,237.7,28.02,0.6
Rudraprayag,Rudraprayag_S6,2020-07-01,306.8,34.72,0.6
Rudraprayag,Rudraprayag_S6,2020-08-01,332.3,35.97,0.6
Rudraprayag,Rudraprayag_S6,2020-09-01,175.0,40.21,0.6
Rudraprayag,Rudraprayag_S6,2020-10-01,72.5,31.53,0.6
Rudraprayag,Rudraprayag_S6,2020-11-01,36.9,26.53,0.6
Rudraprayag,Rudraprayag_S6,2020-12-01,46.5,27.11,0.6
Rudraprayag,Rudraprayag_S6,2021-01-01,30.0,25.33,0.6
Rudraprayag,Rudraprayag_S6,2021-02-01,28.4,26.29,0.6
Rudraprayag,Rudraprayag_S6,2021-03-01,42.9,22.57,0.6
Rudraprayag,Rudraprayag_S6,2021-04-01,55.6,28.54,0.6
Rudraprayag,Rudraprayag_S6,2021-05-01,92.3,25.23,0.6
Rudraprayag,Rudraprayag_S6,2021-06-01,235.4,28.37,0.6
Rudraprayag,Rudraprayag_S6,2021-07-01,337.6,35.59,0.6
Rudraprayag,Rudraprayag_S6,2021-08-01,304.6,37.9,0.6
Rudraprayag,Rudraprayag_S6,2021-09-01,186.2,38.76,0.6
Rudraprayag,Rudraprayag_S6,2021-10-01,78.6,32.96,0.6
Rudraprayag,Rudraprayag_S6,2021-11-01,39.0,25.53,0.6
Rudraprayag,Rudraprayag_S6,2021-12-01,55.3,23.7,0.6
Rudraprayag,Rudraprayag_S6,2022-01-01,40.6,25.33,0.6
Rudraprayag,Rudraprayag_S6,2022-02-01,34.7,24.39,0.6
Rudraprayag,Rudraprayag_S6,2022-03-01,55.0,25.89,0.6
Rudraprayag,Rudraprayag_S6,2022-04-01,68.5,25.98,0.6
Rudraprayag,Rudraprayag_S6,2022-05-01,98.4,25.58,0.6
Rudraprayag,Rudraprayag_S6,2022-06-01,279.4,27.82,0.6
Rudraprayag,Rudraprayag_S6,2022-07-01,445.9,31.69,0.6
Rudraprayag,Rudraprayag_S6,2022-08-01,391.2,41.59,0.6
Rudraprayag,Rudraprayag_S6,2022-09-01,219.7,40.88,0.6
Rudraprayag,Rudraprayag_S6,2022-10-01,107.2,34.15,0.6
Rudraprayag,Rudraprayag_S6,2022-11-01,58.3,27.4,0.6
Rudraprayag,Rudraprayag_S6,2022-12-01,52.5,26.65,0.6
Rudraprayag,Rudraprayag_S6,2023-01-01,31.3,25.58,0.6
Rudraprayag,Rudraprayag_S6,2023-02-01,31.3,22.93,0.6
Rudraprayag,Rudraprayag_S6,2023-03-01,46.5,23.29,0.6
Rudraprayag,Rudraprayag_S6,2023-04-01,57.5,24.59,0.6
Rudraprayag,Rudraprayag_S6,2023-05-01,87.1,24.0,0.6
Rudraprayag,Rudraprayag_S6,2023-06-01,220.8,27.8,0.6
Rudraprayag,Rudraprayag_S6,2023-07-01,292.2,30.04,0.6
Rudraprayag,Rudraprayag_S6,2023-08-01,300.8,35.49,0.6
Rudraprayag,Rudraprayag_S6,2023-09-01,210.2,36.55,0.6
Rudraprayag,Rudraprayag_S6,2023-10-01,81.0,30.64,0.6
Rudraprayag,Rudraprayag_S6,2023-11-01,46.5,24.61,0.6
Rudraprayag,Rudraprayag_S6,2023-12-01,48.4,23.61,0.6
Rudraprayag,Rudraprayag_S6,2024-01-01,21.3,24.7,0.6
Rudraprayag,Rudraprayag_S6,2024-02-01,24.6,21.92,0.6
Rudraprayag,Rudraprayag_S6,2024-03-01,34.0,21.37,0.6
Rudraprayag,Rudraprayag_S6,2024-04-01,37.0,24.27,0.6
Rudraprayag,Rudraprayag_S6,2024-05-01,68.6,23.49,0.6
Rudraprayag,Rudraprayag_S6,2024-06-01,163.5,25.61,0.6
Rudraprayag,Rudraprayag_S6,2024-07-01,252.3,29.58,0.6
Rudraprayag,Rudraprayag_S6,2024-08-01,205.3,35.85,0.6
Rudraprayag,Rudraprayag_S6,2024-09-01,140.7,31.89,0.6
Rudraprayag,Rudraprayag_S6,2024-10-01,62.4,26.33,0.6
Rudraprayag,Rudraprayag_S6,2024-11-01,32.6,24.42,0.6
Rudraprayag,Rudraprayag_S6,2024-12-01,31.1,21.88,0.6
Rudraprayag,Rudraprayag_S6,2025-01-01,26.3,21.89,0.6
Rudraprayag,Rudraprayag_S6,2025-02-01,30.1,20.58,0.6
Rudraprayag,Rudraprayag_S6,2025-03-01,44.1,21.95,0.6
Rudraprayag,Rudraprayag_S6,2025-04-01,50.5,23.44,0.6
Rudraprayag,Rudraprayag_S6,2025-05-01,93.9,22.97,0.6
Rudraprayag,Rudraprayag_S6,2025-06-01,228.7,23.5,0.6
Rudraprayag,Rudraprayag_S6,2025-07-01,323.1,28.26,0.6
Rudraprayag,Rudraprayag_S6,2025-08-01,307.7,38.21,0.6
Rudraprayag,Rudraprayag_S6,2025-09-01,193.4,34.38,0.6
Rudraprayag,Rudraprayag_S6,2025-10-01,95.1,27.71,0.6
Rudraprayag,Rudraprayag_S6,2025-11-01,42.5,25.23,0.6
Rudraprayag,Rudraprayag_S6,2025-12-01,47.1,24.82,0.6
